energy,tempo,danceability,loudness,liveness,valence,time_signature,speechiness,track_popularity,mode,key,duration_ms,acousticness
0.592,157.969,0.521,-7.777,0.122,0.535,3,0.0304,100,0,6,251668,0.308
0.507,104.978,0.747,-10.171,0.117,0.438,4,0.0358,97,1,2,210373,0.2
0.808,108.548,0.554,-4.169,0.159,0.372,4,0.0368,93,1,1,166300,0.214
0.91,112.966,0.67,-4.07,0.304,0.786,4,0.0634,81,0,0,157280,0.0939
0.783,149.027,0.777,-4.477,0.355,0.939,4,0.26,98,0,0,169917,0.0283
0.582,116.712,0.7,-5.96,0.0881,0.785,4,0.0356,94,0,11,218424,0.0502
0.561,150.069,0.669,-6.538,0.0954,0.841,4,0.0411,88,1,10,169698,0.495
0.247,148.101,0.467,-12.002,0.17,0.126,4,0.0431,93,0,6,261467,0.612
0.416,94.926,0.492,-10.439,0.203,0.297,4,0.0254,71,1,11,211979,0.686
0.722,119.973,0.769,-5.485,0.111,0.57,4,0.0507,92,0,11,256000,0.0584
0.667,130.019,0.776,-6.622,0.0761,0.618,4,0.0983,85,1,7,145219,0.0146
0.586,107.071,0.669,-6.073,0.104,0.579,4,0.054,88,1,9,186365,0.274
0.806,104.032,0.608,-3.443,0.191,0.587,4,0.0486,79,1,1,181821,0.121
0.709,81.012,0.722,-4.95,0.0804,0.604,4,0.0273,86,1,9,171292,0.0633
0.757,139.982,0.742,-4.981,0.305,0.957,4,0.0421,88,1,6,184841,0.0187
0.917,100.987,0.562,-2.768,0.488,0.501,4,0.117,86,0,11,229997,0.0513
0.787,109.939,0.734,-3.951,0.312,0.672,4,0.116,82,0,5,155757,0.126
0.843,122.064,0.619,-5.348,0.164,0.746,4,0.0284,86,0,5,204829,0.00948
0.406,115.94,0.53,-7.507,0.133,0.338,3,0.033,90,1,10,157147,0.656
0.782,119.992,0.727,-8.529,0.225,0.655,4,0.042,86,0,8,177599,0.0563
0.812,80.09,0.505,-3.986,0.444,0.664,4,0.461,88,1,1,255916,0.285
0.76,103.969,0.701,-5.478,0.185,0.69,4,0.0285,90,1,0,175459,0.107
0.725,116.988,0.894,-4.984,0.0815,0.838,4,0.0432,89,0,10,136627,0.00434
0.563,105.008,0.833,-5.593,0.139,0.343,4,0.204,82,0,4,182857,0.528
0.628,119.98,0.757,-6.715,0.221,0.321,4,0.101,85,0,4,217333,0.189
0.855,127.986,0.638,-4.86,0.245,0.731,4,0.0264,84,1,7,178206,0.00757
0.62,117.038,0.741,-5.505,0.0398,0.934,4,0.0412,77,1,10,251424,0.0295
0.339,97.989,0.705,-10.612,0.12,0.457,4,0.0278,84,1,7,236907,0.552
0.651,112.648,0.694,-6.968,0.0787,0.471,3,0.0784,93,1,6,225881,0.496
0.601,123.994,0.635,-6.129,0.11,0.332,4,0.0295,88,0,1,172533,0.246
0.691,167.029,0.836,-4.222,0.282,0.703,4,0.363,70,1,1,149461,0.00586
0.646,115.842,0.645,-8.334,0.074,0.295,4,0.0427,81,1,5,228639,0.0615
0.471,105.029,0.472,-5.692,0.14,0.219,3,0.0603,85,1,10,180304,0.151
0.709,194.055,0.744,-5.778,0.0847,0.712,4,0.284,84,0,6,130880,0.0501
0.904,167.033,0.739,-2.655,0.0948,0.788,4,0.0442,85,0,5,129883,0.549
0.604,159.92,0.561,-4.409,0.104,0.242,3,0.0337,89,1,9,210689,0.199
0.668,90.969,0.646,-5.203,0.212,0.64,4,0.0282,82,1,2,148318,0.491
0.668,128.027,0.924,-6.795,0.0678,0.787,4,0.0469,93,1,11,195824,0.446
0.454,159.982,0.689,-7.643,0.0707,0.912,4,0.0584,89,1,2,159246,0.0351
0.386,192.004,0.504,-10.976,0.0961,0.281,4,0.0308,84,1,11,228965,0.502
0.681,155.079,0.56,-6.304,0.106,0.388,4,0.244,89,0,6,223320,0.103
0.472,101.061,0.898,-7.001,0.141,0.214,4,0.0776,88,1,1,274192,0.0107
0.711,146.921,0.487,-4.22,0.152,0.317,4,0.0322,85,1,8,151647,0.000175
0.712,91.98,0.848,-3.574,0.106,0.692,4,0.0981,84,0,1,298131,0.221
0.645,114.933,0.882,-7.233,0.057,0.788,4,0.0601,87,1,1,104419,0.475
0.872,184.115,0.466,-3.344,0.121,0.806,4,0.0336,89,1,7,190428,0.0156
0.756,116.034,0.66,-3.743,0.193,0.838,4,0.032,92,0,0,170888,0.00289
0.508,147.125,0.579,-9.484,0.0575,0.609,4,0.027,81,1,2,391376,0.00574
0.89,133.52,0.502,-5.175,0.217,0.259,4,0.0364,83,1,4,292880,0.000147
0.446,123.596,0.743,-7.807,0.337,0.278,4,0.0683,82,0,4,232107,0.0039
0.43,91.844,0.515,-9.935,0.129,0.104,4,0.0372,86,1,7,238640,0.0097
0.824,120.125,0.5,-5.846,0.0916,0.539,4,0.0388,76,0,4,218920,0.00016
0.767,96.483,0.592,-2.788,0.127,0.328,4,0.027,81,0,9,329733,0.0021
0.952,125.304,0.445,-5.321,0.112,0.624,4,0.0522,84,1,6,356067,0.09
0.795,158.691,0.464,-9.267,0.399,0.612,4,0.0926,81,1,1,202267,0.0493
0.492,120.151,0.828,-9.744,0.128,0.789,4,0.0276,84,1,0,257800,0.0644
0.881,158.066,0.413,-5.541,0.0805,0.364,4,0.0367,81,0,11,250547,5.99E-05
0.716,94.379,0.535,-5.025,0.659,0.901,4,0.0431,77,1,4,175173,0.326
0.322,93.503,0.475,-10.687,0.11,0.387,4,0.0283,79,1,7,206267,0.367
0.394,104.114,0.693,-15.882,0.247,0.721,4,0.0428,74,1,0,238747,0.0782
0.899,152.445,0.475,-4.321,0.14,0.603,4,0.0637,72,0,9,230667,0.00375
0.943,85.064,0.442,-3.205,0.091,0.781,4,0.0602,80,1,3,181533,0.00293
0.345,84.581,0.559,-13.496,0.141,0.458,4,0.0459,82,1,4,264307,0.0576
0.814,147.193,0.673,-5.411,0.343,0.728,4,0.0367,70,1,9,252200,0.0134
0.767,127.361,0.532,-5.509,0.39,0.755,4,0.0574,81,1,7,210173,0.00287
0.863,136.302,0.723,-7.89,0.128,0.931,4,0.0338,76,1,2,222813,0.0383
0.449,100.456,0.486,-10.298,0.54,0.549,4,0.0267,76,1,5,254293,0.166
0.902,89.74,0.412,-11.6,0.405,0.422,4,0.405,72,1,9,333893,0.0484
0.722,103.886,0.55,-11.729,0.11,0.716,4,0.0283,70,0,11,434720,0.25
0.944,105.338,0.394,-6.506,0.298,0.265,4,0.0761,77,0,10,292581,0.00178
0.952,122.093,0.398,-6.042,0.1,0.584,4,0.061,72,1,4,278680,0.000373
0.917,171.176,0.356,-6.006,0.406,0.518,4,0.0479,79,1,9,357267,0.0335
0.589,124.634,0.455,-8.64,0.104,0.254,4,0.0328,75,1,11,283733,0.00184
0.805,113.253,0.438,-6.237,0.0842,0.564,4,0.0624,72,1,8,240800,0.00255
0.239,189.507,0.446,-13.945,0.0697,0.298,4,0.0316,76,1,0,336453,0.551
0.521,123.118,0.721,-8.123,0.127,0.942,4,0.0613,76,1,2,261413,0.0708
0.67,129.269,0.619,-10.322,0.331,0.777,4,0.0353,71,0,11,211933,0.00165
0.828,105.25,0.539,-9.108,0.154,0.562,4,0.035,70,0,4,515387,0.00067
0.487,114.965,0.73,-10.991,0.0852,0.731,4,0.0303,79,1,4,226653,0.258
0.697,116.109,0.741,-7.028,0.133,0.774,4,0.0277,84,1,0,160133,0.0664
0.579,127.215,0.62,-9.307,0.0858,0.691,4,0.0473,69,1,4,225627,0.0152
0.912,116.761,0.502,-4.556,0.106,0.72,4,0.0564,76,1,1,301920,2.55E-05
0.833,88.785,0.466,-4.215,0.0327,0.661,4,0.304,78,1,7,313573,0.0266
0.376,164.775,0.53,-11.913,0.0926,0.188,4,0.04,75,0,9,259947,0.0304
0.786,126.755,0.482,-5.735,0.446,0.793,4,0.032,73,1,7,323000,0.00321
0.789,129.802,0.674,-6.903,0.0753,0.918,4,0.0676,78,1,8,121160,0.00178
0.441,81.334,0.519,-14.178,0.076,0.25,4,0.0353,76,1,4,234973,0.0204
0.836,113.375,0.743,-6.465,0.384,0.82,4,0.116,80,1,2,188987,0.0804
0.528,109.975,0.932,-6.472,0.163,0.757,4,0.161,71,0,5,214653,0.115
0.905,128.019,0.602,-4.046,0.117,0.411,4,0.0775,75,1,2,304840,0.000202
0.519,98.883,0.653,-10.164,0.101,0.822,4,0.0497,76,1,2,153693,0.406
0.946,138.18,0.454,-5.978,0.173,0.647,4,0.13,68,0,1,156147,0.0223
0.828,105.435,0.35,-5.373,0.0774,0.147,4,0.041,76,1,6,318587,0.000217
0.349,124.348,0.489,-14.295,0.0866,0.622,4,0.0323,70,0,2,196467,0.676
0.872,159.925,0.587,-5.066,0.622,0.735,4,0.0484,73,1,7,221333,0.018
0.808,151.008,0.577,-7.04,0.221,0.869,4,0.039,75,0,1,290280,0.0338
0.758,112.113,0.489,-6.491,0.092,0.435,4,0.0297,72,1,7,371413,0.000678
0.932,112.937,0.564,-10.068,0.349,0.619,4,0.0554,75,1,11,146250,0.013
0.338,177.765,0.388,-10.054,0.248,0.478,4,0.0329,76,1,10,303373,0.652
0.7,188.386,0.31,-5.678,0.0828,0.763,4,0.047,83,1,9,255493,0.011
0.691,137.145,0.548,-13.553,0.144,0.667,4,0.0369,74,0,4,261933,0.015
0.532,136.576,0.601,-9.119,0.0925,0.342,4,0.0286,79,1,10,281613,0.433
0.641,203.006,0.256,-10.283,0.0853,0.382,4,0.0552,79,1,1,281160,0.199
0.755,109.535,0.667,-7.246,0.0523,0.883,4,0.069,68,1,9,286220,0.0966
0.373,92.718,0.671,-18.064,0.0481,0.732,4,0.0323,83,1,9,295893,0.257
0.927,141.466,0.333,-8.55,0.297,0.385,4,0.0733,75,0,9,308120,0.0029
0.787,126.879,0.767,-9.897,0.0513,0.964,4,0.0331,77,1,3,266200,0.0163
0.366,127.163,0.472,-12.595,0.0837,0.171,4,0.0286,71,0,11,382297,0.15
0.864,81.394,0.437,-7.842,0.242,0.749,4,0.0904,69,0,4,295387,0.396
0.584,170.411,0.509,-4.907,0.384,0.685,4,0.057,69,1,0,278747,0.0368
0.912,117.399,0.575,-7.275,0.0562,0.843,4,0.0393,69,0,7,207267,0.0916
0.611,85.387,0.654,-10.45,0.405,0.786,4,0.119,69,1,2,235000,0.0337
0.482,138.453,0.529,-11.709,0.0842,0.492,4,0.0599,74,0,4,516893,0.7
0.748,134.114,0.618,-8.905,0.0473,0.663,4,0.358,77,1,0,191947,0.0384
0.7,147.245,0.586,-9.558,0.0318,0.897,4,0.0363,69,1,0,295400,0.0589
0.318,104.522,0.575,-16.729,0.0934,0.385,4,0.109,74,1,0,254173,0.683
0.706,80.823,0.445,-9.803,0.205,0.768,4,0.0461,70,1,8,266720,0.234
0.913,115.728,0.574,-4.793,0.156,0.423,4,0.133,84,0,6,208400,0.061
0.495,124.936,0.532,-6.662,0.0754,0.308,4,0.0343,79,1,10,214240,0.659
0.875,75.009,0.284,-6.069,0.402,0.595,4,0.0422,73,0,11,340907,0.00752
0.737,103.867,0.662,-9.54,0.119,0.744,4,0.0296,69,1,0,329800,0.108
0.936,91.577,0.666,-9.919,0.153,0.776,4,0.0476,72,1,7,282907,0.00244
0.432,94.605,0.475,-7.844,0.161,0.648,4,0.0302,79,1,7,153467,0.183
0.549,176.941,0.516,-13.741,0.184,0.907,4,0.0373,73,1,6,288733,0.501
0.751,89.839,0.421,-9.584,0.17,0.789,4,0.0472,72,1,9,145867,0.2
0.938,168.131,0.324,-7.332,0.0961,0.543,4,0.102,71,0,6,178440,0.032
0.953,84.989,0.267,-4.899,0.283,0.568,4,0.096,72,0,1,267307,0.00211
0.919,135.997,0.465,-4.025,0.262,0.537,4,0.0408,73,1,4,235293,1.83E-05
0.58,127.402,0.741,-9.05,0.212,0.944,4,0.0304,70,1,4,171267,0.117
0.72,121.864,0.404,-9.18,0.0466,0.475,4,0.0623,73,0,10,258467,5.59E-05
0.927,170.814,0.215,-7.327,0.126,0.49,4,0.0452,72,1,9,194853,0.000273
0.801,133.769,0.651,-7.34,0.0825,0.776,4,0.0514,70,1,0,200480,0.123
0.262,122.861,0.481,-15.73,0.832,0.375,4,0.0414,75,1,7,334744,0.735
0.449,84.383,0.623,-13.333,0.0613,0.573,4,0.0253,75,1,5,256000,0.212
0.476,148.117,0.389,-9.342,0.255,0.566,4,0.0316,73,1,9,217107,0.619
0.978,141.167,0.526,-5.436,0.0744,0.451,4,0.108,72,1,8,210227,0.00122
0.842,100.127,0.297,-7.457,0.0848,0.586,4,0.0488,72,1,6,206773,0.000286
0.944,146.347,0.27,-4.199,0.116,0.606,4,0.0975,70,1,4,269920,0.00501
0.182,136.094,0.349,-13.507,0.143,0.178,3,0.031,69,1,5,191973,0.92
0.164,58.303,0.136,-18.756,0.109,0.071,4,0.0364,68,0,4,166867,0.911
0.00527,170.612,0.184,-37.264,0.173,0.151,3,0.0432,68,0,1,315427,0.995
0.449,92.468,0.447,-10.634,0.0697,0.036,4,0.0376,75,1,2,315427,0.934
0.812,80.09,0.505,-3.986,0.444,0.664,4,0.461,88,1,1,255916,0.285
0.507,130.007,0.872,-6.323,0.111,0.506,4,0.072,76,0,4,158667,0.195
0.802,128.085,0.835,-4.286,0.0882,0.374,4,0.243,71,1,7,143778,0.0311
0.533,120.011,0.794,-8.206,0.207,0.15,4,0.0591,73,1,9,179023,0.14
0.722,119.973,0.769,-5.485,0.111,0.57,4,0.0507,92,0,11,256000,0.0584
0.684,166.976,0.832,-4.691,0.229,0.68,4,0.359,78,1,1,149461,0.00449
0.642,111.907,0.65,-5.332,0.0855,0.186,4,0.04,70,1,2,127154,0.00502
0.699,129.054,0.92,-6.635,0.0745,0.484,4,0.358,72,1,11,138180,0.00768
0.628,119.98,0.757,-6.715,0.221,0.321,4,0.101,85,0,4,217333,0.189
0.709,78.53,0.749,-6.385,0.329,0.564,4,0.259,73,1,6,181166,0.155
0.69,125.951,0.853,-5.858,0.0835,0.471,4,0.0647,78,1,10,137143,0.0771
0.754,131.001,0.863,-5.851,0.0913,0.301,4,0.0611,77,1,11,139197,0.00125
0.4,106.682,0.608,-9.519,0.119,0.089,5,0.32,69,1,1,159228,0.029
0.509,157.94,0.662,-9.159,0.266,0.549,4,0.322,70,1,1,136709,0.247
0.663,143.082,0.76,-4.763,0.305,0.209,4,0.0551,81,0,9,148053,0.109
0.761,147.216,0.649,-4.204,0.207,0.313,4,0.152,73,1,8,150204,0.00694
0.663,184.057,0.672,-5.984,0.134,0.381,4,0.243,76,1,3,138324,0.112
0.681,114.991,0.884,-5.839,0.277,0.324,4,0.149,69,1,8,184294,0.0439
0.723,139.942,0.783,-4.881,0.159,0.294,4,0.135,76,1,1,278001,0.0264
0.831,139.905,0.652,-5.972,0.269,0.648,4,0.264,68,0,10,150997,0.0111
0.525,75.013,0.776,-6.723,0.108,0.467,4,0.137,70,1,1,217613,0.0366
0.5,63.925,0.427,-8.269,0.127,0.269,5,0.141,76,1,0,180000,0.286
0.586,125.845,0.731,-7.564,0.0987,0.147,4,0.172,77,0,1,199165,0.116
0.552,144.941,0.64,-5.679,0.119,0.112,4,0.129,84,1,2,228267,0.0215
0.472,101.061,0.898,-7.001,0.141,0.214,4,0.0776,88,1,1,274192,0.0107
0.859,129.77,0.77,-3.382,0.673,0.64,4,0.275,85,0,10,207273,0.362
0.685,121.991,0.731,-4.707,0.0865,0.458,4,0.12,72,0,11,167229,0.054
0.578,124.005,0.916,-6.275,0.113,0.192,4,0.124,74,1,11,159894,0.00349
0.574,146.007,0.694,-6.144,0.082,0.286,4,0.0483,79,0,1,126356,0.193
0.867,131.041,0.902,-3.108,0.142,0.799,4,0.225,68,0,10,132338,0.0678
0.692,140.203,0.637,-7.231,0.345,0.427,4,0.164,73,0,1,164366,0.0153
0.478,104.563,0.675,-10.201,0.127,0.39,4,0.512,69,1,1,210286,0.0731
0.878,82.557,0.661,-4.099,0.381,0.514,4,0.31,87,1,1,165413,0.00289
0.396,78.022,0.726,-9.121,0.527,0.413,4,0.283,73,0,5,197428,0.269
0.711,117.038,0.974,-5.206,0.0888,0.328,4,0.194,72,0,11,126832,0.0988
0.527,77.499,0.824,-5.506,0.368,0.212,4,0.118,74,1,8,155391,0.149
0.752,158.042,0.638,-6.227,0.17,0.242,4,0.0385,72,0,1,170188,0.0066
0.826,108.52,0.654,-2.93,0.131,0.417,5,0.354,71,0,6,256227,0.0153
0.472,101.061,0.898,-7.001,0.141,0.214,4,0.0776,88,1,1,274192,0.0107
0.764,140.113,0.882,-5.241,0.119,0.886,4,0.204,81,1,11,140733,0.359
0.552,144.941,0.64,-5.679,0.119,0.112,4,0.129,84,1,2,228267,0.0215
0.632,123.987,0.848,-7.381,0.282,0.253,4,0.277,68,1,2,171198,0.398
0.805,142.096,0.548,-5.732,0.408,0.649,4,0.351,76,1,7,216387,0.212
0.631,121.854,0.772,-5.082,0.129,0.433,4,0.0431,70,1,10,173253,0.0648
0.702,125.089,0.871,-8.025,0.0912,0.675,4,0.253,69,1,5,131286,0.296
0.57,142.974,0.787,-5.881,0.135,0.733,4,0.225,69,1,3,223879,0.0449
0.583,116.624,0.709,-5.298,0.195,0.533,4,0.204,79,0,5,182667,0.138
0.592,159.98,0.82,-7.002,0.121,0.4,4,0.29,78,1,1,196180,0.0149
0.68,144.006,0.85,-6.18,0.0964,0.694,1,0.338,70,0,3,173333,0.732
0.758,165.409,0.681,-6.524,0.555,0.331,4,0.188,73,1,1,220584,0.00465
0.413,131.964,0.772,-8.194,0.111,0.211,4,0.0891,77,0,0,246213,0.0361
0.658,151.951,0.752,-6.297,0.0927,0.387,4,0.342,70,1,0,213520,0.0421
0.732,142.791,0.548,-5.652,0.269,0.612,4,0.336,71,0,11,127547,0.125
0.676,143.477,0.594,-5.808,0.163,0.472,4,0.344,69,1,2,181145,0.135
0.618,99.7,0.49,-5.655,0.259,0.286,4,0.104,68,1,1,201600,0.0221
0.35,77.528,0.822,-12.207,0.0757,0.346,4,0.574,68,0,1,186000,0.0213
0.946,150.141,0.804,-5.949,0.359,0.745,4,0.352,70,1,7,146880,0.002
0.626,143.01,0.819,-4.574,0.167,0.415,4,0.202,78,0,10,195906,0.00748
0.592,188.051,0.696,-6.281,0.127,0.232,4,0.319,72,1,1,122680,0.152
0.547,138.05,0.92,-4.98,0.0998,0.606,4,0.272,70,0,6,89536,0.0241
0.395,76.984,0.793,-5.578,0.109,0.128,4,0.385,69,1,1,213287,0.277
0.774,130.007,0.867,-5.791,0.157,0.549,4,0.315,69,0,11,142498,0.11
0.449,136.006,0.578,-6.349,0.119,0.1,4,0.286,73,1,1,192956,0.0618
0.673,165.921,0.529,-4.711,0.093,0.366,4,0.175,80,1,0,218365,0.000307
0.73,156.953,0.729,-5.14,0.118,0.41,4,0.261,75,0,11,191399,0.00165
0.487,127.05,0.964,-6.071,0.115,0.108,4,0.421,77,0,10,154024,0.00127
0.732,149.012,0.841,-5.186,0.136,0.576,4,0.19,73,0,7,143480,0.0115
0.611,134.093,0.711,-5.453,0.23,0.144,4,0.33,79,1,1,252262,0.00588
0.733,130.029,0.847,-6.439,0.151,0.202,4,0.16,80,0,10,193591,0.00574
0.48,143.029,0.846,-8.618,0.0989,0.419,4,0.359,68,0,8,169532,0.269
0.575,120.031,0.88,-6.091,0.109,0.671,4,0.163,71,1,6,232048,0.415
0.727,150.062,0.477,-4.053,0.108,0.227,4,0.286,70,1,2,236524,0.000866
0.495,137.027,0.853,-14.63,0.0844,0.0774,4,0.14,68,1,6,243228,0.0917
0.434,150.062,0.833,-8.795,0.165,0.281,4,0.431,81,1,2,204600,0.0102
0.564,77.972,0.856,-6.295,0.134,0.483,4,0.392,70,0,6,135960,0.00327
0.67,139.956,0.79,-5.527,0.119,0.408,4,0.105,75,1,1,195950,0.377
0.733,97.974,0.825,-5.625,0.112,0.62,4,0.0969,75,0,1,190331,0.349
0.567,75.965,0.574,-7.126,0.258,0.526,4,0.465,78,0,7,229938,0.164
0.434,150.062,0.833,-8.795,0.165,0.281,4,0.431,81,1,2,204600,0.0102
0.665,94.329,0.583,-3.885,0.112,0.463,4,0.18,75,1,1,155368,0.314
0.346,119.957,0.963,-9.309,0.108,0.562,4,0.53,75,0,5,142273,0.0355
0.577,148.107,0.797,-5.617,0.301,0.17,4,0.195,72,1,1,206031,0.0174
0.59,119.97,0.88,-4.709,0.184,0.723,4,0.204,68,0,8,170000,0.08
0.631,129.902,0.807,-4.883,0.117,0.126,4,0.111,70,1,8,213613,0.407
0.413,131.964,0.772,-8.194,0.111,0.211,4,0.0891,77,0,0,246213,0.0361
0.822,165.946,0.513,-4.51,0.11,0.768,4,0.383,69,1,1,204668,0.14
0.666,127.079,0.926,-5.314,0.123,0.168,4,0.244,70,1,11,343150,0.0611
0.575,145.95,0.713,-6.706,0.169,0.189,4,0.0501,72,1,1,226400,0.00669
0.586,124.041,0.808,-7.242,0.14,0.568,4,0.169,68,0,10,263288,0.641
0.676,162.012,0.814,-4.67,0.119,0.312,4,0.231,83,0,11,267707,0.00709
0.928,109.966,0.616,-2.34,0.156,0.23,4,0.043,70,0,9,230182,0.0168
0.542,135.14,0.926,-5.064,0.0877,0.564,4,0.293,70,1,1,181929,0.135
0.637,135.055,0.851,-6.149,0.227,0.616,4,0.104,73,1,0,179556,0.225
0.718,128.14,0.76,-3.017,0.0982,0.557,4,0.232,72,1,1,191295,0.348
0.748,115.01,0.752,-3.755,0.105,0.497,4,0.0895,70,1,6,295304,0.289
0.536,119.967,0.689,-8.861,0.169,0.349,4,0.174,69,1,8,341135,0.25
0.531,118.96,0.566,-6.635,0.179,0.367,4,0.0716,73,1,6,227518,0.192
0.657,124.992,0.883,-5.748,0.128,0.284,4,0.305,77,1,8,172933,0.0603
0.88,92.055,0.753,-3.165,0.146,0.582,4,0.081,73,1,11,127826,0.455
0.496,86.003,0.889,-6.365,0.252,0.544,4,0.0905,74,0,4,180522,0.259
0.708,96.914,0.712,-5.715,0.29,0.634,4,0.247,71,0,10,165773,0.404
0.696,120.146,0.744,-5.015,0.0808,0.406,4,0.117,69,0,8,260493,0.71
0.629,140.101,0.523,-4.058,0.323,0.209,4,0.0549,68,1,1,283121,0.156
0.735,99.827,0.697,-4.16,0.099,0.403,3,0.0497,73,0,10,162970,0.172
0.671,147.037,0.607,-6.934,0.128,0.316,4,0.0863,68,0,4,137143,0.403
0.486,110.964,0.784,-6.497,0.101,0.0894,4,0.0475,80,0,5,265996,0.0538
0.583,116.624,0.709,-5.298,0.195,0.533,4,0.204,79,0,5,182667,0.138
0.385,129.958,0.69,-8.444,0.236,0.19,4,0.0817,68,1,0,226101,0.181
0.411,172.445,0.722,-9.963,0.0976,0.503,3,0.387,70,0,2,142026,0.509
0.484,133.03,0.93,-5.486,0.0922,0.747,4,0.259,70,1,2,144361,0.355
0.6,113.903,0.883,-7.188,0.0931,0.691,4,0.37,72,1,7,156430,0.114
0.73,155.008,0.834,-3.714,0.124,0.446,4,0.222,81,1,8,312820,0.00513
0.668,87.973,0.573,-4.356,0.109,0.145,4,0.0467,82,0,7,199920,0.189
0.603,135.993,0.735,-9.474,0.0844,0.429,4,0.203,71,0,6,326937,0.226
0.637,171.264,0.567,-4.032,0.235,0.882,3,0.298,68,0,9,131765,0.499
0.874,118.079,0.774,-5.641,0.413,0.927,4,0.0488,75,0,5,174053,0.142
0.792,113.981,0.749,-4.621,0.0712,0.903,4,0.0402,76,1,5,172632,0.308
0.812,100.049,0.455,-3.455,0.199,0.823,4,0.211,68,1,8,184249,0.372
0.648,93.2,0.737,-5.493,0.105,0.746,4,0.138,77,1,1,259354,0.252
0.814,93.482,0.683,-3.505,0.0858,0.758,4,0.0466,78,1,2,156826,0.277
0.683,145.379,0.501,-7.881,0.0685,0.623,5,0.211,71,0,6,161379,0.109
0.634,101.837,0.502,-3.367,0.188,0.645,3,0.144,72,0,8,219628,0.677
0.651,112.648,0.694,-6.968,0.0787,0.471,3,0.0784,93,1,6,225881,0.496
0.581,99.973,0.805,-5.091,0.0933,0.528,4,0.0601,86,0,6,177600,0.0303
0.563,105.008,0.833,-5.593,0.139,0.343,4,0.204,82,0,4,182857,0.528
0.737,101.923,0.779,-4.667,0.0974,0.445,4,0.109,76,1,11,170366,0.134
0.662,95.999,0.863,-5.855,0.334,0.307,4,0.21,72,0,4,248363,0.0843
0.482,100.029,0.69,-6.335,0.0728,0.356,4,0.2,88,0,7,149074,0.523
0.668,128.027,0.924,-6.795,0.0678,0.787,4,0.0469,93,1,11,195824,0.446
0.762,90.025,0.816,-2.864,0.0845,0.782,4,0.0565,72,1,0,218701,0.534
0.718,105.002,0.848,-4.385,0.116,0.564,4,0.0557,74,0,9,165901,0.183
0.712,91.98,0.848,-3.574,0.106,0.692,4,0.0981,84,0,1,298131,0.221
0.627,155.865,0.687,-4.975,0.0893,0.47,4,0.181,78,1,7,206066,0.326
0.483,171.831,0.753,-6.436,0.0681,0.826,4,0.273,72,0,3,177209,0.0189
0.724,101.097,0.556,-3.165,0.217,0.681,3,0.119,82,1,0,246889,0.267
0.442,100.021,0.776,-8.99,0.0723,0.838,4,0.0575,81,0,6,136944,0.319
0.614,119.893,0.658,-6.981,0.092,0.465,3,0.0324,79,1,10,178337,0.105
0.681,155.079,0.56,-6.304,0.106,0.388,4,0.244,89,0,6,223320,0.103
0.719,104.033,0.707,-4.963,0.371,0.701,4,0.0395,76,0,4,162205,0.223
0.536,97.541,0.716,-7.798,0.208,0.359,3,0.0328,84,0,2,240669,0.452
0.594,125.01,0.694,-8.39,0.131,0.672,3,0.0366,75,0,8,307565,0.396
0.752,100.076,0.841,-4.735,0.949,0.67,4,0.105,86,1,2,214643,0.167
0.709,194.055,0.744,-5.778,0.0847,0.712,4,0.284,79,0,6,130880,0.0501
0.707,82.045,0.786,-4.386,0.121,0.691,4,0.0635,84,0,7,225373,0.0399
0.832,98.582,0.742,-4.267,0.296,0.716,4,0.0325,82,1,8,195846,0.0857
0.616,104.008,0.773,-4.516,0.145,0.25,4,0.0416,72,1,0,190107,0.0565
0.689,120.208,0.724,-7.174,0.0922,0.936,3,0.0524,89,0,7,146141,0.573
0.74,117.955,0.748,-3.643,0.087,0.618,4,0.0387,75,0,7,198607,0.0292
0.856,136,0.691,-5.035,0.0876,0.713,3,0.0536,75,0,6,157500,0.2
0.464,79.503,0.373,-8.606,0.127,0.301,3,0.256,80,0,4,237908,0.86
0.783,103.001,0.705,-4.783,0.0984,0.454,4,0.0403,86,0,9,172427,0.138
0.631,111.93,0.706,-5.812,0.227,0.289,4,0.0366,80,0,0,171429,0.656
0.445,156.023,0.55,-9.548,0.507,0.512,4,0.0847,73,1,7,166159,0.262
0.764,148.853,0.666,-6.297,0.347,0.729,4,0.116,85,0,4,163115,0.366
0.162,184.784,0.459,-11.634,0.137,0.483,3,0.0425,79,1,0,153609,0.929
0.834,139.995,0.783,-4.623,0.0903,0.92,3,0.029,81,0,3,160714,0.539
0.682,100.036,0.75,-3.825,0.112,0.618,4,0.0945,79,1,10,165178,0.168
0.578,199.997,0.734,-4.147,0.113,0.88,4,0.295,82,1,1,142022,0.155
0.513,109.935,0.745,-9.116,0.216,0.929,3,0.087,88,1,1,154620,0.783
0.824,124.997,0.747,-4.353,0.282,0.793,3,0.0348,77,0,7,168547,0.184
0.787,165.07,0.809,-3.826,0.0653,0.9,4,0.125,68,1,8,148152,0.126
0.356,169.653,0.529,-6.612,0.136,0.659,3,0.0569,85,1,3,150523,0.29
0.806,123.009,0.763,-4.946,0.0612,0.594,4,0.0532,73,1,2,193521,0.0012
0.872,128.924,0.816,-4.27,0.254,0.94,4,0.0442,77,0,11,157209,0.25
0.896,90.622,0.662,-5.311,0.186,0.79,4,0.251,68,0,5,305280,0.318
0.59,161.989,0.864,-8.768,0.093,0.579,4,0.499,69,1,1,168560,0.0196
0.63,81.009,0.72,-5.549,0.108,0.512,4,0.0413,70,1,10,230292,0.615
0.573,82.941,0.603,-5.843,0.0971,0.236,4,0.0502,68,1,1,228855,0.478
0.468,135.875,0.483,-7.642,0.152,0.319,4,0.0341,73,1,8,247941,0.784
0.519,122.925,0.562,-8.744,0.172,0.415,4,0.0326,70,1,3,341055,0.557
0.481,124.914,0.534,-9.016,0.142,0.293,4,0.0412,71,0,0,280282,0.697
0.866,140.266,0.526,-5.822,0.0945,0.248,4,0.0568,84,1,0,253587,0.00287
0.903,132.009,0.562,-4.46,0.298,0.791,4,0.0296,68,0,8,221000,0.000187
0.585,109.942,0.775,-9.516,0.077,0.518,4,0.0271,74,0,10,337560,0.0422
0.957,105.105,0.606,-3.404,0.14,0.603,4,0.0814,72,1,2,213800,0.00117
0.94,100.99,0.438,-3.249,0.3,0.421,3,0.0452,73,1,2,261000,8.74E-05
0.795,79.028,0.801,-5.115,0.0717,0.754,4,0.0504,81,0,1,163253,0.0417
0.509,119.945,0.578,-6.229,0.344,0.586,4,0.0279,80,1,2,74379,0.13
0.62,117.038,0.741,-5.505,0.0398,0.934,4,0.0412,79,1,10,251424,0.0295
0.643,103.842,0.633,-8.122,0.78,0.472,4,0.0252,78,1,0,130385,0.106
0.593,120.509,0.565,-5.864,0.215,0.429,4,0.0883,78,1,8,157974,0.0288
0.749,164.959,0.593,-5.67,0.314,0.649,4,0.0475,77,1,5,309053,0.0113
0.518,151.891,0.815,-6.594,0.104,0.877,4,0.0897,77,0,7,177667,0.223
0.846,103.912,0.611,-5.9,0.0784,0.751,4,0.0436,77,1,11,162920,0.00509
0.924,168.017,0.598,-4.974,0.17,0.611,4,0.0623,76,0,6,162339,0.0205
0.828,112.056,0.654,-5.377,0.122,0.79,4,0.0281,76,0,1,183893,0.00146
0.901,113.967,0.621,-5.396,0.0875,0.744,4,0.0302,74,1,2,300773,0.17
0.509,119.869,0.898,-7.973,0.0876,0.727,4,0.062,74,1,5,181507,0.391
0.94,100.99,0.438,-3.249,0.3,0.421,3,0.0452,73,1,2,261000,8.74E-05
0.572,131.272,0.636,-7.797,0.0878,0.66,4,0.0913,73,1,9,192128,0.287
0.603,102.99,0.66,-7.7,0.0751,0.527,4,0.025,73,0,3,214087,0.00566
0.798,126.976,0.502,-5.909,0.0979,0.307,4,0.0414,72,1,1,234933,0.00291
0.684,209.688,0.633,-4.314,0.112,0.725,4,0.591,71,0,10,213573,0.314
0.351,87.057,0.665,-9.424,0.109,0.451,4,0.0276,71,1,2,126120,0.516
0.521,106.035,0.539,-7.46,0.367,0.679,4,0.0299,69,1,9,183440,0.00425
0.544,121.968,0.823,-10.077,0.108,0.826,4,0.0358,69,1,5,162663,0.389
0.658,150.093,0.615,-7.299,0.205,0.293,4,0.0343,68,1,5,227080,0.096
0.501,134.014,0.781,-9.767,0.0908,0.961,4,0.0333,68,1,3,177818,0.66
0.501,87.086,0.668,-13.119,0.194,0.858,4,0.0629,73,1,4,214880,0.342
0.361,121.059,0.606,-16.031,0.38,0.621,4,0.0346,70,1,9,173467,0.264
0.361,187.711,0.363,-14.398,0.154,0.612,3,0.0499,68,1,9,152867,0.623
0.586,78.259,0.434,-7.612,0.146,0.239,4,0.138,80,1,9,239613,0.753
0.545,159.94,0.545,-7.362,0.417,0.549,3,0.107,87,1,9,184516,0.667
0.364,75.24,0.524,-10.209,0.1,0.436,4,0.0367,84,1,7,209831,0.808
0.507,86.412,0.662,-8.238,0.0465,0.676,4,0.118,79,1,5,223440,0.257
0.607,81.001,0.684,-8.127,0.191,0.498,4,0.1,85,0,11,195373,0.0267
0.551,143.008,0.559,-7.231,0.11,0.392,4,0.132,86,1,5,201800,0.141
0.444,118.402,0.609,-9.129,0.104,0.166,3,0.106,81,1,7,228707,0.603
0.394,117.489,0.689,-10.102,0.0859,0.382,3,0.065,78,0,2,212992,0.711
0.551,92.887,0.911,-3.75,0.0863,0.969,4,0.045,78,0,8,265867,0.133
0.693,86.009,0.662,-4.298,0.145,0.655,4,0.0698,74,1,3,252120,0.134
0.684,112.912,0.692,-7.364,0.156,0.406,4,0.155,80,1,6,231253,0.131
0.239,113.451,0.372,-11.314,0.168,0.127,4,0.0296,79,0,6,102813,0.856
0.307,92.995,0.81,-7.215,0.0779,0.697,4,0.12,80,1,9,82509,0.16
0.352,102.679,0.45,-11.733,0.249,0.408,4,0.267,75,0,1,252747,0.649
0.695,90.119,0.665,-5.763,0.106,0.707,4,0.0532,72,1,0,227387,0.347
0.609,95.986,0.652,-7.519,0.233,0.482,3,0.037,76,0,11,210200,0.263
0.284,99.796,0.358,-8.285,0.183,0.276,3,0.0285,84,1,7,180853,0.805
0.344,65.203,0.583,-8.765,0.143,0.581,3,0.0559,78,1,2,110129,0.774
0.574,92.795,0.452,-8.336,0.189,0.578,4,0.311,78,1,6,207187,0.245
0.707,93.145,0.704,-6.537,0.318,0.761,4,0.0391,73,0,1,294787,0.539
0.612,86.768,0.536,-5.847,0.209,0.57,4,0.272,71,1,4,229040,0.119
0.735,88.98,0.644,-5.747,0.161,0.418,4,0.0391,86,1,8,153947,0.0521
0.503,137.007,0.646,-7.472,0.652,0.789,4,0.0312,77,1,2,96369,0.00426
0.552,90.098,0.641,-5.423,0.148,0.152,4,0.0283,76,0,1,254524,0.027
0.698,95.975,0.59,-4.262,0.107,0.352,4,0.0286,76,1,11,224093,0.000176
0.61,125.99,0.741,-7.34,0.534,0.72,4,0.0511,76,0,6,276960,0.316
0.705,96.644,0.838,-6.131,0.336,0.837,4,0.29,72,0,5,245093,0.195
0.378,141.967,0.617,-8.54,0.11,0.22,4,0.0315,76,1,9,216063,0.428
0.43,129.93,0.716,-8.28,0.146,0.472,4,0.112,74,0,9,171000,0.482
0.629,93.985,0.657,-4.938,0.254,0.726,4,0.0782,69,1,6,266893,0.194
0.493,82.887,0.347,-11.548,0.127,0.308,4,0.29,75,0,8,382760,0.455
0.594,135.002,0.795,-6.2,0.162,0.409,4,0.0748,77,1,0,275080,0.112
0.5,132.798,0.602,-9.377,0.295,0.395,4,0.298,75,1,8,223630,0.477
0.618,133.876,0.707,-5.825,0.293,0.517,4,0.19,72,0,1,231498,0.17
0.477,119.928,0.796,-7.161,0.12,0.685,4,0.108,70,1,1,231933,0.314
0.681,171.864,0.673,-5.693,0.235,0.707,4,0.118,77,1,1,232000,0.52
0.588,94.519,0.686,-8.343,0.0954,0.617,4,0.0554,75,0,7,249120,0.178
0.5,135.03,0.856,-9.393,0.104,0.886,4,0.18,75,1,11,177900,0.487
0.725,146.163,0.61,-5.131,0.154,0.291,4,0.15,73,1,8,201788,0.367
0.5,124.037,0.816,-4.551,0.0733,0.649,4,0.03,69,1,1,247840,0.0227
0.876,130.21,0.412,-6.008,0.297,0.706,5,0.472,73,0,5,273133,0.102
0.538,109.97,0.81,-5.783,0.0951,0.832,4,0.0357,74,0,0,266840,0.53
0.394,92.009,0.764,-8.559,0.117,0.465,4,0.152,75,1,8,158421,0.231
0.552,168.19,0.727,-8.074,0.198,0.607,4,0.14,77,0,2,289160,0.226
0.712,140.012,0.573,-5.976,0.167,0.346,4,0.0732,74,1,0,259720,0.0572
0.576,179.063,0.625,-5.693,0.187,0.235,4,0.175,68,0,11,193147,0.0543
0.366,73.313,0.4,-9.405,0.126,0.161,3,0.0597,73,0,8,272187,0.242
0.242,144.211,0.549,-11.692,0.127,0.286,4,0.038,71,1,5,180304,0.809
0.721,169.904,0.62,-5.538,0.563,0.77,4,0.0887,77,0,4,150361,0.0422
0.467,138.007,0.845,-7.674,0.0694,0.702,4,0.138,68,1,1,211200,0.0586
0.635,103.019,0.617,-6.769,0.164,0.446,4,0.0317,86,0,11,247160,0.0498
0.939,129.024,0.671,-3.206,0.298,0.53,4,0.161,84,1,8,252307,0.191
0.715,199.892,0.475,-5.371,0.135,0.159,4,0.058,83,1,8,205947,0.0863
0.823,128.035,0.646,-4.123,0.322,0.418,4,0.0394,82,0,2,227267,0.213
0.835,125.983,0.527,-5.298,0.249,0.654,4,0.0433,82,1,6,176658,0.0166
0.751,117.948,0.88,-4.258,0.106,0.884,4,0.0874,80,0,7,157606,0.177
0.685,118.02,0.782,-6.237,0.16,0.603,4,0.0309,80,1,4,180566,0.166
0.524,95.01,0.748,-5.599,0.111,0.661,4,0.0338,84,1,8,244960,0.414
0.627,179.642,0.468,-5.085,0.11,0.159,4,0.0476,80,1,6,212107,0.0281
0.856,127.949,0.596,-3.556,0.141,0.743,4,0.0346,81,0,4,222533,0.0211
0.77,125.905,0.694,-5.335,0.118,0.163,4,0.149,80,1,6,184560,0.176
0.963,129.992,0.581,-4.087,0.139,0.788,4,0.0981,82,1,11,204160,0.0295
0.787,126.062,0.604,-3.674,0.127,0.301,4,0.103,80,0,0,245040,0.0679
0.714,101.969,0.664,-6.645,0.0843,0.71,4,0.111,79,0,7,197933,0.0353
0.815,123.063,0.636,-5.098,0.163,0.636,4,0.0581,78,0,5,219043,0.0185
0.736,127.999,0.579,-3.863,0.198,0.613,4,0.0527,78,0,6,230613,0.31
0.777,130.003,0.73,-5.194,0.0691,0.575,4,0.0496,78,0,3,284867,0.105
0.869,159.805,0.533,-5.093,0.136,0.425,4,0.173,80,1,11,208373,0.156
0.857,128.024,0.414,-4.078,0.343,0.348,4,0.0808,79,0,0,212960,0.0287
0.86,127.075,0.608,-5.324,0.262,0.437,4,0.0554,77,0,5,232947,0.0991
0.811,116.047,0.794,-8.966,0.101,0.862,4,0.038,77,0,6,248413,0.0426
0.741,123.077,0.646,-4.973,0.312,0.571,4,0.034,77,0,5,203000,0.0275
0.519,133.99,0.501,-5.88,0.454,0.168,4,0.0409,77,0,4,195707,0.109
0.717,121.985,0.793,-4.759,0.226,0.466,4,0.0393,76,0,0,195547,0.0927
0.685,130.039,0.772,-6.849,0.131,0.501,4,0.0696,76,1,5,283400,0.019
0.927,123.962,0.631,-2.787,0.148,0.465,4,0.0332,77,0,9,222160,0.199
0.593,119.958,0.79,-9.204,0.065,0.72,4,0.0776,75,0,1,206067,0.0983
0.766,127.975,0.735,-4.485,0.108,0.6,4,0.0383,75,1,1,215227,0.025
0.51,119.994,0.829,-9.334,0.0829,0.45,4,0.0369,75,0,5,208133,0.00821
0.869,127.966,0.616,-3.911,0.064,0.473,4,0.0327,76,1,0,234560,0.0283
0.915,126.094,0.544,-3.405,0.115,0.51,4,0.0841,76,1,8,184280,0.129
0.741,119.896,0.72,-6.529,0.289,0.357,4,0.0287,75,0,10,198053,0.101
0.697,122.746,0.613,-8.618,0.332,0.476,4,0.133,74,1,2,320357,0.0194
0.634,113.927,0.704,-7.374,0.0952,0.411,4,0.0428,74,0,11,271640,0.393
0.861,117.965,0.73,-4.1,0.213,0.704,4,0.0451,74,1,1,196613,0.39
0.989,126.002,0.621,-4.225,0.184,0.0348,4,0.0434,74,0,10,158095,0.015
0.805,126.008,0.506,-4.119,0.0856,0.383,4,0.0469,74,1,1,227074,0.00711
0.695,104.879,0.583,-5.336,0.0527,0.224,4,0.0423,73,1,9,220573,0.0138
0.862,128.036,0.498,-6.02,0.352,0.469,4,0.0588,73,0,7,192294,0.000313
0.857,119.975,0.56,-4.145,0.381,0.432,4,0.0384,73,0,4,215360,0.0594
0.781,128,0.509,-3.48,0.0749,0.176,4,0.072,73,1,8,271427,0.0398
0.73,85.979,0.596,-4.091,0.325,0.525,4,0.151,73,1,9,192560,0.24
0.568,117.973,0.78,-6.96,0.0698,0.459,4,0.031,73,0,2,186147,0.668
0.463,121.999,0.778,-7.603,0.0731,0.496,4,0.0389,73,1,11,194840,0.546
0.774,112.05,0.674,-7.567,0.393,0.33,4,0.0892,73,0,11,176547,0.0686
0.81,126.052,0.572,-5.791,0.13,0.11,4,0.0558,72,0,1,214912,0.0157
0.781,119.977,0.751,-3.724,0.036,0.814,4,0.0862,72,1,4,202613,0.0039
0.586,120.97,0.799,-6.735,0.193,0.549,4,0.0377,72,1,11,227833,0.162
0.72,122.031,0.789,-5.652,0.129,0.664,4,0.218,72,0,8,166794,0.223
0.62,120.031,0.798,-7.079,0.112,0.235,4,0.232,72,0,8,164000,0.414
0.622,102.04,0.69,-5.025,0.116,0.544,4,0.0622,73,0,5,210091,0.253
0.736,130.011,0.75,-4.168,0.265,0.355,4,0.155,72,0,5,262147,0.0202
0.802,100.001,0.713,-7.055,0.309,0.343,4,0.0561,71,1,4,226739,0.0435
0.906,125.916,0.711,-2.671,0.153,0.824,4,0.0284,71,1,8,157153,0.00952
0.921,130.072,0.691,-1.702,0.331,0.8,4,0.0533,71,0,8,201000,0.173
0.795,121.294,0.956,-5.311,0.0906,0.841,4,0.15,71,1,7,429533,0.00356
0.833,129.885,0.551,-5.217,0.0632,0.145,5,0.03,70,1,8,204360,0.0391
0.817,128.078,0.883,-5.414,0.11,0.595,4,0.235,70,1,0,166849,0.601
0.748,125.896,0.503,-4.124,0.343,0.356,4,0.0619,70,1,5,210013,0.0305
0.392,75.066,0.599,-6.869,0.131,0.26,4,0.0257,70,0,10,282813,0.378
0.604,159.92,0.561,-4.409,0.104,0.242,3,0.0337,81,1,9,210689,0.199
0.473,152.88,0.591,-8.122,0.108,0.451,4,0.0708,70,0,7,216524,0.694
0.592,157.969,0.521,-7.777,0.122,0.535,3,0.0304,100,0,6,251668,0.308
0.507,104.978,0.747,-10.171,0.117,0.438,4,0.0358,97,1,2,210373,0.2
0.582,116.712,0.7,-5.96,0.0881,0.785,4,0.0356,94,0,11,218424,0.0502
0.76,103.969,0.701,-5.478,0.185,0.69,4,0.0285,90,1,0,175459,0.107
0.604,159.92,0.561,-4.409,0.104,0.242,3,0.0337,89,1,9,210689,0.199
0.882,148.038,0.569,-2.777,0.142,0.201,4,0.06,88,0,3,191701,0.0316
0.601,123.994,0.635,-6.129,0.11,0.332,4,0.0295,88,0,1,172533,0.246
0.757,139.982,0.742,-4.981,0.305,0.957,4,0.0421,88,1,6,184841,0.0187
0.472,101.061,0.898,-7.001,0.141,0.214,4,0.0776,88,1,1,274192,0.0107
0.583,181.489,0.432,-4.682,0.0933,0.544,4,0.0687,87,1,8,161831,0.174
0.709,81.012,0.722,-4.95,0.0804,0.604,4,0.0273,86,1,9,171292,0.0633
0.782,119.992,0.727,-8.529,0.225,0.655,4,0.042,86,0,8,177599,0.0563
0.745,180.098,0.464,-3.202,0.363,0.262,4,0.161,85,0,4,190667,0.0235
0.586,107.071,0.669,-6.073,0.104,0.579,4,0.054,88,1,9,186365,0.274
0.965,128.04,0.561,-3.673,0.371,0.304,4,0.0343,85,0,7,175238,0.00383
0.544,132.052,0.571,-10.613,0.322,0.216,4,0.0299,85,1,6,132631,0.453
0.854,140.515,0.477,-4.715,0.065,0.314,5,0.275,85,1,7,179790,0.0858
0.471,105.029,0.472,-5.692,0.14,0.219,3,0.0603,85,1,10,180304,0.151
0.667,130.019,0.776,-6.622,0.0761,0.618,4,0.0983,85,1,7,145219,0.0146
0.946,151.647,0.599,-4.263,0.0826,0.747,4,0.0447,84,1,11,142515,0.000938
0.855,127.986,0.638,-4.86,0.245,0.731,4,0.0264,84,1,7,178206,0.00757
0.642,179.974,0.745,-6.257,0.0658,0.226,4,0.287,84,0,7,131240,0.0204
0.829,139.198,0.476,-3.806,0.167,0.505,4,0.0658,84,0,10,133227,0.0172
0.552,144.941,0.64,-5.679,0.119,0.112,4,0.129,84,1,2,228267,0.0215
0.453,139.943,0.915,-4.589,0.104,0.287,4,0.27,84,0,10,144000,0.0872
0.787,119.996,0.704,-6.751,0.159,0.31,4,0.0462,83,0,11,214000,0.00926
0.618,126.031,0.853,-10.833,0.0972,0.32,4,0.0923,83,1,6,145599,0.633
0.751,129.994,0.701,-8.39,0.15,0.22,4,0.0502,83,1,0,218005,0.123
0.957,126.035,0.804,-5.452,0.114,0.962,4,0.034,83,1,0,151740,0.125
0.457,146.04,0.592,-6.081,0.146,0.225,4,0.0603,82,0,9,110886,0.661
0.792,100.011,0.687,-2.749,0.167,0.671,4,0.0452,82,1,5,214290,0.191
0.676,162.012,0.814,-4.67,0.119,0.312,4,0.231,83,0,11,267707,0.00709
0.522,89.96,0.755,-4.368,0.0685,0.925,4,0.0575,82,1,2,157560,0.533
0.622,130.001,0.847,-6.747,0.285,0.22,4,0.0903,82,0,1,125040,0.119
0.668,90.969,0.646,-5.203,0.212,0.64,4,0.0282,82,1,2,148318,0.491
0.733,172.09,0.625,-8.757,0.375,0.244,4,0.0488,81,1,2,270698,0.00598
0.642,83.389,0.463,-4.474,0.0686,0.339,4,0.34,82,1,1,189893,0.314
0.761,129.963,0.634,-4.752,0.549,0.785,4,0.0472,81,1,5,168454,0.00537
0.537,128.009,0.921,-5.723,0.102,0.711,4,0.0804,81,0,9,135090,0.556
0.745,165.995,0.808,-5.26,0.292,0.829,4,0.342,81,0,10,210800,0.145
0.741,120.064,0.771,-7.132,0.111,0.19,4,0.0374,81,0,5,152250,0.0245
0.727,130.035,0.887,-4.318,0.213,0.932,4,0.135,82,0,4,90760,0.381
0.95,150.019,0.673,-5.149,0.398,0.563,4,0.0488,81,1,11,140000,0.0229
0.62,120.042,0.857,-8.13,0.0934,0.796,4,0.0472,81,1,0,133805,0.646
0.887,127.003,0.936,-2.76,0.0582,0.889,4,0.0683,81,0,9,227239,0.0292
0.646,115.842,0.645,-8.334,0.074,0.295,4,0.0427,81,1,5,228639,0.0615
0.586,116.971,0.896,-6.687,0.79,0.642,4,0.0559,81,0,10,196653,0.104
0.558,104.983,0.943,-4.911,0.0937,0.606,4,0.0568,81,1,2,138411,0.0026
0.75,155.096,0.732,-6.366,0.109,0.401,4,0.231,81,0,11,182707,0.00264
0.764,140.113,0.882,-5.241,0.119,0.886,4,0.204,81,1,11,140733,0.359
0.632,121.031,0.762,-8.312,0.18,0.282,4,0.085,81,0,6,149067,0.51
0.512,80.511,0.829,-5.865,0.12,0.638,4,0.187,80,0,6,123987,0.492
0.716,91.007,0.701,-3.671,0.324,0.732,4,0.0361,80,0,7,140533,0.174
0.773,129.923,0.681,-4.706,0.0978,0.504,4,0.0345,80,1,1,107077,0.0863
0.673,165.921,0.529,-4.711,0.093,0.366,4,0.175,80,1,0,218365,0.000307
0.583,116.624,0.709,-5.298,0.195,0.533,4,0.204,79,0,5,182667,0.138
0.797,122.011,0.702,-6.635,0.179,0.0356,4,0.0557,79,0,10,208525,0.583
0.681,139.057,0.918,-4.705,0.0615,0.706,4,0.201,79,1,1,229133,0.263
0.753,127.926,0.671,-6.045,0.177,0.543,4,0.0298,79,0,4,207168,0.019
0.761,146.003,0.62,-7.282,0.269,0.194,4,0.175,79,0,10,209483,0.207
0.452,90.026,0.904,-7.272,0.115,0.613,4,0.132,78,1,9,130944,0.174
0.512,96.02,0.803,-6.871,0.0928,0.435,4,0.066,78,0,9,161342,0.128
0.643,139.948,0.831,-5.002,0.084,0.142,4,0.11,78,1,1,383639,0.046
0.567,75.965,0.574,-7.126,0.258,0.526,4,0.465,78,0,7,229938,0.164
0.593,120.509,0.565,-5.864,0.215,0.429,4,0.0883,78,1,8,157974,0.0288
0.83,75.023,0.767,-8.78,0.0582,0.187,4,0.206,77,1,7,139300,0.209
0.523,169.982,0.628,-8.307,0.219,0.416,4,0.0946,77,0,11,172965,0.701
0.934,88.009,0.777,-0.959,0.275,0.637,4,0.254,77,1,2,166449,0.285
0.927,109.952,0.755,0.254,0.0567,0.702,4,0.0645,77,0,11,115348,0.00288
0.62,117.038,0.741,-5.505,0.0398,0.934,4,0.0412,77,1,10,251424,0.0295
0.64,130.051,0.537,-10.441,0.157,0.222,4,0.104,77,1,1,103495,0.146
0.963,130.028,0.817,-3.318,0.312,0.502,4,0.0353,77,1,1,75692,0.0683
0.556,99.974,0.864,-7.683,0.112,0.726,4,0.194,77,0,2,230480,0.255
0.803,130.028,0.877,-3.195,0.087,0.795,4,0.0507,77,1,9,61673,0.734
0.573,140.04,0.911,-7.43,0.403,0.972,4,0.288,77,1,6,97393,0.38
0.629,130.017,0.848,-6.198,0.049,0.586,4,0.0424,77,1,0,153519,0.016
0.777,108.005,0.58,-5.69,0.342,0.589,4,0.0655,76,1,3,178273,0.104
0.539,158.105,0.65,-7.281,0.114,0.253,4,0.0561,76,1,1,121399,0.00617
0.672,136.902,0.673,-8.577,0.193,0.14,4,0.224,76,1,8,260111,0.0466
0.818,125.952,0.687,-4.221,0.248,0.886,4,0.0778,76,1,0,165753,0.0112
0.687,123.01,0.755,-6.247,0.125,0.381,4,0.101,76,0,8,265360,0.183
0.919,151.221,0.83,-2.12,0.0757,0.848,4,0.145,76,0,10,96947,0.503
0.738,130,0.593,-2.956,0.292,0.591,4,0.0351,75,0,11,134785,0.269
0.81,150.251,0.613,-6.16,0.137,0.686,4,0.488,75,1,1,116104,0.832
0.967,149.036,0.628,-4.068,0.274,0.399,4,0.0485,75,1,1,151589,0.0398
0.897,129.975,0.686,-7.18,0.153,0.355,4,0.0386,75,0,11,163139,0.0103
0.793,120.003,0.696,-5.733,0.18,0.698,4,0.097,75,1,8,172253,0.0683
0.781,128.001,0.805,-7.225,0.0598,0.818,4,0.0434,74,0,1,220000,0.002
0.848,135.048,0.721,-3.371,0.097,0.774,4,0.0266,74,1,9,129800,0.26
0.742,114.071,0.773,-3.678,0.0754,0.571,4,0.046,74,0,5,165265,0.0206
0.527,77.499,0.824,-5.506,0.368,0.212,4,0.118,74,1,8,155391,0.149
0.655,163.997,0.475,-7.342,0.375,0.245,4,0.33,74,0,11,247444,0.0306
0.895,125.985,0.762,-4.562,0.204,0.757,4,0.0734,73,1,8,182857,0.00623
0.915,154.964,0.737,-2.749,0.084,0.304,4,0.0412,73,1,0,86710,0.00322
0.85,106.036,0.815,-4.704,0.0245,0.694,4,0.113,73,0,4,133707,0.0232
0.546,118.051,0.76,-13.092,0.103,0.113,4,0.0616,73,1,11,170847,0.0284
0.86,146.441,0.585,-5.274,0.18,0.607,4,0.116,73,1,6,102557,0.0566
0.636,75.486,0.654,-6.904,0.412,0.267,4,0.0845,73,1,8,140107,0.00258
0.765,145.988,0.588,-5.914,0.2,0.492,4,0.0518,73,0,3,220878,0.00685
0.758,165.409,0.681,-6.524,0.555,0.331,4,0.188,73,1,1,220584,0.00465
0.683,145.379,0.501,-7.881,0.0685,0.623,5,0.211,71,0,6,161379,0.109
0.819,110.14,0.726,-7.094,0.27,0.636,4,0.106,70,1,8,141818,0.477
0.529,112.014,0.782,-8.626,0.413,0.44,4,0.0592,69,1,0,156429,0.509
0.634,101.837,0.502,-3.367,0.188,0.645,3,0.144,72,0,8,219628,0.677
0.841,147.989,0.754,-4.563,0.0903,0.838,4,0.0921,68,1,2,137684,0.136
0.814,93.482,0.683,-3.505,0.0858,0.758,4,0.0466,78,1,2,156826,0.277
0.792,113.981,0.749,-4.621,0.0712,0.903,4,0.0402,76,1,5,172632,0.308
0.705,197.98,0.374,-8.37,0.14,0.718,5,0.145,68,1,11,193567,0.172
0.648,93.2,0.737,-5.493,0.105,0.746,4,0.138,77,1,1,259354,0.252
0.719,113.012,0.897,-7.164,0.0677,0.546,4,0.157,71,0,6,157756,0.116
0.52,95.865,0.578,-8.399,0.124,0.425,4,0.151,68,0,11,154579,0.554
0.651,67.813,0.49,-6.259,0.108,0.567,5,0.138,68,1,11,180594,0.714
0.935,166.008,0.574,-2.783,0.367,0.836,4,0.0926,72,1,1,213234,0.112
0.941,101.921,0.577,-5.17,0.0891,0.292,4,0.105,72,1,1,193495,0.00207
0.794,149.923,0.531,-4.363,0.082,0.775,4,0.0964,77,1,10,288200,0.0176
0.898,151.99,0.479,-4.809,0.297,0.639,4,0.169,71,1,1,196467,0.0134
0.822,157.013,0.853,-6.836,0.166,0.746,4,0.246,80,0,6,168136,0.0841
0.905,141.131,0.545,-3.823,0.182,0.735,4,0.0684,73,1,5,243027,0.103
0.571,101.955,0.695,-6.249,0.118,0.726,4,0.111,70,0,11,270705,0.032
0.811,139.959,0.693,-5.765,0.106,0.944,4,0.0313,69,1,5,153626,0.395
0.808,115.063,0.576,-4.241,0.127,0.172,4,0.0407,68,1,1,123293,0.00615
0.951,169.955,0.436,-4.748,0.149,0.428,4,0.202,68,0,7,223320,0.0046
0.514,82.05,0.829,-5.333,0.231,0.757,4,0.0531,68,1,2,226558,0.439
0.836,105.173,0.543,-9.11,0.153,0.56,4,0.0353,75,0,4,515387,0.000647
0.908,159.756,0.285,-4.601,0.311,0.669,4,0.0705,71,0,4,252733,0.0318
0.704,118.242,0.43,-8.008,0.0933,0.703,4,0.0804,73,0,1,315120,0.000155
0.934,127.066,0.417,-3.908,0.132,0.287,4,0.119,83,0,7,210240,0.000278
0.891,92.049,0.283,-8.165,0.159,0.226,4,0.178,68,1,2,258267,0.00678
0.695,102.178,0.437,-9.447,0.124,0.413,3,0.0617,72,1,7,447440,0.00111
0.763,148.366,0.365,-9.45,0.0865,0.342,4,0.0591,69,0,11,204867,0.00726
0.908,114.816,0.415,-9.701,0.082,0.437,4,0.0765,71,1,2,243533,0.00437
0.982,143.772,0.354,-3.026,0.204,0.194,4,0.168,80,0,4,252613,0.000237
0.828,123.257,0.577,-8.691,0.0581,0.604,4,0.0298,79,0,6,331267,0.00213
0.916,118.004,0.58,-4.358,0.126,0.683,4,0.0387,75,0,3,305907,0.000297
0.898,103.299,0.353,-5.877,0.39,0.525,4,0.052,77,1,2,255733,2.23E-05
0.963,125.033,0.59,-6.489,0.0781,0.586,4,0.0676,77,0,0,222827,8.75E-05
0.949,129.984,0.554,-4.928,0.2,0.233,4,0.0787,70,1,2,374453,0.000318
0.781,71.841,0.443,-4.277,0.166,0.372,4,0.0377,77,1,1,214760,1.33E-05
0.714,107.441,0.567,-8.512,0.186,0.191,3,0.0302,68,0,9,403533,0.0012
0.821,94.895,0.669,-4.37,0.147,0.684,4,0.29,76,0,11,237573,0.00182
0.72,103.314,0.916,-8.548,0.0958,0.761,4,0.1,79,1,0,237000,0.36
0.661,76.71,0.836,-6.502,0.449,0.753,4,0.338,68,0,7,213200,0.0208
0.733,95.107,0.883,-9.153,0.334,0.946,4,0.128,68,0,11,245000,0.161
0.463,124.084,0.929,-8.651,0.0634,0.755,4,0.308,70,1,9,255840,0.143
0.775,93.431,0.816,-3.323,0.0543,0.527,4,0.234,81,1,11,270587,0.16
0.697,93.941,0.901,-3.439,0.287,0.67,4,0.28,78,1,9,229827,0.145
0.505,99.935,0.535,-8.926,0.0923,0.495,4,0.245,74,0,2,320267,0.0393
0.63,95,0.874,-3.585,0.0582,0.717,4,0.298,74,1,1,281600,0.0578
0.786,93.857,0.763,-6.472,0.0817,0.504,4,0.229,74,0,10,325507,0.0146
0.706,174.039,0.584,-7.899,0.125,0.579,4,0.366,73,0,10,253533,0.209
0.62,94.121,0.9,-6.518,0.0647,0.867,4,0.312,72,0,4,236800,0.2
0.818,96.063,0.889,-4.639,0.179,0.782,4,0.253,73,1,9,302760,0.47
0.821,94.895,0.669,-4.37,0.147,0.684,4,0.29,76,0,11,237573,0.00182
0.514,181.033,0.512,-11.562,0.126,0.565,4,0.387,72,0,11,252027,0.555
0.611,102.304,0.897,-10.489,0.0894,0.769,4,0.211,70,1,11,208267,0.0291
0.734,97.044,0.918,-2.832,0.191,0.608,4,0.269,70,0,11,230693,0.0296
0.91,84.099,0.665,-4.682,0.227,0.887,4,0.223,70,0,6,293973,0.0394
0.735,101.368,0.934,-6.668,0.107,0.768,4,0.251,69,1,1,273107,0.031
0.54,84.115,0.773,-7.123,0.131,0.322,4,0.103,68,1,6,280000,0.371
0.703,94.828,0.813,-5.077,0.237,0.241,4,0.268,68,0,11,224533,0.125
0.884,104.536,0.845,-4.506,0.203,0.904,4,0.0759,72,0,6,257400,0.0128
0.666,96.662,0.848,-6.547,0.129,0.744,4,0.274,68,1,0,251573,0.173
0.732,172.329,0.598,-7.013,0.508,0.595,4,0.425,68,1,4,262507,0.144
0.767,127.361,0.532,-5.509,0.39,0.755,4,0.0574,81,1,7,210173,0.00287
0.795,112.067,0.645,-12.095,0.104,0.535,4,0.0527,85,1,7,251489,0.347
0.802,119.25,0.491,-7.106,0.387,0.472,4,0.0392,72,1,4,248907,0.25
0.373,92.718,0.671,-18.064,0.0481,0.732,4,0.0323,83,1,9,295893,0.257
0.7,188.386,0.31,-5.678,0.0828,0.763,4,0.047,83,1,9,255493,0.011
0.942,148.723,0.527,-5.64,0.188,0.495,4,0.0366,82,0,1,241307,0.0115
0.959,122.805,0.541,-2.947,0.344,0.812,4,0.0505,81,0,0,222707,0.0663
0.834,139.13,0.509,-6.205,0.0732,0.774,4,0.0386,80,1,2,216053,0.0183
0.836,113.375,0.743,-6.465,0.384,0.82,4,0.116,80,1,2,188987,0.0804
0.712,113.805,0.671,-7.815,0.103,0.462,4,0.0476,79,1,2,248440,0.429
0.716,94.379,0.535,-5.025,0.659,0.901,4,0.0431,77,1,4,175173,0.326
0.932,122.431,0.631,-4.142,0.0918,0.971,4,0.0354,76,1,5,213067,0.0429
0.835,129.981,0.572,-6.219,0.0702,0.795,4,0.0317,75,1,0,241600,0.171
0.449,84.383,0.623,-13.333,0.0613,0.573,4,0.0253,75,1,5,256000,0.212
0.843,117.662,0.529,-6.908,0.0608,0.188,4,0.0616,74,0,6,310333,0.0628
0.873,106.767,0.389,-4.768,0.273,0.303,4,0.0475,73,0,4,312293,0.00532
0.768,81.909,0.558,-9.997,0.124,0.429,4,0.0343,73,1,2,260573,0.121
0.549,176.941,0.516,-13.741,0.184,0.907,4,0.0373,73,1,6,288733,0.501
0.758,112.113,0.489,-6.491,0.092,0.435,4,0.0297,72,1,7,371413,0.000678
0.952,122.093,0.398,-6.042,0.1,0.584,4,0.061,72,1,4,278680,0.000373
0.478,114.02,0.766,-13.487,0.165,0.965,4,0.0329,73,1,7,178360,0.0513
0.953,84.989,0.267,-4.899,0.283,0.568,4,0.096,72,0,1,267307,0.00211
0.803,150.036,0.253,-3.977,0.309,0.258,4,0.0392,72,1,7,308667,0.129
0.978,141.167,0.526,-5.436,0.0744,0.451,4,0.108,72,1,8,210227,0.00122
0.811,126.59,0.561,-6.157,0.287,0.635,4,0.0265,71,1,4,233270,0.00515
0.872,129.885,0.797,-6.727,0.284,0.866,4,0.0575,71,0,9,222427,0.291
0.908,159.756,0.285,-4.601,0.311,0.669,4,0.0705,71,0,4,252733,0.0318
0.528,109.975,0.932,-6.472,0.163,0.757,4,0.161,71,0,5,214653,0.115
0.812,127.568,0.691,-7.772,0.299,0.685,4,0.0558,71,1,0,220627,0.0433
0.93,190.818,0.398,-6.76,0.0874,0.725,4,0.0615,71,1,11,408173,0.000854
0.942,97.909,0.511,-10.407,0.139,0.498,4,0.0429,71,1,0,393667,0.174
0.899,152.445,0.475,-4.321,0.14,0.603,4,0.0637,72,0,9,230667,0.00375
0.96,131.707,0.469,-4.809,0.334,0.37,4,0.0629,70,0,4,323453,0.141
0.96,117.486,0.574,-4.906,0.121,0.978,4,0.032,70,1,9,254733,0.0457
0.58,127.402,0.741,-9.05,0.212,0.944,4,0.0304,70,1,4,171267,0.117
0.763,148.366,0.365,-9.45,0.0865,0.342,4,0.0591,69,0,11,204867,0.00726
0.804,111.457,0.591,-7.299,0.0818,0.658,4,0.0454,69,1,0,329413,0.327
0.427,119.18,0.753,-11.112,0.058,0.295,4,0.0387,69,1,0,255680,0.00787
0.506,140.309,0.799,-9.414,0.0365,0.518,4,0.0606,69,1,2,242667,0.0453
0.737,125.447,0.785,-5.306,0.108,0.971,4,0.0363,69,1,9,218960,0.042
0.846,107.01,0.659,-5.508,0.203,0.659,4,0.0274,69,1,7,354636,0.0318
0.833,142.663,0.553,-6.667,0.0737,0.773,4,0.0347,69,0,2,212227,0.000646
0.858,133.615,0.503,-6.296,0.0803,0.419,5,0.0657,68,1,8,208653,0.00757
0.632,140.176,0.531,-5.557,0.364,0.294,4,0.0312,68,1,6,260173,0.16
0.691,119.96,0.823,-7.322,0.1,0.707,4,0.197,74,0,9,188818,0.0774
0.78,134.937,0.724,-5.407,0.139,0.72,5,0.354,70,0,1,170800,0.294
0.693,87.973,0.702,-4.941,0.0702,0.572,4,0.191,68,0,5,233240,0.139
0.926,105.969,0.682,-2.515,0.19,0.86,4,0.0607,73,0,3,162840,0.0404
0.628,140.053,0.668,-4.692,0.0293,0.568,4,0.046,83,1,8,138213,0.129
0.747,120.073,0.745,-4.278,0.0738,0.363,4,0.0815,72,0,11,178880,0.0073
0.786,91.992,0.695,-2.048,0.109,0.465,4,0.0666,74,1,9,196467,0.0668
0.597,170.022,0.77,-4.901,0.239,0.875,4,0.223,72,1,1,189707,0.53
0.782,108.038,0.875,-3.905,0.113,0.906,4,0.078,78,0,5,167707,0.151
0.895,124.994,0.803,-2.888,0.154,0.757,4,0.0623,78,1,1,219027,0.0816
0.728,140.041,0.774,-5.079,0.0473,0.461,4,0.169,78,1,2,170357,0.113
0.5,101.959,0.871,-8.675,0.0672,0.76,4,0.103,75,0,11,168359,0.32
0.774,109.945,0.801,-3.604,0.0968,0.383,4,0.157,69,1,1,188080,0.00871
0.872,131.016,0.644,-1.54,0.363,0.378,4,0.0417,78,0,6,214973,0.164
0.592,157.969,0.521,-7.777,0.122,0.535,3,0.0304,100,0,6,251668,0.308
0.783,149.027,0.777,-4.477,0.355,0.939,4,0.26,98,0,0,169917,0.0283
0.507,104.978,0.747,-10.171,0.117,0.438,4,0.0358,97,1,2,210373,0.2
0.808,108.548,0.554,-4.169,0.159,0.372,4,0.0368,93,1,1,166300,0.214
0.756,116.034,0.66,-3.743,0.193,0.838,4,0.032,92,0,0,170888,0.00289
0.711,146.921,0.487,-4.22,0.152,0.317,4,0.0322,71,1,8,151647,0.000175
0.413,94.938,0.494,-10.432,0.193,0.273,4,0.0254,93,1,11,211979,0.682
0.907,112.964,0.674,-4.086,0.297,0.721,4,0.064,93,1,3,157280,0.101
0.651,112.648,0.694,-6.968,0.0787,0.471,3,0.0784,93,1,6,225881,0.496
0.247,148.101,0.467,-12.002,0.17,0.126,4,0.0431,93,0,6,261467,0.612
0.776,103.963,0.699,-5.282,0.205,0.708,4,0.0293,88,1,0,175459,0.131
0.722,119.973,0.769,-5.485,0.111,0.57,4,0.0507,92,0,11,256000,0.0584
0.582,116.712,0.7,-5.96,0.0881,0.785,4,0.0356,94,0,11,218424,0.0502
0.563,105.008,0.833,-5.593,0.139,0.343,4,0.204,82,0,4,182857,0.528
0.627,150.273,0.336,-7.463,0.0708,0.35,4,0.0384,87,1,7,241107,0.164
0.598,107.732,0.733,-8.228,0.156,0.935,4,0.0278,72,1,2,265960,0.212
0.471,105.029,0.472,-5.692,0.14,0.219,3,0.0603,89,1,10,180304,0.151
0.668,128.027,0.924,-6.795,0.0678,0.787,4,0.0469,93,1,11,195824,0.446
0.872,184.115,0.466,-3.344,0.121,0.806,4,0.0336,79,1,7,190428,0.0156
0.586,107.015,0.675,-6.086,0.104,0.621,4,0.0531,87,1,9,186365,0.257
0.406,115.94,0.53,-7.507,0.133,0.338,3,0.033,90,1,10,157147,0.656
0.369,174.097,0.448,-9.514,0.638,0.0998,3,0.0452,88,1,9,208212,0.968
0.627,155.865,0.687,-4.975,0.0893,0.47,4,0.181,78,1,7,206066,0.326
0.807,124.053,0.612,-2.81,0.101,0.398,4,0.0336,90,1,10,240400,0.0495
0.417,67.528,0.464,-9.345,0.0974,0.479,4,0.0256,90,0,0,183956,0.136
0.604,159.92,0.561,-4.409,0.104,0.242,3,0.0337,89,1,9,210689,0.199
0.559,78.558,0.558,-9.222,0.109,0.62,4,0.0959,90,1,6,180387,0.371
0.661,173.372,0.429,-7.227,0.234,0.285,4,0.0281,89,1,11,266773,0.00239
0.812,80.09,0.505,-3.986,0.444,0.664,4,0.461,88,1,1,255916,0.285
0.56,134.066,0.853,-4.961,0.0944,0.86,4,0.0406,88,1,1,206693,0.013
0.698,143.994,0.726,-4.165,0.309,0.867,4,0.0431,89,1,5,233478,0.049
0.727,94.99,0.739,-5.968,0.104,0.676,4,0.0426,90,0,11,171870,0.0678
0.555,96.063,0.392,-6.707,0.13,0.191,3,0.039,87,0,4,278015,0.287
0.52,120.001,0.672,-7.747,0.115,0.37,4,0.0353,89,1,8,226600,0.859
0.47,67.086,0.598,-8.744,0.505,0.879,4,0.0496,83,1,8,126267,0.617
0.64,84.828,0.264,-6.221,0.151,0.19,4,0.0442,89,1,8,244685,0.0393
0.841,109.021,0.635,-5.379,0.0622,0.424,4,0.0422,85,1,5,220734,0.0134
0.706,80.969,0.722,-4.857,0.067,0.599,4,0.0292,84,1,9,171292,0.072
0.757,142.579,0.482,-4.586,0.143,0.12,4,0.0355,88,1,6,86984,0.0137
0.715,155.925,0.315,-8.072,0.0942,0.497,3,0.0362,87,0,11,289533,0.00125
0.864,105.143,0.556,-5.87,0.209,0.4,4,0.0584,88,0,3,216880,0.00958
0.643,117.025,0.74,-5.446,0.0407,0.96,4,0.0413,84,1,10,251424,0.041
0.725,130.504,0.633,-4.257,0.205,0.64,4,0.0427,87,1,5,223192,0.0461
0.731,101.654,0.483,-6.696,0.151,0.484,4,0.0381,85,1,1,204280,0.436
0.928,127.939,0.571,-3.725,0.297,0.488,4,0.0453,78,0,4,167012,0.00932
0.513,109.935,0.745,-9.116,0.216,0.929,3,0.087,88,1,1,154620,0.783
0.689,120.208,0.724,-7.174,0.0922,0.936,3,0.0524,89,0,7,146141,0.573
0.621,191.868,0.525,-7.364,0.291,0.592,4,0.117,82,1,7,204093,0.0489
0.424,119.705,0.754,-8.463,0.0652,0.806,4,0.0363,80,1,2,130973,0.643
0.646,115.842,0.645,-8.334,0.074,0.295,4,0.0427,86,1,5,228639,0.0615
0.789,91.911,0.757,-3.46,0.0717,0.464,4,0.0583,78,0,5,202174,0.307
0.778,96.057,0.911,-2.248,0.179,0.345,4,0.262,84,1,5,162768,0.0887
0.786,111.989,0.781,-5.211,0.107,0.759,4,0.0885,68,0,6,228253,0.115
0.411,169.934,0.584,-7.147,0.0955,0.412,4,0.0838,71,0,10,217769,0.869
0.804,110.982,0.82,-7.226,0.064,0.844,4,0.0528,68,1,9,211998,0.175
0.522,110.427,0.75,-7.018,0.0743,0.601,4,0.0293,78,1,9,321556,0.282
0.888,130.97,0.617,-4.567,0.162,0.771,4,0.0402,72,1,4,240560,0.0705
0.856,123.031,0.748,-3.517,0.142,0.927,4,0.0348,68,0,11,189320,0.0824
0.673,92.06,0.453,-5.649,0.131,0.266,4,0.144,76,1,8,159849,0.32
0.686,79.928,0.647,-5.745,0.528,0.268,4,0.0413,80,0,3,258299,0.08
0.595,108.02,0.777,-6.79,0.0669,0.546,4,0.0375,75,1,2,244444,0.59
0.588,142.004,0.872,-6.276,0.17,0.93,4,0.0492,70,1,0,230704,0.275
0.498,122.016,0.876,-7.511,0.143,0.428,4,0.0478,75,1,10,173119,0.0706
0.69,151.991,0.839,-4.464,0.176,0.744,4,0.0615,76,1,11,196413,0.207
0.616,103.071,0.797,-10.229,0.0979,0.451,4,0.375,74,0,1,339612,0.762
0.516,111.005,0.87,-8.006,0.11,0.53,4,0.0541,71,1,1,210200,0.656
0.543,139.929,0.84,-4.941,0.128,0.74,4,0.0568,70,1,0,225812,0.678
0.623,130.037,0.919,-6.521,0.0609,0.775,4,0.0992,71,1,7,157018,0.184
0.782,128.033,0.621,-5.548,0.23,0.55,4,0.044,80,1,2,198938,0.0125
0.524,83.97,0.653,-9.016,0.203,0.553,4,0.0502,81,0,11,160191,0.112
0.586,189.978,0.326,-7.966,0.0787,0.295,4,0.0605,71,1,6,262309,0.531
0.662,93.976,0.892,-3.894,0.363,0.607,4,0.162,68,1,8,227013,0.169
0.724,83.118,0.569,-4.076,0.27,0.562,4,0.0474,75,0,6,194563,0.228
0.421,98.224,0.537,-8.72,0.138,0.524,4,0.0285,80,1,5,184061,0.827
0.665,100.09,0.858,-4.772,0.119,0.659,4,0.152,79,1,11,195587,0.126
0.534,93.924,0.832,-7.813,0.165,0.116,4,0.253,78,0,1,132833,0.345
0.542,135.14,0.926,-5.064,0.0877,0.564,4,0.293,70,1,1,181929,0.135
0.73,155.008,0.834,-3.714,0.124,0.446,4,0.222,81,1,8,312820,0.00513
0.564,77.972,0.856,-6.295,0.134,0.483,4,0.392,70,0,6,135960,0.00327
0.576,166.162,0.77,-11.845,0.08,0.364,4,0.339,68,0,8,127200,0.138
0.716,91.007,0.701,-3.671,0.324,0.732,4,0.0361,80,0,7,140533,0.174
0.658,140.042,0.8,-6.142,0.111,0.462,4,0.079,77,0,1,195429,0.25
0.882,148.038,0.569,-2.777,0.142,0.201,4,0.06,88,0,3,191701,0.0316
0.662,112.509,0.897,-6.903,0.534,0.39,4,0.292,79,0,1,145543,0.0852
0.346,119.957,0.963,-9.309,0.108,0.562,4,0.53,75,0,5,142273,0.0355
0.524,140.053,0.747,-6.807,0.2,0.363,4,0.245,71,0,10,213132,0.0306
0.444,140.063,0.906,-8.692,0.173,0.678,4,0.384,68,0,4,235040,0.136
0.639,168.112,0.772,-7.119,0.0698,0.261,4,0.467,74,1,1,166560,0.15
0.487,127.05,0.964,-6.071,0.115,0.108,4,0.421,77,0,10,154024,0.00127
0.347,75.016,0.884,-8.227,0.0871,0.376,4,0.35,72,0,8,220307,0.015
0.619,127.956,0.962,-5.562,0.083,0.154,4,0.405,72,0,10,144652,0.0354
0.395,76.984,0.793,-5.578,0.109,0.128,4,0.385,69,1,1,213287,0.277
0.353,87.997,0.797,-9.931,0.102,0.0731,4,0.369,73,0,6,208293,0.59
0.516,119.996,0.877,-5.426,0.143,0.255,4,0.0706,77,0,2,162053,0.215
0.744,84.005,0.867,-5.171,0.0713,0.645,4,0.227,71,1,2,173288,0.268
0.515,120.1,0.567,-10.265,0.078,0.321,1,0.247,73,0,6,224000,0.354
0.463,108.003,0.97,-7.259,0.151,0.46,4,0.366,72,1,10,142417,0.0957
0.662,143.943,0.767,-4.856,0.123,0.259,4,0.0578,69,0,5,193333,0.103
0.622,130.001,0.847,-6.747,0.285,0.22,4,0.0903,82,0,1,125040,0.119
0.701,134.039,0.71,-5.415,0.178,0.564,4,0.0317,68,1,11,219174,0.0105
0.727,150.062,0.477,-4.053,0.108,0.227,4,0.286,70,1,2,236524,0.000866
0.48,143.029,0.846,-8.618,0.0989,0.419,4,0.359,68,0,8,169532,0.269
0.651,163.935,0.665,-5.515,0.0896,0.237,4,0.156,77,1,1,175755,0.0414
0.692,79.899,0.623,-5.122,0.153,0.566,4,0.0504,78,1,2,240051,0.328
0.572,141.996,0.823,-6.067,0.113,0.568,4,0.0865,69,0,6,175954,0.0079
0.613,149.972,0.65,-6.13,0.267,0.0804,4,0.128,76,0,9,194621,0.00336
0.529,161.989,0.671,-7.226,0.0856,0.203,4,0.307,83,1,0,165820,0.0769
0.736,147.946,0.776,-4.612,0.159,0.233,4,0.247,71,1,7,186945,0.0802
0.801,104.986,0.778,-7.326,0.0912,0.914,4,0.106,70,0,6,157714,0.692
0.819,110.14,0.726,-7.094,0.27,0.636,4,0.106,70,1,8,141818,0.477
0.651,67.813,0.49,-6.259,0.108,0.567,5,0.138,68,1,11,180594,0.714
0.653,150.097,0.547,-3.875,0.103,0.163,4,0.081,74,1,5,174853,0.456
0.552,144.941,0.64,-5.679,0.119,0.112,4,0.129,84,1,2,228267,0.0215
0.552,119.476,0.765,-7.524,0.193,0.492,4,0.309,82,0,1,194787,0.175
0.764,140.113,0.882,-5.241,0.119,0.886,4,0.204,81,1,11,140733,0.359
0.634,101.837,0.502,-3.367,0.188,0.645,3,0.144,72,0,8,219628,0.677
0.64,112.984,0.869,-7.677,0.0747,0.535,4,0.0424,68,0,5,172598,0.011
0.719,113.012,0.897,-7.164,0.0677,0.546,4,0.157,71,0,6,157756,0.116
0.668,87.973,0.573,-4.356,0.109,0.145,4,0.0467,82,0,7,199920,0.189
0.52,95.865,0.578,-8.399,0.124,0.425,4,0.151,68,0,11,154579,0.554
0.841,147.989,0.754,-4.563,0.0903,0.838,4,0.0921,68,1,2,137684,0.136
0.683,145.379,0.501,-7.881,0.0685,0.623,5,0.211,71,0,6,161379,0.109
0.648,93.2,0.737,-5.493,0.105,0.746,4,0.138,77,1,1,259354,0.252
0.541,139.978,0.716,-7.909,0.115,0.387,4,0.149,72,1,1,247055,0.0021
0.874,118.079,0.774,-5.641,0.413,0.927,4,0.0488,75,0,5,174053,0.142
0.52,120.001,0.672,-7.747,0.115,0.37,4,0.0353,89,1,8,226600,0.859
0.366,141.981,0.604,-7.519,0.133,0.13,4,0.0282,77,1,5,224695,0.578
0.422,119.964,0.53,-6.262,0.107,0.349,4,0.0342,78,1,5,221360,0.407
0.264,119.93,0.422,-7.064,0.132,0.331,4,0.0322,83,1,8,269560,0.922
0.547,95,0.778,-7.273,0.132,0.442,4,0.0489,83,1,2,242733,0.344
0.706,122.013,0.663,-4.972,0.115,0.474,4,0.0383,71,0,1,257840,0.0654
0.779,173.799,0.468,-4.839,0.101,0.26,4,0.0779,77,1,9,217747,0.112
0.661,173.372,0.429,-7.227,0.234,0.285,4,0.0281,89,1,11,266773,0.00239
0.454,159.982,0.689,-7.643,0.0707,0.912,4,0.0584,89,1,2,159246,0.0351
0.715,155.925,0.315,-8.072,0.0942,0.497,3,0.0362,87,0,11,289533,0.00125
0.5,117.896,0.664,-6.935,0.0966,0.801,4,0.0651,87,1,9,182347,0.799
0.28,72.795,0.612,-8.648,0.088,0.387,4,0.0434,87,1,0,213827,0.932
0.663,121.07,0.6,-5.802,0.119,0.286,4,0.0477,86,1,3,245493,0.225
0.537,122.769,0.445,-8.532,0.0944,0.131,4,0.04,86,0,4,244360,0.695
0.635,103.019,0.617,-6.769,0.164,0.446,4,0.0317,86,0,11,247160,0.0498
0.296,115.284,0.351,-10.109,0.095,0.12,4,0.0333,86,0,4,200186,0.934
0.697,138.992,0.74,-4.912,0.224,0.732,4,0.034,86,1,8,163648,0.0268
0.652,95.977,0.825,-3.183,0.0931,0.931,4,0.0802,86,0,1,233713,0.581
0.192,175.212,0.369,-12.151,0.0954,0.148,3,0.04,85,0,4,228013,0.555
0.841,109.021,0.635,-5.379,0.0622,0.424,4,0.0422,85,1,5,220734,0.0134
0.557,85.043,0.358,-7.398,0.0902,0.494,4,0.059,85,1,10,211467,0.695
0.607,81.001,0.684,-8.127,0.191,0.498,4,0.1,85,0,11,195373,0.0267
0.448,95.05,0.599,-6.312,0.106,0.168,3,0.0232,86,1,8,263400,0.163
0.442,146.277,0.557,-7.224,0.11,0.213,4,0.0243,84,1,5,309600,0.731
0.552,75.881,0.346,-6.864,0.114,0.0789,4,0.0282,84,0,0,286480,0.417
0.822,167.997,0.604,-4.833,0.147,0.288,4,0.0438,84,1,0,187147,0.00672
0.543,68.534,0.359,-7.582,0.118,0.453,4,0.0919,84,1,7,221307,0.492
0.763,120.042,0.695,-3.497,0.0863,0.551,4,0.0396,83,1,0,215280,0.189
0.425,102.078,0.357,-7.301,0.322,0.27,3,0.0333,83,1,5,198040,0.584
0.741,153.96,0.601,-5.569,0.415,0.441,4,0.0478,83,1,2,153190,0.185
0.713,120.032,0.742,-5.522,0.059,0.879,4,0.0303,83,0,1,189960,0.0205
0.379,107.989,0.614,-10.48,0.0986,0.201,4,0.0476,84,1,4,258987,0.607
0.754,149.789,0.752,-6.684,0.0486,0.755,4,0.0615,82,1,1,206880,0.0151
0.417,138.178,0.209,-8.74,0.113,0.124,4,0.0338,82,1,3,295533,0.164
0.603,97.994,0.712,-5.52,0.115,0.67,4,0.0262,82,1,8,265493,0.186
0.574,111.881,0.459,-4.857,0.0885,0.183,4,0.0577,81,1,3,215107,0.608
0.648,96.888,0.633,-6.645,0.161,0.49,4,0.062,81,1,4,200690,0.121
0.776,77.987,0.585,-5.898,0.3,0.427,4,0.0459,81,1,5,244507,0.0572
0.585,139.631,0.449,-6.761,0.0833,0.212,4,0.0268,81,1,5,278719,0.0509
0.327,91.05,0.775,-7.241,0.0821,0.595,4,0.0557,82,1,11,189486,0.841
0.445,78.998,0.781,-6.061,0.184,0.591,4,0.0295,81,1,2,281560,0.474
0.638,79.064,0.481,-5.862,0.154,0.497,4,0.0276,80,1,0,259933,0.153
0.845,110.056,0.671,-4.93,0.329,0.775,4,0.048,80,0,11,176579,0.0207
0.797,139.994,0.704,-5.927,0.0546,0.825,4,0.0475,79,1,0,148486,0.0826
0.628,103.998,0.674,-7.079,0.0944,0.552,4,0.03,79,1,2,247907,0.00144
0.862,95.051,0.712,-4.612,0.093,0.809,4,0.0378,82,0,5,206200,0.0525
0.473,119.992,0.765,-5.829,0.391,0.34,4,0.0514,79,1,10,237300,0.287
0.465,89.087,0.449,-8.964,0.303,0.543,3,0.0791,79,1,0,198371,0.524
0.798,116.032,0.796,-6.312,0.0952,0.942,4,0.0317,79,1,1,202735,0.034
0.53,108.038,0.63,-7.259,0.177,0.417,3,0.0434,78,1,0,225053,0.4
0.55,101.19,0.551,-5.339,0.202,0.342,3,0.0286,78,1,10,176440,0.777
0.663,102,0.651,-5.569,0.0994,0.465,4,0.0281,80,0,0,259453,0.228
0.401,111.825,0.677,-8.467,0.116,0.195,4,0.0308,78,1,9,232852,0.712
0.699,114.481,0.85,-3.292,0.32,0.915,4,0.0776,78,1,0,114234,0.152
0.764,169.928,0.591,-5.484,0.103,0.478,4,0.0483,78,1,1,141806,0.0383
0.45,178.765,0.597,-6.658,0.382,0.537,3,0.0418,78,1,8,228482,0.223
0.82,144.905,0.621,-4.865,0.104,0.452,4,0.0367,78,1,10,230192,0.332
0.174,112.672,0.681,-8.745,0.0983,0.231,4,0.0315,78,1,1,260285,0.837
0.488,136.07,0.752,-7.05,0.0936,0.533,4,0.0705,78,1,6,201661,0.293
0.738,119.976,0.721,-4.77,0.118,0.637,4,0.0403,77,1,7,154983,0.00226
0.902,100.012,0.673,-2.392,0.0558,0.536,4,0.0346,77,1,2,194240,0.0591
0.788,120.076,0.748,-7.055,0.0863,0.884,4,0.0334,78,1,1,235493,0.0591
0.657,107.01,0.753,-3.061,0.112,0.437,4,0.0449,76,1,7,184732,0.171
0.342,102.819,0.516,-8.985,0.21,0.0993,4,0.0425,76,1,4,206459,0.55
0.794,114.066,0.601,-5.844,0.418,0.244,4,0.0671,76,0,7,217099,0.00987
0.673,203.812,0.492,-5.431,0.137,0.488,4,0.0347,76,1,6,163855,0.413
0.426,84.876,0.674,-9.504,0.132,0.337,4,0.122,76,1,7,190185,0.12
0.656,104.036,0.638,-5.886,0.146,0.225,4,0.0357,75,1,5,262467,0.188
0.825,94.931,0.56,-3.862,0.161,0.268,4,0.0379,75,1,11,237493,0.323
0.792,119.054,0.627,-4.311,0.0845,0.415,4,0.031,75,1,2,235767,0.13
0.54,116.947,0.759,-6.039,0.0945,0.75,4,0.0287,75,0,9,190960,0.037
0.683,159.878,0.515,-5.099,0.392,0.572,4,0.0371,74,1,5,220947,0.0749
0.444,150.96,0.703,-9.331,0.0973,0.712,4,0.0417,74,1,11,242947,0.559
0.719,112.027,0.558,-5.113,0.115,0.371,4,0.0267,74,1,2,208600,0.0367
0.495,129.062,0.864,-7.036,0.0992,0.72,4,0.037,74,1,0,244973,0.591
0.706,92.513,0.482,-5.762,0.105,0.144,4,0.0607,74,1,9,224920,0.135
0.495,103.375,0.694,-14.222,0.0644,0.799,4,0.0329,74,1,9,257187,0.0137
0.586,126.684,0.553,-6.319,0.0813,0.443,4,0.0362,74,1,11,196373,0.697
0.903,74.988,0.52,-5.497,0.254,0.652,4,0.042,74,1,2,219801,0.00517
0.331,72.023,0.459,-12.603,0.135,0.271,3,0.0421,73,0,9,183624,0.817
0.714,175.924,0.564,-4.987,0.155,0.33,4,0.129,73,1,7,204013,0.0549
0.798,120.012,0.719,-4.582,0.134,0.591,4,0.0361,73,1,10,227741,0.0162
0.588,113.608,0.491,-6.177,0.0906,0.193,4,0.0506,72,1,1,269600,0.0281
0.71,89.929,0.5,-3.015,0.329,0.419,4,0.0339,72,1,3,175200,0.19
0.445,50.827,0.286,-8.087,0.114,0.278,4,0.0347,72,1,6,217352,0.355
0.415,114.145,0.728,-6.852,0.0616,0.455,4,0.0639,72,1,8,176320,0.401
0.632,147.873,0.494,-6.89,0.0869,0.0797,4,0.0342,72,1,5,274693,0.682
0.473,75.801,0.464,-10.086,0.109,0.604,4,0.129,72,1,1,208687,0.866
0.72,79.983,0.508,-5.908,0.0563,0.472,4,0.0628,71,0,11,261640,0.272
0.638,184.086,0.378,-5.576,0.0849,0.735,4,0.075,71,1,10,250627,0.02
0.549,90.04,0.644,-5.415,0.134,0.167,4,0.0285,71,0,1,253813,0.0209
0.725,123.28,0.49,-3.304,0.0983,0.335,4,0.0392,70,1,10,240440,0.123
0.63,89.991,0.654,-4.644,0.111,0.43,4,0.0259,70,1,10,167693,0.153
0.316,118.582,0.398,-7.031,0.295,0.174,4,0.0368,70,1,1,253342,0.805
0.922,130.007,0.666,-4.645,0.0867,0.758,4,0.0352,70,1,5,216160,0.000348
0.348,74.541,0.349,-6.142,0.12,0.0886,4,0.0316,69,1,3,246587,0.726
0.787,117.089,0.399,-2.88,0.0685,0.572,5,0.0499,69,1,1,216120,0.0197
0.465,113.81,0.6,-4.951,0.149,0.0682,4,0.0314,69,1,4,230880,0.643
0.698,143.994,0.726,-4.165,0.309,0.867,4,0.0431,89,1,5,233478,0.049
0.587,186.003,0.679,-7.015,0.137,0.486,4,0.276,87,1,7,230453,0.141
0.669,112.238,0.908,-2.827,0.237,0.662,4,0.0738,86,1,7,290320,0.00286
0.652,95.977,0.825,-3.183,0.0931,0.931,4,0.0802,86,0,1,233713,0.581
0.939,129.024,0.671,-3.206,0.298,0.53,4,0.161,84,1,8,252307,0.191
0.902,84.412,0.573,-7.638,0.0928,0.876,4,0.054,84,0,6,225280,0.018
0.824,100.024,0.778,-5.892,0.405,0.758,4,0.0707,84,0,10,218093,0.284
0.791,105.018,0.894,-4.699,0.0388,0.583,4,0.112,84,1,2,250373,0.0183
0.866,128.038,0.578,-3.804,0.257,0.619,4,0.0619,83,1,1,199080,0.00701
0.887,122.509,0.532,-3.757,0.294,0.794,4,0.0335,83,1,0,249293,0.0778
0.783,124.08,0.532,-5.697,0.161,0.643,4,0.0523,83,1,2,247427,0.0038
0.838,143.04,0.774,-3.914,0.242,0.924,4,0.114,83,0,5,198800,0.0249
0.711,125.135,0.692,-7.498,0.12,0.875,4,0.0317,83,0,0,216933,0.225
0.837,120.028,0.755,-2.718,0.289,0.714,4,0.142,83,0,2,199693,0.0991
0.76,99.947,0.655,-3.669,0.299,0.409,4,0.045,83,0,0,200787,0.0797
0.87,100.804,0.543,-6.514,0.792,0.754,4,0.0428,82,1,9,230400,0.358
0.823,128.035,0.646,-4.123,0.322,0.418,4,0.0394,82,0,2,227267,0.213
0.807,114.742,0.729,-6.492,0.319,0.765,4,0.0936,82,1,6,179120,0.181
0.963,129.992,0.581,-4.087,0.139,0.788,4,0.0981,82,1,11,204160,0.0295
0.835,125.983,0.527,-5.298,0.249,0.654,4,0.0433,82,1,6,176658,0.0166
0.861,119.963,0.663,-3.398,0.082,0.654,4,0.109,81,0,7,220800,0.0338
0.699,92.96,0.759,-5.745,0.443,0.907,4,0.0307,81,0,0,211067,0.202
0.806,94.948,0.843,-5.946,0.0771,0.613,4,0.269,81,0,4,270507,0.143
0.806,119.001,0.851,-4.618,0.121,0.774,4,0.0787,81,1,4,237200,0.119
0.802,124.022,0.721,-5.797,0.694,0.724,4,0.0583,82,1,1,229360,0.0921
0.856,127.949,0.596,-3.556,0.141,0.743,4,0.0346,81,0,4,222533,0.0211
0.824,118.818,0.709,-8.824,0.0888,0.867,4,0.0453,81,1,1,291293,0.207
0.869,159.805,0.533,-5.093,0.136,0.425,4,0.173,80,1,11,208373,0.156
0.844,113.324,0.788,-3.131,0.0723,0.382,4,0.0334,80,1,2,251240,0.25
0.803,106.97,0.818,-4.282,0.153,0.632,4,0.0797,80,1,1,225983,0.034
0.799,120.372,0.71,-4.897,0.349,0.725,4,0.0328,80,1,6,238267,0.22
0.834,139.13,0.509,-6.205,0.0732,0.774,4,0.0386,80,1,2,216053,0.0183
0.795,89.99,0.646,-3.293,0.267,0.796,4,0.0976,80,1,9,210960,0.0319
0.58,120.021,0.782,-6.548,0.108,0.66,4,0.0407,80,1,7,193400,0.0114
0.882,102.04,0.742,-2.862,0.206,0.463,4,0.117,80,1,7,221176,0.0466
0.787,126.062,0.604,-3.674,0.127,0.301,4,0.103,80,0,0,245040,0.0679
0.583,117,0.967,-5.562,0.0519,0.964,4,0.0789,80,0,7,242733,0.0584
0.766,127.966,0.744,-6.375,0.509,0.61,4,0.0265,80,1,0,289133,0.0873
0.567,125.02,0.845,-8.118,0.0811,0.793,4,0.0956,79,0,5,205680,0.59
0.669,122.669,0.834,-5.582,0.0535,0.547,4,0.0637,79,0,6,267080,0.0341
0.864,110.009,0.768,-6.149,0.162,0.891,4,0.0324,79,1,11,173027,0.101
0.761,128.046,0.722,-4.46,0.315,0.624,4,0.0475,79,0,11,201493,0.0119
0.834,95.053,0.751,-5.444,0.355,0.894,4,0.0437,79,0,1,211160,0.3
0.501,144.438,0.5,-8.284,0.26,0.623,4,0.0376,79,0,0,153800,0.462
0.739,118.99,0.822,-4.541,0.181,0.745,4,0.0311,79,0,1,241933,0.0264
0.857,128.024,0.414,-4.078,0.343,0.348,4,0.0808,79,0,0,212960,0.0287
0.574,125.18,0.613,-7.961,0.38,0.755,5,0.467,78,1,11,209107,0.0253
0.491,119.528,0.749,-9.655,0.159,0.536,4,0.0403,78,1,10,292613,0.02
0.84,129.042,0.612,-3.145,0.116,0.438,4,0.0509,78,0,11,212862,0.112
0.815,123.063,0.636,-5.098,0.163,0.636,4,0.0581,78,0,5,219043,0.0185
0.714,100.972,0.892,-6.055,0.0521,0.817,4,0.141,78,0,4,267267,0.201
0.814,124.921,0.707,-4.509,0.168,0.717,4,0.0577,78,0,11,238627,0.0861
0.917,132.975,0.652,-6.72,0.0509,0.459,4,0.0548,78,1,6,239027,0.0082
0.844,131.459,0.729,-8.824,0.0604,0.777,4,0.0344,78,1,5,275440,0.149
0.563,126.007,0.766,-7.516,0.115,0.964,4,0.0339,78,0,9,230640,0.0263
0.6,125.04,0.951,-4.675,0.0712,0.822,4,0.0685,78,0,0,218573,0.106
0.726,121.981,0.503,-5.456,0.0895,0.529,4,0.167,78,1,1,255632,0.0159
0.736,127.999,0.579,-3.863,0.198,0.613,4,0.0527,78,0,6,230613,0.31
0.777,130.003,0.73,-5.194,0.0691,0.575,4,0.0496,78,0,3,284867,0.105
0.783,105.39,0.554,-5.852,0.631,0.813,4,0.0457,78,1,6,162467,0.416
0.551,92.887,0.911,-3.75,0.0863,0.969,4,0.045,78,0,8,265867,0.133
0.8,160.078,0.647,-5.384,0.334,0.942,4,0.165,78,1,7,219200,0.0647
0.64,99.017,0.779,-8.415,0.101,0.499,4,0.159,78,1,7,246960,0.000155
0.808,126.041,0.72,-5.627,0.0634,0.869,4,0.0379,77,1,6,307154,0.00793
0.625,93.764,0.798,-9.689,0.103,0.858,4,0.0548,77,1,11,211213,0.00547
0.86,127.075,0.608,-5.324,0.262,0.437,4,0.0554,77,0,5,232947,0.0991
0.811,116.047,0.794,-8.966,0.101,0.862,4,0.038,77,0,6,248413,0.0426
0.889,126.04,0.584,-5.941,0.309,0.464,4,0.0343,77,0,1,199907,0.0462
0.654,117.046,0.92,-3.051,0.036,0.847,4,0.0401,77,0,11,293827,0.0236
0.758,135.956,0.673,-3.632,0.341,0.542,4,0.158,77,1,7,229507,0.039
0.716,94.379,0.535,-5.025,0.659,0.901,4,0.0431,77,1,4,175173,0.326
0.77,99.165,0.646,-6.596,0.0715,0.681,4,0.226,77,0,2,236133,0.00249
0.927,123.962,0.631,-2.787,0.148,0.465,4,0.0332,77,0,9,222160,0.199
0.922,146.078,0.641,-4.457,0.0862,0.847,4,0.0786,76,1,2,258343,0.0291
0.716,125.006,0.747,-2.457,0.251,0.751,4,0.0751,76,0,11,210627,0.135
0.646,88.634,0.867,-4.674,0.279,0.67,4,0.288,76,0,1,304600,0.303
0.87,109.901,0.597,-11.97,0.0678,0.944,4,0.0371,76,1,10,238733,0.0119
0.869,127.966,0.616,-3.911,0.064,0.473,4,0.0327,76,1,0,234560,0.0283
0.855,120.05,0.67,-3.035,0.335,0.648,4,0.0499,77,0,0,227280,0.0124
0.748,137.547,0.749,-7.011,0.469,0.827,4,0.0323,76,1,2,213267,0.295
0.738,117.656,0.731,-8.125,0.214,0.958,4,0.0377,76,0,9,236920,0.184
0.83,113.03,0.666,-5.715,0.191,0.702,4,0.0751,76,1,0,236002,0.0123
0.756,131.715,0.802,-10.791,0.0521,0.963,4,0.0349,76,0,2,288293,0.0843
0.915,126.094,0.544,-3.405,0.115,0.51,4,0.0841,76,1,8,184280,0.129
0.86,93.989,0.737,-2.652,0.0574,0.656,4,0.0593,76,0,8,193227,0.11
0.851,126.885,0.722,-3.873,0.108,0.452,4,0.0639,76,0,7,197936,0.0319
0.809,98.007,0.723,-3.081,0.565,0.274,4,0.0625,76,0,7,176561,0.00346
0.89,128.011,0.706,-4.444,0.306,0.684,4,0.0688,76,0,1,248133,0.0588
0.593,119.958,0.79,-9.204,0.065,0.72,4,0.0776,75,0,1,206067,0.0983
0.766,127.975,0.735,-4.485,0.108,0.6,4,0.0383,75,1,1,215227,0.025
0.835,129.981,0.572,-6.219,0.0702,0.795,4,0.0317,75,1,0,241600,0.171
0.872,126.05,0.56,-4.269,0.371,0.682,4,0.14,75,1,3,205933,0.0239
0.751,91.031,0.706,-6.323,0.168,0.195,4,0.0708,75,1,9,182307,0.173
0.702,129.948,0.686,-5.325,0.204,0.29,4,0.0455,75,0,7,214840,0.00637
0.861,128.99,0.704,-4.221,0.0992,0.636,4,0.0493,75,0,2,213394,0.587
0.655,122.49,0.572,-7.027,0.0901,0.392,4,0.0344,75,0,7,237053,0.00579
0.7,101.875,0.85,-6.49,0.244,0.724,4,0.0478,75,1,7,291782,0.0607
0.807,174.06,0.622,-6.752,0.306,0.892,4,0.408,75,0,5,220293,0.103
0.697,122.746,0.613,-8.618,0.332,0.476,4,0.133,74,1,2,320357,0.0194
0.648,125.035,0.869,-8.698,0.126,0.9,4,0.0633,75,0,11,339320,0.121
0.843,117.662,0.529,-6.908,0.0608,0.188,4,0.0616,74,0,6,310333,0.0628
0.832,107.657,0.794,-4.862,0.203,0.871,4,0.0407,74,0,1,196160,0.237
0.954,128.016,0.627,-4.804,0.292,0.312,4,0.0425,74,1,2,223112,0.0015
0.853,108.016,0.731,-4.219,0.268,0.605,4,0.0363,74,0,10,225360,0.0352
0.842,111.038,0.625,-5.285,0.181,0.26,4,0.0376,74,1,5,342680,0.264
0.842,132.032,0.706,-3.956,0.0688,0.861,4,0.0417,74,1,7,220227,7.73E-05
0.928,172.656,0.614,-4.806,0.0845,0.879,4,0.0516,74,0,8,200560,0.0408
0.741,107.075,0.956,-4.753,0.0615,0.911,4,0.124,74,0,11,228240,0.204
0.675,107.064,0.684,-8.123,0.242,0.924,4,0.0257,74,1,11,243933,0.163
0.879,129.991,0.812,-10.998,0.365,0.962,4,0.0397,74,0,1,197960,0.017
0.711,110.621,0.975,-3.904,0.0799,0.815,4,0.0632,74,1,8,234027,0.168
0.772,128.168,0.766,-9.362,0.183,0.919,4,0.0353,74,1,0,220893,0.403
0.535,103.644,0.707,-19.793,0.0884,0.641,4,0.0436,74,0,10,92867,0.113
0.833,95.487,0.715,-5.379,0.164,0.612,4,0.108,73,1,2,213093,0.00631
0.821,118.881,0.878,-9.875,0.183,0.947,4,0.089,73,1,11,365467,0.126
0.862,128.036,0.498,-6.02,0.352,0.469,4,0.0588,73,0,7,192294,0.000313
0.857,119.975,0.56,-4.145,0.381,0.432,4,0.0384,73,0,4,215360,0.0594
0.495,104.409,0.737,-13.489,0.0542,0.967,4,0.027,73,1,1,197147,0.0588
0.699,122.987,0.811,-5.211,0.148,0.733,4,0.114,73,1,7,214789,0.0726
0.954,178.043,0.425,-3.756,0.0555,0.933,4,0.0476,73,0,1,243160,0.00414
0.599,119.993,0.853,-4.756,0.0759,0.843,4,0.0411,73,1,7,263827,0.00334
0.931,113.026,0.753,-4.922,0.234,0.767,4,0.0653,73,1,2,189693,0.00994
0.837,126.342,0.597,-6.518,0.839,0.447,4,0.375,73,1,10,171360,0.00427
0.713,115.443,0.784,-6.865,0.0904,0.97,4,0.0339,73,1,0,220560,0.447
0.985,127.99,0.801,-2.69,0.297,0.72,4,0.0647,72,1,7,166933,0.0205
0.271,111.485,0.898,-12.238,0.0461,0.742,4,0.091,73,1,7,226240,0.0135
0.876,129.884,0.666,-3.078,0.259,0.552,4,0.0414,72,1,3,194840,0.055
0.76,129.996,0.702,-3.174,0.132,0.696,4,0.0684,72,1,5,179640,0.00226
0.81,126.052,0.572,-5.791,0.13,0.11,4,0.0558,72,0,1,214912,0.0157
0.781,119.977,0.751,-3.724,0.036,0.814,4,0.0862,72,1,4,202613,0.0039
0.952,122.093,0.398,-6.042,0.1,0.584,4,0.061,72,1,4,278680,0.000373
0.534,108.17,0.877,-6.178,0.0441,0.89,4,0.15,72,1,1,197560,0.0339
0.838,100.021,0.832,-5.414,0.152,0.965,4,0.0421,72,0,1,218733,0.0791
0.868,131.468,0.704,-5.808,0.206,0.808,4,0.0315,72,1,2,188133,0.0834
0.662,124.149,0.729,-7.191,0.305,0.359,4,0.337,72,0,5,260907,0.00128
0.937,132.067,0.727,-2.871,0.091,0.749,4,0.286,72,0,11,219493,0.00417
0.736,130.011,0.75,-4.168,0.265,0.355,4,0.155,72,0,5,262147,0.0202
0.859,124.948,0.733,-5.03,0.105,0.52,4,0.033,71,0,9,147840,0.479
0.786,96.987,0.808,-6.897,0.0574,0.899,4,0.0447,71,0,4,191240,0.00928
0.63,120.016,0.875,-3.475,0.127,0.548,4,0.0994,71,1,1,272080,0.00546
0.517,133.149,0.867,-13.22,0.0864,0.862,4,0.088,71,0,11,257360,0.00449
0.907,140.982,0.518,-3.732,0.0838,0.961,4,0.0343,71,1,5,179013,0.00221
0.936,131.986,0.729,-7.536,0.0367,0.598,4,0.0776,71,1,9,194000,0.0129
0.828,123.907,0.587,-5.108,0.331,0.493,4,0.161,71,1,11,260253,0.00327
0.763,101.965,0.72,-4.068,0.18,0.742,4,0.0523,70,0,9,251088,0.406
0.748,125.896,0.503,-4.124,0.343,0.356,4,0.0619,70,1,5,210013,0.0305
0.573,107.363,0.684,-12.3,0.306,0.716,4,0.0261,70,1,5,378947,0.318
0.805,127.808,0.69,-11.522,0.095,0.799,4,0.0336,70,0,5,264280,0.000232
0.732,146.005,0.583,-5.729,0.269,0.277,4,0.0459,70,0,11,213428,0.00315
0.792,116.012,0.979,-2.784,0.102,0.583,4,0.0388,70,1,2,254467,0.0025
0.556,138.978,0.531,-6.245,0.318,0.156,3,0.0252,82,1,5,132160,0.407
0.663,146.053,0.634,-6.818,0.102,0.6,4,0.0331,80,1,11,177533,0.433
0.394,96.192,0.421,-8.312,0.0984,0.399,3,0.0277,78,1,11,211000,0.863
0.546,104.996,0.742,-7.694,0.115,0.868,4,0.0315,78,1,1,260520,0.172
0.486,163.9,0.687,-8.673,0.115,0.792,4,0.0579,76,1,11,224726,0.587
0.529,75.515,0.551,-10.469,0.178,0.521,4,0.0517,80,0,5,182307,0.296
0.0867,129.989,0.696,-25.203,0.108,0.349,4,0.0418,73,1,7,98750,0.988
0.351,87.057,0.665,-9.424,0.109,0.451,4,0.0276,71,1,2,126120,0.516
0.585,102.331,0.75,-7.576,0.155,0.584,4,0.0285,73,0,9,159595,0.049
0.286,71.123,0.587,-8.839,0.214,0.302,4,0.0315,71,1,9,224680,0.185
0.382,155.901,0.541,-14.323,0.304,0.343,4,0.035,73,1,7,204991,0.0215
0.864,105.143,0.556,-5.87,0.209,0.4,4,0.0584,88,0,3,216880,0.00958
0.872,184.115,0.466,-3.344,0.121,0.806,4,0.0336,89,1,7,190428,0.0156
0.62,117.038,0.741,-5.505,0.0398,0.934,4,0.0412,79,1,10,251424,0.0295
0.568,107.849,0.614,-5.477,0.0997,0.516,4,0.0276,77,0,7,293960,0.00797
0.532,85.03,0.548,-7.596,0.217,0.405,4,0.0323,84,1,5,272394,0.186
0.767,96.483,0.592,-2.788,0.127,0.328,4,0.027,81,0,9,329733,0.0021
0.715,155.925,0.315,-8.072,0.0942,0.497,3,0.0362,87,0,11,289533,0.00125
0.713,74.989,0.645,-5.355,0.113,0.566,4,0.0393,80,1,6,214507,0.00835
0.795,123.229,0.458,-3.265,0.0756,0.513,4,0.0574,81,1,0,255373,0.00316
0.935,120.092,0.627,-4.882,0.147,0.287,4,0.0324,81,1,5,205227,0.0092
0.87,164.057,0.28,-4.219,0.101,0.284,4,0.0592,71,0,10,261960,0.000686
0.865,100.016,0.58,-4.359,0.106,0.587,4,0.0313,74,0,4,196133,0.105
0.941,119.783,0.502,-5.194,0.553,0.124,4,0.0716,75,1,7,219987,0.000346
0.972,110.006,0.585,-4.45,0.0707,0.585,4,0.0534,76,0,9,230253,0.0143
0.881,158.066,0.413,-5.541,0.0805,0.364,4,0.0367,81,0,11,250547,5.99E-05
0.808,117.971,0.493,-3.365,0.0983,0.38,4,0.0362,70,0,5,268613,0.000235
0.742,159.779,0.268,-4.939,0.626,0.416,4,0.0355,74,1,5,321093,0.0518
0.839,94.015,0.517,-3.521,0.108,0.416,4,0.0287,73,1,0,215880,0.0014
0.637,80.401,0.514,-6.418,0.389,0.18,4,0.0363,71,1,0,209307,0.213
0.796,169.835,0.289,-4.22,0.202,0.33,4,0.0494,74,1,0,238680,0.00837
0.717,88.969,0.595,-4.803,0.108,0.547,4,0.0295,82,1,0,215907,0.0779
0.442,81.201,0.513,-13.529,0.0878,0.243,4,0.0343,72,1,4,229227,0.00731
0.911,108,0.615,-3.584,0.0908,0.685,4,0.0278,74,0,1,205400,0.0686
0.938,91.455,0.618,-3.442,0.167,0.875,4,0.0456,81,1,9,269000,0.0179
0.684,77.15,0.36,-6.457,0.34,0.2,4,0.0308,73,0,4,342653,0.323
0.901,113.967,0.621,-5.396,0.0875,0.744,4,0.0302,74,1,2,300773,0.17
0.595,129.786,0.519,-5.001,0.0762,0.237,4,0.0283,68,1,2,247067,0.00151
0.849,156.036,0.636,-7.075,0.372,0.917,4,0.106,76,1,0,175493,0.0438
0.9,104.655,0.427,-3.674,0.119,0.599,4,0.0499,77,1,11,334667,0.116
0.921,120,0.668,-3.727,0.0877,0.782,4,0.0439,78,1,7,212440,0.0492
0.944,105.338,0.394,-6.506,0.298,0.265,4,0.0761,77,0,10,292581,0.00178
0.652,173.008,0.274,-6.196,0.108,0.1,4,0.0625,70,0,5,288036,0.00768
0.905,128.019,0.602,-4.046,0.117,0.411,4,0.0775,75,1,2,304840,0.000202
0.715,137.028,0.276,-5.356,0.201,0.173,4,0.0432,76,1,0,230760,0.00552
0.913,96.184,0.556,-2.36,0.346,0.73,4,0.0437,77,1,0,282160,0.0193
0.839,143.969,0.572,-5.083,0.522,0.465,4,0.0377,73,0,4,196784,0.013
0.588,144.636,0.424,-5.455,0.298,0.193,4,0.0278,74,1,9,226680,0.0553
0.939,106.031,0.644,-3.486,0.233,0.861,4,0.0456,74,0,11,208107,0.157
0.486,119.955,0.556,-7.139,0.164,0.243,4,0.0329,68,1,2,236533,0.0371
0.842,100.127,0.297,-7.457,0.0848,0.586,4,0.0488,72,1,6,206773,0.000286
0.796,105.991,0.6,-4.481,0.484,0.75,4,0.0275,71,1,2,257920,0.000109
0.663,104.561,0.277,-8.821,0.136,0.527,4,0.0377,80,0,4,237027,0.000409
0.645,89.518,0.552,-6.595,0.0424,0.588,4,0.0268,68,1,7,299733,0.00187
0.584,170.411,0.509,-4.907,0.384,0.685,4,0.057,69,1,0,278747,0.0368
0.94,151.417,0.437,-6.946,0.222,0.48,4,0.0426,73,1,9,212013,0.0524
0.97,122.444,0.451,-4.938,0.102,0.198,4,0.107,74,1,0,216933,0.0264
0.945,91.906,0.51,-5.405,0.0413,0.323,4,0.0804,79,1,1,183584,0.000658
0.862,98.021,0.511,-5.677,0.0939,0.361,4,0.0659,69,1,10,221451,0.0656
0.812,82.002,0.417,-3.979,0.189,0.419,4,0.0332,69,1,10,230053,0.0154
0.872,184.115,0.466,-3.344,0.121,0.806,4,0.0336,79,1,7,190428,0.0156
0.866,109.825,0.308,-5.671,0.232,0.227,4,0.059,69,0,2,438120,0.000739
0.964,140.817,0.445,-5.493,0.0773,0.448,4,0.282,68,1,9,414720,0.037
0.908,114.816,0.415,-9.701,0.082,0.437,4,0.0765,71,1,2,243533,0.00437
0.836,105.173,0.543,-9.11,0.153,0.56,4,0.0353,75,0,4,515387,0.000647
0.908,159.756,0.285,-4.601,0.311,0.669,4,0.0705,71,0,4,252733,0.0318
0.704,118.242,0.43,-8.008,0.0933,0.703,4,0.0804,73,0,1,315120,0.000155
0.934,127.066,0.417,-3.908,0.132,0.287,4,0.119,83,0,7,210240,0.000278
0.891,92.049,0.283,-8.165,0.159,0.226,4,0.178,68,1,2,258267,0.00678
0.695,102.178,0.437,-9.447,0.124,0.413,3,0.0617,72,1,7,447440,0.00111
0.763,148.366,0.365,-9.45,0.0865,0.342,4,0.0591,69,0,11,204867,0.00726
0.908,114.816,0.415,-9.701,0.082,0.437,4,0.0765,71,1,2,243533,0.00437
0.982,143.772,0.354,-3.026,0.204,0.194,4,0.168,80,0,4,252613,0.000237
0.828,123.257,0.577,-8.691,0.0581,0.604,4,0.0298,79,0,6,331267,0.00213
0.916,118.004,0.58,-4.358,0.126,0.683,4,0.0387,75,0,3,305907,0.000297
0.898,103.299,0.353,-5.877,0.39,0.525,4,0.052,77,1,2,255733,2.23E-05
0.963,125.033,0.59,-6.489,0.0781,0.586,4,0.0676,77,0,0,222827,8.75E-05
0.949,129.984,0.554,-4.928,0.2,0.233,4,0.0787,70,1,2,374453,0.000318
0.781,71.841,0.443,-4.277,0.166,0.372,4,0.0377,77,1,1,214760,1.33E-05
0.714,107.441,0.567,-8.512,0.186,0.191,3,0.0302,68,0,9,403533,0.0012
0.776,77.987,0.585,-5.898,0.3,0.427,4,0.0459,81,1,5,244507,0.0572
0.954,143.85,0.465,-4.251,0.573,0.458,4,0.044,70,1,10,193653,0.000346
0.849,162.152,0.643,-5.428,0.058,0.903,4,0.0526,80,1,2,165853,0.0371
0.691,100.008,0.718,-6.44,0.0627,0.552,4,0.0387,69,1,4,213107,0.0159
0.887,119.974,0.606,-4.404,0.337,0.903,4,0.0598,69,1,4,193000,0.000242
0.75,118.015,0.774,-4.927,0.0808,0.927,4,0.0412,72,0,11,197987,0.00207
0.906,172.977,0.517,-3.677,0.113,0.731,4,0.0735,73,1,1,211520,0.00272
0.883,93.41,0.45,-4.094,0.293,0.328,4,0.0524,69,1,7,214707,0.00193
0.9,149.937,0.487,-4.417,0.358,0.484,4,0.0482,77,1,0,204000,6.79E-05
0.406,151.95,0.457,-7.462,0.117,0.208,3,0.0291,73,1,9,223067,0.08
0.936,170.229,0.414,-2.407,0.369,0.74,4,0.0758,70,1,2,242413,0.00136
0.939,177.751,0.494,-3.127,0.139,0.893,4,0.126,75,1,1,175093,0.00666
0.893,104.031,0.61,-3.681,0.021,0.673,4,0.0921,71,1,9,296520,0.154
0.923,136.01,0.602,-3.763,0.0561,0.765,4,0.044,78,1,5,216013,0.0098
0.83,170.094,0.569,-4.106,0.114,0.609,4,0.14,72,0,9,186635,0.0807
0.897,148.708,0.434,-4.918,0.612,0.685,4,0.0488,81,1,0,167067,0.0103
0.814,104.98,0.546,-5.146,0.0972,0.146,4,0.0314,77,1,7,285653,0.023
0.943,94.612,0.331,-3.188,0.242,0.296,4,0.0698,83,0,4,235893,0.00721
0.926,149.976,0.578,-3.689,0.14,0.877,4,0.0548,71,0,6,220707,0.00472
0.781,110.024,0.655,-6.547,0.0867,0.584,4,0.034,75,1,11,227240,0.00103
0.682,167.06,0.496,-4.095,0.0589,0.474,4,0.0294,70,1,8,262333,0.00552
0.988,186.113,0.38,-2.042,0.368,0.769,4,0.0639,79,1,1,176346,2.64E-05
0.823,87.904,0.693,-3.761,0.328,0.741,4,0.0726,68,1,5,196093,0.0932
0.563,137.715,0.452,-6.607,0.143,0.209,3,0.0272,74,1,4,267653,0.144
0.744,119.921,0.628,-4.718,0.313,0.277,4,0.0379,68,1,7,169397,0.0257
0.946,103.408,0.494,-2.757,0.398,0.741,4,0.0637,74,1,4,169027,0.00129
0.904,173.734,0.486,-3.751,0.0947,0.786,4,0.0638,71,0,6,198267,3.43E-05
0.932,92.956,0.545,-2.189,0.127,0.464,4,0.0399,75,0,7,192000,0.000665
0.873,143.519,0.308,-4.542,0.0974,0.686,4,0.0533,68,1,8,206587,0.00022
0.892,154.844,0.46,-5.046,0.106,0.59,4,0.0619,77,0,10,203507,0.0051
0.857,111.647,0.463,-3.063,0.184,0.856,4,0.0632,79,1,4,161920,0.0506
0.914,196.482,0.403,-5.215,0.065,0.626,4,0.142,73,1,9,178267,0.000579
0.951,157.663,0.391,-7.419,0.0878,0.468,4,0.0688,77,1,6,148360,0.012
0.705,138.559,0.818,-6.679,0.613,0.772,4,0.177,84,1,6,222640,0.00836
0.94,179.722,0.21,-3.427,0.269,0.255,4,0.123,74,1,9,186480,0.00602
0.87,164.057,0.28,-4.219,0.101,0.284,4,0.0592,71,0,10,261960,0.000686
0.818,119.965,0.695,-5.379,0.0219,0.916,4,0.0334,73,0,5,182693,0.00647
0.96,125.921,0.356,-3.487,0.209,0.0857,4,0.104,76,1,4,204733,0.0142
0.883,122.252,0.467,-3.679,0.125,0.309,4,0.106,72,0,2,299227,0.000321
0.986,165.981,0.411,-2.522,0.371,0.649,4,0.0583,68,0,8,205960,0.000264
0.796,169.835,0.289,-4.22,0.202,0.33,4,0.0494,74,1,0,238680,0.00837
0.886,145.781,0.202,-3.805,0.643,0.192,4,0.0816,70,0,11,194253,0.0286
0.928,95.594,0.579,-4.344,0.18,0.882,4,0.0411,74,1,0,171533,0.000715
0.842,162.011,0.494,-4.784,0.122,0.574,4,0.0843,76,1,7,229093,0.00579
0.961,114.451,0.621,-3.198,0.0854,0.449,4,0.154,75,0,11,180267,0.00523
0.959,193.144,0.409,-4.563,0.0766,0.83,4,0.0869,69,1,9,171600,0.000324
0.827,167.086,0.29,-3.451,0.301,0.45,4,0.0362,69,1,8,493400,0.000659
0.775,136.02,0.52,-5.803,0.364,0.383,4,0.0348,71,1,0,249627,0.034
0.965,112.363,0.403,-2.238,0.341,0.431,4,0.0964,75,1,6,236293,3.81E-05
0.925,159.989,0.472,-3.545,0.0826,0.338,4,0.15,68,0,6,267867,0.000394
0.422,112.751,0.756,-12.967,0.0368,0.487,4,0.0292,72,0,11,304133,0.0165
0.214,67.531,0.332,-12.518,0.0839,0.11,4,0.0349,75,1,4,271093,0.845
0.498,116.262,0.581,-6.9,0.132,0.111,4,0.0276,74,1,1,206360,0.198
0.428,149.705,0.641,-9.29,0.0579,0.53,3,0.024,70,0,5,351467,0.0666
0.519,140.054,0.546,-9.072,0.24,0.247,4,0.0291,71,1,8,342400,0.36
0.652,80.61,0.52,-6.655,0.256,0.722,4,0.0274,77,1,5,258787,0.339
0.402,119.873,0.651,-9.303,0.0765,0.258,4,0.028,68,1,11,345600,0.639
0.317,131.783,0.509,-16.063,0.0878,0.247,4,0.0305,69,1,5,192067,0.621
0.381,121.948,0.476,-10.238,0.0614,0.33,4,0.0342,70,0,5,286920,0.727
0.264,99.304,0.636,-14.567,0.275,0.264,3,0.0263,68,0,6,238467,0.593
0.249,82.803,0.418,-13.744,0.112,0.213,4,0.0301,71,1,3,218547,0.841
0.74,118.01,0.593,-6.12,0.102,0.501,4,0.0339,69,1,8,208107,0.364
0.64,101.991,0.691,-5.087,0.2,0.452,4,0.0384,69,1,8,210227,0.0247
0.533,131.745,0.584,-7.11,0.306,0.224,3,0.0305,71,0,10,288427,0.684
0.65,129.993,0.727,-5.357,0.111,0.668,4,0.0337,70,1,0,254533,0.662
0.588,94.519,0.686,-8.343,0.0954,0.617,4,0.0554,75,0,7,249120,0.178
0.72,79.983,0.508,-5.908,0.0563,0.472,4,0.0628,71,0,11,261640,0.272
0.612,86.768,0.536,-5.847,0.209,0.57,4,0.272,71,1,4,229040,0.119
0.438,87.903,0.384,-9.149,0.101,0.287,4,0.0362,72,1,0,456867,0.753
0.467,119.919,0.615,-9.883,0.099,0.177,4,0.0327,74,1,1,273667,0.314
0.825,94.931,0.56,-3.862,0.161,0.268,4,0.0379,75,1,11,237493,0.323
0.602,94.382,0.805,-9.7,0.0581,0.744,4,0.0579,73,0,0,238600,0.119
0.512,128.019,0.634,-8.651,0.0588,0.193,4,0.0285,68,1,1,331240,0.114
0.479,81.998,0.675,-9.87,0.088,0.454,4,0.0278,75,0,0,209493,0.633
0.678,138.009,0.713,-3.525,0.149,0.734,4,0.102,78,0,5,271333,0.273
0.859,65.043,0.728,-5.237,0.111,0.535,4,0.137,81,0,5,214240,0.0401
0.629,93.985,0.657,-4.938,0.254,0.726,4,0.0782,69,1,6,266893,0.194
0.467,138.007,0.845,-7.674,0.0694,0.702,4,0.138,68,1,1,211200,0.0586
0.621,140.036,0.583,-6.902,0.181,0.399,4,0.0479,70,0,5,323480,0.00972
0.68,132.012,0.727,-4.498,0.0821,0.728,4,0.0286,77,1,2,212507,0.0101
0.925,86.989,0.749,-5.034,0.52,0.641,4,0.227,83,1,10,263373,0.241
0.73,93.867,0.637,-5.38,0.0981,0.731,4,0.0877,69,0,5,218947,0.322
0.932,129.473,0.522,-2.87,0.177,0.33,4,0.255,68,1,11,299507,0.119
0.622,74.267,0.328,-7.291,0.104,0.401,4,0.0866,74,0,5,228093,0.858
0.422,74.375,0.692,-10.533,0.0848,0.468,4,0.0333,72,1,2,193120,0.0811
0.549,90.04,0.644,-5.415,0.134,0.167,4,0.0285,71,0,1,253813,0.0209
0.479,184.374,0.656,-7.055,0.168,0.708,4,0.0348,69,0,7,261867,0.0665
0.768,80.063,0.78,-4.325,0.518,0.507,4,0.238,79,0,6,404107,0.0371
0.656,104.036,0.638,-5.886,0.146,0.225,4,0.0357,75,1,5,262467,0.188
0.476,139.987,0.84,-7.918,0.0865,0.767,4,0.0629,74,1,0,201400,0.0264
0.614,136.628,0.553,-5.098,0.0811,0.345,4,0.0306,71,1,1,242679,0.764
0.596,93.135,0.569,-6.486,0.205,0.754,4,0.172,69,1,8,217347,0.452
0.565,101.967,0.78,-7.32,0.063,0.365,4,0.0306,77,0,3,322133,0.736
0.306,118.068,0.65,-9.443,0.0707,0.605,4,0.0393,75,1,9,180056,0.57
0.661,130.009,0.762,-6.075,0.256,0.769,4,0.0687,78,0,1,225373,0.15
0.606,97.785,0.596,-12.145,0.0863,0.886,4,0.0255,78,1,7,283800,0.181
0.834,118.222,0.249,-8.21,0.0924,0.337,4,0.0574,75,1,0,547107,0.0742
0.752,120.47,0.422,-8.682,0.129,0.404,4,0.0449,73,1,6,356627,0.0366
0.247,140.232,0.467,-14.161,0.157,0.258,4,0.0314,72,1,7,209078,0.906
0.5,117.896,0.664,-6.935,0.0966,0.801,4,0.0651,87,1,9,182347,0.799
0.638,144.458,0.486,-6.231,0.078,0.178,4,0.0323,74,1,0,199827,0.000921
0.122,148.658,0.264,-15.399,0.094,0.0735,4,0.0349,72,1,9,371320,0.885
0.485,95.968,0.753,-9.431,0.192,0.547,4,0.035,73,1,11,206250,0.345
0.561,115.011,0.598,-11.676,0.196,0.231,4,0.0376,74,1,0,279000,0.611
0.324,141.8,0.733,-8.122,0.067,0.388,4,0.033,71,1,5,199391,0.479
0.22,129.9,0.702,-13.696,0.0891,0.197,4,0.0403,79,1,0,145438,0.698
0.467,157.338,0.413,-9.282,0.0711,0.377,4,0.0292,69,1,9,200589,0.732
0.378,120.133,0.662,-10.908,0.121,0.207,4,0.0361,73,1,9,297103,0.475
0.216,79.109,0.555,-11.661,0.109,0.504,3,0.0721,84,1,3,87000,0.557
0.291,83.943,0.388,-12.952,0.0874,0.51,4,0.0421,77,1,3,202047,0.774
0.363,121.412,0.531,-7.672,0.112,0.259,4,0.0608,77,1,10,229720,0.749
0.187,132.679,0.303,-16.757,0.102,0.212,4,0.0356,83,1,2,160853,0.989
0.551,148.035,0.527,-11.258,0.403,0.443,4,0.0345,84,1,7,159636,0.384
0.186,110.044,0.6,-15.926,0.104,0.468,4,0.0317,76,1,3,217467,0.909
0.439,122.877,0.586,-7.993,0.117,0.365,4,0.0346,73,1,0,199756,0.715
0.417,87.003,0.654,-9.226,0.831,0.649,4,0.0387,68,1,11,147608,0.446
0.731,101.654,0.483,-6.696,0.151,0.484,4,0.0381,85,1,1,204280,0.436
0.731,94.009,0.656,-5.861,0.397,0.376,4,0.0278,71,1,4,147167,0.575
0.624,170.076,0.505,-6.526,0.314,0.413,4,0.0373,70,1,6,194417,0.0253
0.452,108.953,0.413,-10.232,0.332,0.102,4,0.0308,69,1,0,196211,0.588
0.864,99.995,0.637,-4.381,0.222,0.706,4,0.0468,69,1,8,214720,0.484
0.413,94.938,0.494,-10.432,0.193,0.273,4,0.0254,93,1,11,211979,0.682
0.331,95.015,0.611,-12.493,0.117,0.559,4,0.028,73,1,4,178293,0.93
0.312,128.094,0.681,-16.173,0.0935,0.789,4,0.0452,69,0,6,171853,0.816
0.316,127.823,0.625,-12.124,0.194,0.452,4,0.0815,70,0,6,236027,0.777
0.399,171.402,0.537,-13.547,0.109,0.832,4,0.0269,71,0,4,187110,0.202
0.533,130.398,0.687,-8.853,0.0844,0.814,4,0.0314,71,1,7,229707,0.573
0.507,123.188,0.653,-17.18,0.155,0.831,4,0.0534,76,0,11,252240,0.687
0.331,95.015,0.611,-12.493,0.117,0.559,4,0.028,73,1,4,178293,0.93
0.309,82.789,0.583,-14.509,0.11,0.473,4,0.045,74,0,2,192480,0.824
0.748,119.965,0.868,-3.492,0.252,0.829,4,0.0951,73,0,1,176000,0.29
0.611,100.024,0.854,-6.26,0.119,0.417,4,0.0864,68,0,8,254400,0.223
0.128,109.986,0.522,-18.717,0.0941,0.124,4,0.0357,70,1,4,187932,0.894
0.235,118.917,0.498,-16.541,0.144,0.0895,4,0.188,73,0,1,179080,0.72
0.00362,69.677,0.235,-37.822,0.0956,0.0885,4,0.0441,70,0,3,105941,0.995
0.618,126.031,0.853,-10.833,0.0972,0.32,4,0.0923,83,1,6,145599,0.633
0.518,126.089,0.875,-8.388,0.125,0.37,4,0.0551,84,1,2,213364,0.0638
0.791,122.085,0.571,-5.935,0.0612,0.585,4,0.0741,70,1,1,175803,0.0494
0.717,121.985,0.793,-4.759,0.226,0.466,4,0.0393,76,0,0,195547,0.0927
0.942,120,0.762,-6.432,0.115,0.038,4,0.038,72,0,9,140000,0.586
0.777,108.005,0.58,-5.69,0.342,0.589,4,0.0655,76,1,3,178273,0.104
0.836,113.998,0.729,-4.312,0.336,0.288,4,0.0462,71,1,8,154731,0.156
0.518,126.089,0.875,-8.388,0.125,0.37,4,0.0551,84,1,2,213364,0.0638
0.787,119.996,0.704,-6.751,0.159,0.31,4,0.0462,83,0,11,214000,0.00926
0.618,126.031,0.853,-10.833,0.0972,0.32,4,0.0923,83,1,6,145599,0.633
0.856,127.949,0.596,-3.556,0.141,0.743,4,0.0346,81,0,4,222533,0.0211
0.869,126.027,0.874,-5.996,0.164,0.726,4,0.0315,80,0,1,102861,0.00116
0.729,127.028,0.88,-6.378,0.185,0.246,4,0.176,79,0,11,198425,0.334
0.86,128.004,0.755,-4.811,0.344,0.618,4,0.0523,77,0,5,152305,0.0144
0.813,125.91,0.513,-2.744,0.258,0.355,4,0.0335,77,1,5,164285,0.28
0.797,121.985,0.845,-4.984,0.167,0.422,4,0.139,77,1,1,151475,0.0582
0.777,108.005,0.58,-5.69,0.342,0.589,4,0.0655,76,1,3,178273,0.104
0.818,125.952,0.687,-4.221,0.248,0.886,4,0.0778,76,1,0,165753,0.0112
0.69,125.004,0.847,-7.877,0.0526,0.692,4,0.0493,76,0,1,186662,0.0127
0.896,101.216,0.67,-4.673,0.344,0.403,3,0.058,75,1,1,160000,0.0342
0.876,129.998,0.671,-5.681,0.0823,0.964,4,0.0352,75,0,7,231545,0.12
0.722,121.964,0.587,-6.983,0.543,0.466,4,0.0709,75,0,2,180843,0.000754
0.886,120.032,0.655,-5.227,0.277,0.778,4,0.0502,74,0,10,199505,0.066
0.655,129.89,0.558,-5.476,0.0854,0.39,4,0.0379,77,1,0,156923,0.208
0.637,120.033,0.847,-8.751,0.121,0.0509,4,0.0587,74,0,7,208135,0.201
0.793,87.024,0.545,-3.615,0.335,0.411,4,0.0371,74,0,0,184852,0.191
0.647,117.737,0.581,-7.335,0.304,0.257,4,0.0614,73,0,11,139384,0.0778
0.785,123.96,0.621,-4.499,0.0512,0.779,4,0.11,73,1,6,155253,0.0165
0.841,129.973,0.714,-5.942,0.596,0.865,4,0.0641,72,0,5,137223,0.0622
0.821,125.051,0.848,-5.408,0.0962,0.249,4,0.0527,72,0,2,157445,0.0169
0.855,75.031,0.605,-4.414,0.098,0.302,4,0.329,72,0,10,140987,0.473
0.782,127.034,0.763,-4.541,0.293,0.502,4,0.0346,71,0,7,177689,0.182
0.821,140.039,0.777,-4.963,0.218,0.439,4,0.0595,71,1,1,169535,0.14
0.594,129.995,0.853,-6.823,0.0469,0.83,4,0.0371,71,0,6,188360,0.052
0.867,124.015,0.747,-7.311,0.114,0.684,4,0.088,70,1,0,220653,0.582
0.606,123.006,0.567,-6.543,0.0686,0.314,4,0.0438,68,0,10,171785,0.0801
0.937,123.993,0.651,-4.078,0.119,0.666,4,0.0468,69,1,7,125179,0.236
0.888,123.031,0.671,-4.285,0.0951,0.412,4,0.0412,69,0,10,146341,0.0022
0.714,127.993,0.634,-7.529,0.374,0.409,4,0.104,69,1,7,146523,0.00882
0.897,124.025,0.689,-4.487,0.0676,0.582,4,0.034,69,0,10,181957,0.145
0.863,130.02,0.652,-4.853,0.6,0.805,4,0.0523,69,0,7,155077,0.0921
0.688,127.938,0.608,-8.597,0.08,0.214,4,0.0499,68,0,5,171094,0.0554
0.951,74.973,0.772,-3.375,0.036,0.4,4,0.271,68,0,9,152000,0.0634
0.88,130.085,0.588,-5.15,0.0667,0.523,4,0.0354,68,1,7,144649,0.0243
0.831,126.056,0.785,-3.681,0.086,0.673,4,0.0444,68,1,0,170359,0.0038
0.8,119.984,0.724,-5.468,0.0823,0.925,4,0.0541,68,0,5,227283,0.0103
0.392,75.066,0.599,-6.869,0.131,0.26,4,0.0257,70,0,10,282813,0.378
0.802,100.001,0.713,-7.055,0.309,0.343,4,0.0561,71,1,4,226739,0.0435
0.953,141.99,0.631,-3.739,0.108,0.422,4,0.0343,68,1,2,273803,0.0241
0.942,120,0.762,-6.432,0.115,0.038,4,0.038,72,0,9,140000,0.586
0.432,81.109,0.695,-8.195,0.296,0.765,4,0.0479,71,0,11,216107,0.312
0.483,90.941,0.738,-9.097,0.086,0.774,4,0.0526,68,1,0,181307,0.467
0.538,80.096,0.72,-8.874,0.0654,0.805,4,0.0455,73,1,10,177040,0.348
0.712,91.98,0.848,-3.574,0.106,0.692,4,0.0981,84,0,1,298131,0.221
0.681,99.998,0.725,-5.277,0.107,0.762,4,0.0376,73,0,8,230526,0.318
0.519,100.025,0.763,-7.426,0.0816,0.804,4,0.0636,83,0,6,134930,0.22
0.616,104.008,0.773,-4.516,0.145,0.25,4,0.0416,72,1,0,190107,0.0565
0.854,117.994,0.786,-2.4,0.106,0.522,4,0.0741,77,0,10,278644,0.169
0.578,167.985,0.724,-7.117,0.0943,0.757,4,0.0819,71,1,10,211879,0.632
0.778,96.057,0.911,-2.248,0.179,0.345,4,0.262,84,1,5,162768,0.0887
0.645,119.935,0.801,-5.605,0.118,0.528,4,0.0706,70,0,6,208000,0.604
0.621,139.056,0.787,-5.009,0.58,0.13,4,0.068,77,0,4,267194,0.15
0.724,94.601,0.847,-5.41,0.118,0.396,4,0.298,73,1,1,216328,0.0869
0.795,94.969,0.845,-3.502,0.224,0.681,4,0.0681,81,0,9,197053,0.343
0.738,169.918,0.841,-7.455,0.0892,0.484,4,0.307,83,0,7,172798,0.52
0.8,143.978,0.652,-4.019,0.112,0.234,4,0.0614,74,0,9,231704,0.143
0.706,140.017,0.863,-5.555,0.0786,0.686,4,0.103,73,0,3,208125,0.143
0.703,123.06,0.713,-5.769,0.321,0.576,4,0.194,69,1,8,255693,0.298
0.712,92.005,0.911,-5.105,0.0933,0.425,4,0.0817,81,0,1,178567,0.0901
0.616,103.071,0.797,-10.229,0.0979,0.451,4,0.375,74,0,1,339612,0.762
0.475,98.047,0.801,-8.797,0.0639,0.234,4,0.0516,79,0,7,213061,0.141
0.715,106.672,0.65,-5.198,0.126,0.187,4,0.253,79,0,5,243717,0.0993
0.684,114.011,0.795,-3.971,0.658,0.419,4,0.0419,76,0,11,237895,0.0225
0.786,196.12,0.663,-3.51,0.219,0.579,4,0.195,73,0,11,198367,0.229
0.707,127.963,0.771,-6.404,0.0745,0.317,4,0.055,73,0,2,228750,0.389
0.856,91.995,0.815,-3.825,0.244,0.872,4,0.122,78,0,1,151667,0.4
0.86,175.896,0.725,-3.726,0.0674,0.791,4,0.182,74,1,1,230125,0.422
0.688,153.979,0.659,-4.649,0.113,0.632,4,0.0673,73,1,6,273474,0.207
0.648,179.951,0.644,-4.601,0.135,0.44,4,0.118,75,1,1,206710,0.276
0.637,92.025,0.811,-4.835,0.118,0.471,4,0.0591,72,0,10,130014,0.234
0.618,81.993,0.856,-4.892,0.0866,0.391,4,0.286,74,1,7,203201,0.0303
0.759,91.952,0.78,-3.292,0.143,0.579,4,0.225,69,1,1,201040,0.462
0.573,109.928,0.731,-10.059,0.113,0.145,4,0.0544,75,0,4,205090,0.401
0.765,174.021,0.691,-4.727,0.203,0.855,4,0.111,74,1,8,246000,0.464
0.829,96.172,0.607,-4.074,0.107,0.685,4,0.379,72,1,2,295177,0.0103
0.848,179.87,0.685,-4.561,0.0783,0.761,4,0.0858,70,0,8,163084,0.0861
0.791,92.023,0.86,-4.784,0.106,0.887,4,0.0568,73,1,0,175918,0.169
0.603,129.928,0.9,-5.313,0.134,0.824,4,0.0646,74,1,2,170972,0.402
0.801,93.992,0.762,-3.661,0.254,0.81,4,0.0409,68,0,1,136893,0.2
0.758,97.014,0.86,-5.16,0.344,0.453,4,0.0695,69,1,11,172127,0.021
0.703,94.004,0.879,-4.219,0.0569,0.788,4,0.0701,71,1,1,199711,0.143
0.596,165.951,0.819,-7.009,0.138,0.622,4,0.318,70,1,2,225542,0.225
0.646,176.088,0.756,-5.795,0.108,0.429,4,0.319,82,1,7,242573,0.152
0.791,92.603,0.639,-4.443,0.362,0.933,4,0.254,75,0,10,222347,0.0275
0.624,176.169,0.61,-4.773,0.243,0.244,4,0.309,72,1,2,250534,0.6
0.689,97.963,0.882,-4.027,0.0501,0.746,4,0.124,69,1,6,161627,0.39
0.647,95.982,0.857,-4.152,0.0842,0.553,4,0.0984,69,0,11,267500,0.391
0.86,93.989,0.737,-2.652,0.0574,0.656,4,0.0593,76,0,8,193227,0.11
0.836,96.993,0.746,-4.336,0.116,0.874,4,0.0445,70,0,5,203187,0.145
0.673,87.961,0.818,-7.542,0.172,0.695,4,0.148,74,0,4,193636,0.348
0.711,173.916,0.718,-5.746,0.1,0.92,4,0.11,72,0,8,226413,0.157
0.701,175.95,0.73,-5.885,0.151,0.785,4,0.106,82,0,5,207307,0.132
0.746,175.965,0.746,-5.046,0.274,0.733,4,0.102,69,0,5,243227,0.152
0.681,140.006,0.807,-6.268,0.0962,0.676,4,0.0983,69,1,11,297485,0.423
0.69,106.034,0.799,-7.252,0.143,0.682,4,0.1,70,1,7,352442,0.282
0.812,87.864,0.683,-4.493,0.0872,0.724,4,0.0711,69,1,7,250840,0.161
0.598,83.836,0.55,-5.402,0.0955,0.543,4,0.0831,74,0,11,232496,0.132
0.761,168.022,0.714,-4.596,0.241,0.906,4,0.0427,69,0,5,230693,0.139
0.617,168.021,0.713,-4.637,0.0962,0.682,4,0.0887,70,1,8,232853,0.122
0.675,79.31,0.627,-7.125,0.0784,0.961,4,0.212,75,0,5,277107,0.125
0.706,88.863,0.635,-3.224,0.108,0.443,4,0.125,70,0,5,209160,0.256
0.766,130.001,0.762,-3.955,0.128,0.442,4,0.0343,76,1,7,287120,0.00776
0.745,94.979,0.793,-4.579,0.293,0.716,4,0.0571,69,1,7,235411,0.182
0.766,93.956,0.737,-4.242,0.114,0.662,4,0.0458,70,0,10,196500,0.31
0.703,169.888,0.639,-6.33,0.0865,0.138,4,0.0794,70,0,4,207301,0.0889
0.7,93.991,0.843,-3.563,0.14,0.899,4,0.0803,69,0,4,226088,0.0934
0.694,90.02,0.869,-3.35,0.0878,0.511,4,0.0783,68,0,1,224997,0.356
0.636,174.14,0.695,-4.654,0.081,0.575,4,0.317,70,1,5,172235,0.234
0.903,78.293,0.564,-3.221,0.175,0.607,4,0.307,71,1,5,230400,0.356
0.674,99.968,0.804,-5.453,0.115,0.292,4,0.0333,79,0,5,245940,0.294
0.584,115.018,0.849,-8.195,0.492,0.724,4,0.115,71,0,1,139041,0.0929
0.673,181.891,0.655,-5.98,0.0753,0.342,4,0.308,70,0,0,249520,0.473
0.858,92.523,0.627,-2.824,0.21,0.342,4,0.386,68,0,11,209160,0.263
0.694,95,0.703,-4.808,0.12,0.298,4,0.0607,71,0,3,245739,0.436
0.789,91.911,0.757,-3.46,0.0717,0.464,4,0.0583,78,0,5,202174,0.307
0.739,179.879,0.704,-3.286,0.0856,0.425,4,0.112,70,1,8,208292,0.328
0.846,98.026,0.734,-3.425,0.235,0.604,4,0.0489,70,0,9,209884,0.166
0.662,93.976,0.892,-3.894,0.363,0.607,4,0.162,68,1,8,227013,0.169
0.479,169.922,0.812,-5.678,0.0756,0.559,4,0.333,79,0,2,234353,0.213
0.892,97.008,0.791,-2.58,0.0609,0.916,4,0.0521,74,1,0,150619,0.0509
0.737,91.986,0.708,-4.045,0.0955,0.607,4,0.0436,82,1,1,197920,0.0739
0.711,102.984,0.822,-4.943,0.083,0.934,4,0.0668,71,1,6,199947,0.179
0.812,162.087,0.785,-3.174,0.107,0.903,4,0.0644,72,1,3,206103,0.147
0.794,92.998,0.843,-4.686,0.25,0.796,4,0.0426,69,0,1,275040,0.226
0.769,167.969,0.771,-3.504,0.345,0.931,4,0.0694,68,0,0,289899,0.18
0.88,180.011,0.72,-2.834,0.153,0.463,4,0.101,75,1,9,197333,0.0562
0.672,93.999,0.817,-5.612,0.13,0.774,4,0.299,72,0,11,332240,0.441
0.543,98.992,0.898,-8.317,0.338,0.359,4,0.121,71,0,6,305114,0.343
0.709,99.993,0.725,-5.017,0.114,0.648,4,0.129,79,0,3,193039,0.321
0.766,96.037,0.88,-2.906,0.382,0.594,4,0.0505,69,0,1,210788,0.0881
0.671,169.727,0.714,-5.119,0.325,0.641,4,0.362,69,1,5,229827,0.292
0.617,173.97,0.703,-5.696,0.433,0.486,4,0.151,75,1,5,275862,0.215
0.626,100.02,0.763,-5.637,0.205,0.78,4,0.0433,85,0,5,156171,0.0859
0.499,99.986,0.791,-8.472,0.0899,0.669,4,0.0509,87,0,8,222000,0.446
0.476,129.992,0.793,-10.515,0.115,0.578,4,0.0406,75,0,5,194769,0.132
0.71,92.009,0.535,-2.978,0.141,0.523,4,0.324,70,0,1,212653,0.428
0.668,128.027,0.924,-6.795,0.0678,0.787,4,0.0469,93,1,11,195824,0.446
0.482,100.029,0.69,-6.335,0.0728,0.356,4,0.2,88,0,7,149074,0.523
0.779,128.028,0.937,-3.539,0.0408,0.95,4,0.329,71,0,4,155625,0.22
0.583,115.221,0.669,-8.949,0.1,0.271,4,0.269,83,1,1,234716,0.603
0.496,100.025,0.696,-7.532,0.0626,0.476,4,0.0365,76,0,9,184806,0.273
0.665,100.09,0.858,-4.772,0.119,0.659,4,0.152,79,1,11,195587,0.126
0.86,100.019,0.774,-2.888,0.116,0.446,4,0.13,88,0,7,196800,0.131
0.507,99.994,0.755,-6.76,0.18,0.606,4,0.0684,76,0,3,124806,0.293
0.599,86.533,0.828,-1.624,0.0775,0.478,5,0.149,73,1,11,171692,0.381
0.827,129.949,0.956,1.295,0.423,0.614,4,0.222,70,1,9,133846,0.136
0.99,126.015,0.748,-2.39,0.267,0.386,4,0.151,72,1,1,118194,0.303
0.803,130.028,0.877,-3.195,0.087,0.795,4,0.0507,77,1,9,61673,0.734
0.413,130.078,0.92,-7.901,0.133,0.679,4,0.0752,72,0,7,138462,0.504
0.789,130.053,0.89,-1.826,0.192,0.758,4,0.428,69,1,11,199615,0.147
0.427,80.492,0.492,-6.37,0.53,0.443,5,0.372,77,0,9,123692,0.364
0.669,130.05,0.949,-3.922,0.169,0.843,4,0.222,78,0,2,132923,0.36
0.687,117.008,0.778,-8.568,0.356,0.839,4,0.105,78,0,11,266667,0.578
0.955,130.068,0.679,-3.715,0.125,0.713,4,0.0437,71,1,6,119221,0.000737
0.582,84.917,0.615,-0.93,0.0791,0.892,5,0.364,68,1,6,157216,0.269
0.96,130.118,0.863,-1.458,0.0853,0.586,4,0.0492,71,1,11,92093,0.497
0.907,117.054,0.863,-5.077,0.182,0.304,4,0.295,72,0,4,107971,0.0683
0.59,86.429,0.711,-5.967,0.0798,0.702,5,0.271,70,0,6,121384,0.26
0.327,90.025,0.707,-17.176,0.155,0.181,4,0.0687,75,0,0,176000,0.185
0.729,98.022,0.629,-5.235,0.253,0.427,4,0.0379,75,0,7,154286,0.431
0.656,120.001,0.685,-8.028,0.318,0.556,4,0.0411,70,0,7,172000,0.702
0.606,95.056,0.831,-4.84,0.0973,0.883,4,0.0626,72,0,8,146526,0.684
0.914,108.02,0.726,-4.226,0.54,0.839,4,0.0802,74,1,7,181518,0.0758
0.724,78.753,0.536,-6.84,0.116,0.587,4,0.152,68,0,9,142000,0.748
0.622,204.028,0.406,-7.647,0.309,0.567,4,0.0648,69,0,3,196075,0.497
0.538,141.894,0.52,-8.109,0.119,0.177,4,0.206,73,1,1,345133,0.367
0.586,130.012,0.891,-4.665,0.213,0.954,4,0.121,75,1,11,134548,0.0833
0.722,119.973,0.769,-5.485,0.111,0.57,4,0.0507,92,0,11,256000,0.0584
0.84,95.416,0.856,-7.736,0.0773,0.792,4,0.334,72,0,6,298053,0.0973
0.818,97.571,0.373,-3.19,0.434,0.361,4,0.102,87,0,3,253834,0.36
0.803,67.536,0.284,-5.293,0.242,0.553,4,0.173,72,0,2,323960,0.302
0.86,76.54,0.575,-3.165,0.0973,0.834,1,0.23,72,0,9,107314,0.298
0.579,84.143,0.562,-6.788,0.102,0.577,4,0.484,70,0,10,176591,0.274
0.621,119.043,0.455,-7.694,0.123,0.28,4,0.0517,82,0,0,251250,0.651
0.76,80.082,0.435,-4.935,0.158,0.206,4,0.0721,76,0,8,351947,0.0175
0.638,82.81,0.677,-8.631,0.193,0.435,4,0.333,73,1,8,211497,0.589
0.498,81.958,0.665,-8.185,0.0757,0.127,4,0.083,72,1,5,179613,0.23
0.441,135.028,0.942,-11.448,0.138,0.925,4,0.469,68,1,11,144000,0.493
0.421,95.977,0.852,-9.153,0.106,0.457,4,0.208,73,0,10,202285,0.428
0.652,141.981,0.47,-9.629,0.175,0.104,4,0.0561,84,1,2,190286,0.0831
0.574,120.013,0.669,-6.442,0.146,0.273,4,0.0286,84,0,4,196400,0.0175
0.638,94.893,0.809,-5.646,0.453,0.608,4,0.28,68,0,8,224043,0.262
0.57,129.953,0.734,-7.066,0.112,0.689,4,0.133,81,0,7,95467,0.847
0.744,82.356,0.798,-5.328,0.292,0.794,4,0.136,78,0,7,260000,0.33
0.653,142.347,0.493,-5.666,0.511,0.852,4,0.0466,73,0,0,121573,0.269
0.435,120.058,0.843,-8.442,0.147,0.19,4,0.178,72,1,8,208080,0.47
0.636,145.972,0.837,-7.643,0.342,0.274,4,0.086,77,1,1,288624,0.0395
0.628,90.482,0.639,-7.578,0.386,0.43,4,0.0398,83,0,6,237507,0.0381
0.354,160.037,0.741,-10.603,0.118,0.583,4,0.0837,78,1,1,326933,0.181
0.463,111.98,0.809,-11.377,0.109,0.364,4,0.0396,80,1,11,298941,0.256
0.604,49.305,0.583,-8.437,0.724,0.691,5,0.456,68,1,2,99907,0.735
0.646,176.153,0.599,-6.326,0.128,0.638,4,0.337,68,1,6,220387,0.222
0.251,139.999,0.746,-16.169,0.106,0.18,4,0.259,84,0,11,120027,0.782
0.734,97.044,0.918,-2.832,0.191,0.608,4,0.269,70,0,11,230693,0.0296
0.63,95,0.874,-3.585,0.0582,0.717,4,0.298,74,1,1,281600,0.0578
0.506,115.994,0.848,-5.105,0.102,0.593,4,0.0336,69,0,4,192693,0.376
0.747,86.918,0.67,-7.059,0.115,0.918,4,0.189,79,1,1,203493,0.337
0.678,117.067,0.595,-5.18,0.418,0.259,4,0.0335,83,1,9,99213,0.0199
0.52,92.869,0.747,-10.523,0.142,0.601,4,0.0357,76,0,10,232773,0.0977
0.533,131.036,0.797,-9.74,0.103,0.329,4,0.0412,84,0,0,146520,0.0172
0.731,174.516,0.552,-6.873,0.258,0.632,4,0.615,72,1,7,248613,0.0536
0.559,78.558,0.558,-9.222,0.109,0.62,4,0.0959,90,1,6,180387,0.371
0.631,84.166,0.48,-5.488,0.149,0.515,4,0.116,70,1,7,195093,0.0791
0.283,138.97,0.898,-12.335,0.11,0.469,4,0.356,68,0,6,216520,0.319
0.283,97.04,0.766,-10.33,0.115,0.144,4,0.0846,77,0,8,219692,0.111
0.648,93.2,0.737,-5.493,0.105,0.746,4,0.138,77,1,1,259354,0.252
0.634,101.837,0.502,-3.367,0.188,0.645,3,0.144,72,0,8,219628,0.677
0.385,106.312,0.619,-11.272,0.179,0.294,5,0.118,71,0,0,135577,0.129
0.651,67.813,0.49,-6.259,0.108,0.567,5,0.138,68,1,11,180594,0.714
0.415,113.976,0.823,-10.845,0.128,0.488,4,0.0637,70,0,5,186154,0.471
0.801,104.986,0.778,-7.326,0.0912,0.914,4,0.106,70,0,6,157714,0.692
0.681,139.057,0.918,-4.705,0.0615,0.706,4,0.201,79,1,1,229133,0.263
0.756,105.024,0.719,-5.392,0.109,0.647,4,0.0761,72,0,5,219500,0.0541
0.503,99.97,0.792,-8.044,0.0959,0.381,4,0.0626,68,1,1,185093,0.0369
0.463,125.15,0.562,-7.478,0.157,0.416,5,0.0787,72,1,6,247579,0.442
0.707,104.027,0.849,-6.002,0.618,0.602,4,0.113,70,1,0,248040,0.0266
0.501,103.993,0.637,-6.148,0.099,0.431,4,0.187,68,0,0,185461,0.229
0.496,109.979,0.812,-5.969,0.0955,0.55,4,0.297,73,0,9,241293,0.271
0.581,102.964,0.609,-10.854,0.283,0.528,3,0.277,72,1,2,196204,0.509
0.642,83.389,0.463,-4.474,0.0686,0.339,4,0.34,82,1,1,189893,0.314
0.655,92.9,0.649,-5.534,0.22,0.793,4,0.0652,70,0,10,147581,0.307
0.549,123.879,0.613,-8.187,0.116,0.78,5,0.231,71,1,9,180000,0.097
0.529,112.014,0.782,-8.626,0.413,0.44,4,0.0592,69,1,0,156429,0.509
0.00161,140.997,0.138,-43.643,0.0951,0.155,1,0.0532,72,1,5,144750,0.977
0.277,159.719,0.329,-13.111,0.0971,0.121,3,0.0302,75,0,10,289560,0.971
0.04,135.965,0.44,-16.887,0.111,0.249,4,0.0322,77,1,3,193749,0.981
0.664,129.071,0.575,-5.303,0.116,0.437,4,0.0481,81,0,4,241688,0.637
0.581,130.033,0.613,-8.588,0.25,0.551,4,0.0424,83,0,0,239560,0.537
0.416,113.986,0.324,-8.92,0.11,0.151,4,0.0368,83,0,11,236053,0.262
0.363,121.412,0.531,-7.672,0.112,0.259,4,0.0608,77,1,10,229720,0.749
0.394,96.192,0.421,-8.312,0.0984,0.399,3,0.0277,78,1,11,211000,0.863
0.308,113.95,0.504,-14.958,0.158,0.121,4,0.0321,88,1,9,137773,0.868
0.422,144.678,0.718,-9.115,0.17,0.455,4,0.0621,71,0,4,207027,0.0764
0.449,123.969,0.327,-5.362,0.22,0.179,4,0.034,68,1,10,218755,0.369
0.135,82.987,0.387,-14.398,0.0948,0.21,4,0.051,72,1,7,216448,0.929
0.179,140.01,0.539,-14.33,0.106,0.145,3,0.0309,72,1,7,198027,0.921
0.119,70.499,0.467,-10.99,0.0973,0.156,4,0.0401,73,1,2,272485,0.969
0.0561,79.764,0.319,-23.023,0.388,0.082,3,0.045,74,1,0,242652,0.935
0.343,145.115,0.474,-8.571,0.305,0.152,3,0.027,72,0,4,243907,0.578
0.156,94.08,0.671,-16.288,0.113,0.201,4,0.0371,69,1,8,211960,0.804
0.128,159.679,0.599,-17.261,0.115,0.367,4,0.109,70,1,10,244221,0.974
0.129,137.35,0.483,-20.149,0.106,0.203,3,0.0349,81,0,5,161929,0.947
0.322,148.005,0.516,-11.762,0.215,0.261,3,0.0292,80,1,9,182888,0.473
0.268,102.617,0.371,-10.506,0.104,0.165,3,0.0281,85,1,1,227093,0.748
0.338,133.943,0.408,-13.626,0.0732,0.1,3,0.0431,76,1,4,177609,0.521
0.289,129.753,0.531,-10.065,0.134,0.12,4,0.0286,75,1,2,393962,0.339
0.276,201.025,0.334,-13.125,0.113,0.429,3,0.0643,79,0,4,271177,0.877
0.304,78.997,0.538,-11.79,0.164,0.065,3,0.0352,70,1,9,228071,0.613
0.377,101.96,0.606,-9.455,0.154,0.446,4,0.0275,71,1,0,258813,0.817
0.31,137.474,0.509,-10.623,0.0963,0.151,3,0.0313,73,1,9,208653,0.959
0.225,104.007,0.554,-11.324,0.107,0.221,4,0.0281,72,1,3,239880,0.892
0.425,102.078,0.357,-7.301,0.322,0.27,3,0.0333,83,1,5,198040,0.584
0.468,94.434,0.369,-9.013,0.109,0.18,4,0.0273,87,1,5,290617,0.0205
0.407,117.053,0.457,-11.475,0.126,0.126,4,0.0308,78,1,9,257533,0.805
0.664,107.747,0.404,-6.698,0.11,0.0949,4,0.0407,80,1,1,351640,0.542
0.526,130.694,0.521,-6.032,0.108,0.502,4,0.0281,74,1,5,268293,0.243
0.367,77.968,0.395,-7.653,0.11,0.426,4,0.0324,75,1,3,177212,0.815
0.347,141.332,0.409,-8.159,0.121,0.199,4,0.0359,72,0,11,205484,0.834
0.483,144.99,0.617,-7.359,0.121,0.176,4,0.0458,73,1,11,152318,0.702
0.199,165.476,0.48,-12.398,0.0978,0.201,4,0.0329,71,1,6,221510,0.931
0.288,110.927,0.687,-10.415,0.0986,0.308,4,0.045,70,1,2,194887,0.863
0.11,81.876,0.415,-14.901,0.0962,0.234,4,0.0388,68,1,1,240147,0.951
0.0972,86.686,0.443,-16.496,0.115,0.289,4,0.0793,68,1,2,100716,0.952
0.245,103.777,0.34,-13.352,0.0633,0.192,4,0.0319,78,1,9,339891,0.969
0.348,110.019,0.631,-10.285,0.295,0.32,4,0.0343,68,1,10,232992,0.926
0.159,72.38,0.403,-16.728,0.34,0.0381,4,0.104,75,0,1,234761,0.961
0.529,161.989,0.671,-7.226,0.0856,0.203,4,0.307,83,1,0,165820,0.0769
0.663,184.057,0.672,-5.984,0.134,0.381,4,0.243,76,1,3,138324,0.112
0.561,148.775,0.686,-9.929,0.114,0.186,4,0.191,72,0,10,116240,0.185
0.819,94.011,0.565,-7.899,0.111,0.682,4,0.0668,71,1,9,176874,0.232
0.767,160.084,0.718,-5.641,0.114,0.519,4,0.166,70,1,9,156000,0.138
0.653,150.097,0.547,-3.875,0.103,0.163,4,0.081,74,1,5,174853,0.456
0.534,93.924,0.832,-7.813,0.165,0.116,4,0.253,78,0,1,132833,0.345
0.662,112.509,0.897,-6.903,0.534,0.39,4,0.292,79,0,1,145543,0.0852
0.515,120.1,0.567,-10.265,0.078,0.321,1,0.247,73,0,6,224000,0.354
0.651,163.935,0.665,-5.515,0.0896,0.237,4,0.156,77,1,1,175755,0.0414
0.55,124.13,0.629,-6.772,0.095,0.154,4,0.0543,68,1,0,189487,0.152
0.671,179.987,0.684,-6.424,0.0769,0.45,4,0.289,73,0,2,171253,0.0119
0.8,139.918,0.498,-2.665,0.147,0.272,4,0.0503,73,0,1,229573,0.0903
0.54,143.968,0.634,-7.002,0.302,0.543,4,0.0777,71,1,8,149360,0.0223
0.545,97.008,0.809,-6.678,0.151,0.244,4,0.0734,73,1,7,180435,0.392
0.369,140.004,0.735,-9.682,0.126,0.235,4,0.0688,73,0,9,222997,0.334
0.662,150.047,0.709,-4.55,0.108,0.439,4,0.0767,70,1,8,218349,0.00966
0.75,155.096,0.732,-6.366,0.109,0.401,4,0.231,81,0,11,182707,0.00264
0.588,114.929,0.712,-5.332,0.21,0.471,4,0.0543,70,0,9,120035,0.112
0.538,99.952,0.829,-7.359,0.103,0.389,4,0.212,77,0,11,149547,0.137
0.507,130.007,0.872,-6.323,0.111,0.506,4,0.072,76,0,4,158667,0.195
0.631,105.989,0.648,-5.662,0.12,0.142,4,0.104,71,0,4,349933,0.38
0.646,127.978,0.946,-6.604,0.0643,0.961,4,0.21,73,1,5,246988,0.219
0.814,144.991,0.625,-5.181,0.158,0.535,4,0.0657,75,1,0,205485,0.0172
0.779,123.013,0.724,-5.412,0.127,0.53,4,0.0807,78,0,7,144390,0.098
0.763,120.042,0.695,-3.497,0.0863,0.551,4,0.0396,83,1,0,215280,0.189
0.782,94.03,0.701,-4.987,0.124,0.57,4,0.138,77,1,1,156040,0.0918
0.88,169.949,0.49,-4.856,0.103,0.392,4,0.0435,75,1,2,184013,0.00154
0.551,113.535,0.748,-9.054,0.0943,0.65,4,0.0239,74,1,1,262240,0.243
0.526,124.709,0.558,-4.686,0.126,0.202,4,0.033,69,0,0,192441,0.431
0.614,136.628,0.553,-5.098,0.0811,0.345,4,0.0306,71,1,1,242679,0.764
0.506,133.403,0.469,-6.283,0.102,0.217,4,0.0291,70,1,0,233031,0.587
0.384,139.009,0.437,-8.384,0.121,0.181,4,0.042,69,1,5,209947,0.699
0.557,114.019,0.815,-7.166,0.089,0.482,4,0.0318,69,1,5,202516,0.109
0.326,134.049,0.46,-8.226,0.0874,0.214,4,0.0304,69,1,4,244187,0.763
0.76,130.096,0.512,-5.889,0.103,0.495,4,0.0682,68,0,2,210928,0.299
0.645,85.046,0.714,-5.493,0.0942,0.434,4,0.0514,70,1,10,180930,0.229
0.321,110.827,0.68,-10.944,0.125,0.416,4,0.0376,77,1,5,215986,0.791
0.499,93.99,0.796,-6.166,0.0867,0.798,4,0.0404,71,0,2,266016,0.392
0.588,79.989,0.675,-7.168,0.95,0.879,4,0.177,69,1,3,189867,0.789
0.533,130.02,0.645,-11.65,0.2,0.349,4,0.0351,76,1,2,180923,0.644
0.615,84.07,0.775,-5.682,0.0595,0.918,4,0.368,74,0,1,197143,0.304
0.798,86.638,0.509,-4.472,0.203,0.48,4,0.235,70,1,2,180345,0.00625
0.606,175.917,0.656,-5.948,0.105,0.38,4,0.363,68,1,9,175909,0.335
0.702,180.219,0.711,-10.048,0.0932,0.674,4,0.233,68,1,5,148188,0.00487
0.78,171.285,0.461,-5.004,0.181,0.448,4,0.363,75,0,11,227442,0.128
0.431,94,0.881,-11.093,0.113,0.246,4,0.0914,71,0,6,174730,0.182
0.455,99.958,0.796,-7.763,0.156,0.352,4,0.0997,73,0,1,117606,0.637
0.362,115.974,0.967,-11.374,0.124,0.633,4,0.159,69,0,5,139134,0.514
0.627,89.998,0.742,-8.939,0.269,0.356,4,0.0533,75,0,4,183757,0.262
0.572,88.041,0.742,-8.163,0.318,0.644,4,0.0743,70,0,7,196898,0.391
0.684,100.042,0.769,-6.113,0.18,0.483,4,0.148,68,0,10,161000,0.0977
0.566,85.953,0.794,-8.35,0.151,0.68,4,0.0602,72,0,11,226933,0.301
0.512,144.926,0.848,-7.757,0.101,0.881,4,0.118,75,1,7,159222,0.284
0.75,139.979,0.831,-5.42,0.111,0.662,4,0.153,70,0,10,183429,0.0188
0.733,92.969,0.864,-3.292,0.166,0.183,4,0.0713,71,0,4,128098,0.144
0.356,83.679,0.708,-9.738,0.112,0.569,4,0.075,75,1,1,263185,0.437
0.718,89.906,0.716,-5.348,0.192,0.91,4,0.148,73,0,6,154667,0.0452
0.745,180.098,0.464,-3.202,0.363,0.262,4,0.161,85,0,4,190667,0.0235
0.661,76.71,0.836,-6.502,0.449,0.753,4,0.338,68,0,7,213200,0.0208
0.782,119.992,0.727,-8.529,0.225,0.655,4,0.042,68,0,8,177599,0.0563
0.787,119.996,0.704,-6.751,0.159,0.31,4,0.0462,83,0,11,214000,0.00926
0.577,119.986,0.795,-9.638,0.051,0.206,4,0.0648,75,0,1,248000,0.00263
0.872,122.028,0.43,-7.821,0.119,0.136,4,0.0522,69,1,1,184500,0.118
0.946,120.036,0.542,-6.048,0.107,0.229,4,0.0425,71,0,9,140500,0.0312
0.797,122.011,0.702,-6.635,0.179,0.0356,4,0.0557,79,0,10,208525,0.583
0.723,123.993,0.787,-6.995,0.085,0.579,4,0.152,70,0,10,197695,0.0509
0.879,123.004,0.741,-6.132,0.126,0.362,4,0.0425,68,0,1,201713,0.0841
0.57,121.843,0.655,-11.475,0.105,0.487,4,0.0487,70,0,5,253770,0.527
0.637,120.033,0.847,-8.751,0.121,0.0509,4,0.0587,74,0,7,208135,0.201
0.83,120.97,0.808,-8.238,0.403,0.465,4,0.0356,69,1,1,213768,0.00575
0.0516,87.587,0.27,-33.766,0.112,0.199,4,0.0442,71,0,8,64788,0.986
0.0582,132.614,0.191,-25.398,0.0941,0.0454,1,0.0578,70,1,8,357707,0.961
0.146,172.13,0.265,-21.134,0.104,0.416,5,0.0323,71,0,8,154500,0.985
0.0559,95.217,0.396,-20.707,0.11,0.278,1,0.0599,70,0,9,78413,0.987
0.138,128.563,0.34,-24.95,0.112,0.325,4,0.0357,72,0,2,137547,0.984
0.0968,62.881,0.286,-16.806,0.0861,0.0395,4,0.0323,71,1,7,275556,0.178
0.874,91.038,0.532,-5.183,0.452,0.361,4,0.0482,73,0,9,258413,0.00842
0.149,82.019,0.485,-20.394,0.102,0.112,4,0.0282,70,0,8,99672,0.886
0.0823,67.238,0.252,-27.338,0.0857,0.0381,4,0.0344,70,1,5,86320,0.951
0.855,117.987,0.534,-7.578,0.0996,0.601,4,0.0342,69,0,8,218384,0.00043
0.641,141.931,0.529,-6.78,0.102,0.089,4,0.0336,74,1,2,277711,0.0711
0.754,170.084,0.564,-8.849,0.224,0.457,5,0.0646,68,1,8,212939,0.0424
0.715,113.861,0.552,-9.291,0.0669,0.858,4,0.0524,72,1,2,69565,0.0286
0.687,106.896,0.605,-13.928,0.104,0.12,4,0.045,70,0,9,345187,0.479
0.91,130.032,0.528,-7.309,0.0938,0.137,4,0.0366,73,0,9,222000,0.346
0.573,140.04,0.911,-7.43,0.403,0.972,4,0.288,77,1,6,97393,0.38
0.413,146.05,0.747,-11.197,0.17,0.481,4,0.488,72,0,2,174247,0.848
0.332,141.849,0.885,-8.62,0.119,0.423,4,0.848,69,1,1,108169,0.0185
0.674,140.065,0.922,-4.429,0.128,0.726,4,0.366,69,1,1,198027,0.323
0.731,149.987,0.583,-6.18,0.238,0.446,4,0.0271,74,0,9,267600,0.0107
0.731,97.007,0.751,-4.419,0.0556,0.973,4,0.0308,72,0,6,216707,0.0838
0.84,97.027,0.673,-3.564,0.0965,0.94,4,0.0559,72,1,7,205373,0.0683
0.758,129.944,0.696,-6.077,0.189,0.858,4,0.0263,77,1,4,250693,0.172
0.447,121.989,0.657,-13.148,0.0995,0.523,4,0.0303,70,1,0,268867,0.478
0.777,123.003,0.649,-3.546,0.115,0.667,4,0.0397,70,1,7,222987,0.00738
0.592,170.391,0.332,-6.127,0.109,0.31,3,0.0371,77,1,1,205160,0.0824
0.523,173.85,0.452,-6.453,0.233,0.363,3,0.0625,75,1,5,193827,0.563
0.715,84.098,0.487,-4.417,0.195,0.638,4,0.0519,68,1,7,238133,0.294
0.659,106.196,0.648,-6.369,0.19,0.532,4,0.0259,68,1,2,206133,0.115
0.85,125.796,0.374,-5.657,0.116,0.348,4,0.0404,68,0,4,253187,0.0904
0.643,76.979,0.601,-4.581,0.283,0.387,4,0.0272,70,1,0,196360,0.155
0.479,123.217,0.425,-12.22,0.378,0.279,4,0.0419,72,1,2,215867,0.44
0.553,126.043,0.487,-11.197,0.0992,0.699,4,0.0425,73,0,6,288600,0.209
0.358,145.751,0.715,-15.522,0.104,0.742,4,0.033,68,1,5,254267,0.743
0.759,124.725,0.791,-5.67,0.0993,0.917,4,0.037,69,1,9,214880,0.0823
0.936,172.547,0.594,-4.722,0.191,0.39,4,0.0944,78,0,9,194080,0.0224
0.735,123.57,0.714,-7.125,0.115,0.68,4,0.0306,77,0,4,222227,0.176
0.631,112.481,0.781,-7.615,0.0827,0.909,3,0.0307,68,1,2,225080,0.0533
0.854,148.003,0.634,-3.444,0.0664,0.564,4,0.0369,74,1,11,310813,0.00737
0.879,133.946,0.742,-4.274,0.0981,0.936,4,0.0328,72,0,0,227091,0.0696
0.824,172.006,0.77,-6.491,0.318,0.49,4,0.0851,70,0,1,178605,0.485
0.809,116.015,0.732,-7.264,0.0642,0.253,4,0.0878,70,0,10,232147,0.0266
0.797,97.988,0.811,-5.428,0.112,0.541,4,0.165,68,1,5,171133,0.0617
0.807,155.397,0.525,-6.366,0.0504,0.741,4,0.0725,68,0,2,215933,0.251
0.593,119.958,0.79,-9.204,0.065,0.72,4,0.0776,75,0,1,206067,0.0983
0.831,132.029,0.798,-4.481,0.112,0.721,4,0.171,71,0,7,189091,0.697
0.913,123.58,0.606,-6.039,0.34,0.838,4,0.0351,70,0,8,266600,0.246
0.449,114.924,0.669,-7.658,0.0729,0.327,4,0.049,77,0,0,213493,0.184
0.255,95.978,0.375,-12.279,0.0845,0.331,3,0.0377,74,0,10,316280,0.815
0.629,70.568,0.513,-9.055,0.146,0.498,4,0.19,70,0,4,213933,0.0986
0.583,126.036,0.793,-5.973,0.253,0.97,4,0.247,71,0,1,217260,0.106
0.681,101.005,0.798,-4.818,0.137,0.434,4,0.0722,73,0,10,188485,0.219
0.638,109.96,0.701,-9.061,0.279,0.646,4,0.165,68,0,5,210933,0.223
0.852,119.892,0.779,-3.353,0.212,0.601,4,0.0651,74,1,2,237093,0.235
0.717,117.952,0.753,-8.438,0.0988,0.601,4,0.0384,68,0,1,146441,0.151
0.627,118.093,0.788,-9.072,0.232,0.909,4,0.0751,74,0,0,165894,0.693
0.708,130.081,0.872,-7.472,0.0998,0.308,4,0.176,69,1,10,169846,0.336
0.569,115.03,0.772,-7.006,0.117,0.525,4,0.062,71,0,6,246979,0.235
0.709,130.081,0.872,-7.472,0.0998,0.309,4,0.176,71,1,10,169846,0.336
0.533,102.025,0.863,-7.986,0.0794,0.738,4,0.0484,71,0,5,249957,0.291
0.873,97.96,0.621,-3.067,0.0824,0.873,4,0.0369,79,0,5,237800,0.0406
0.924,168.017,0.598,-4.974,0.17,0.611,4,0.0623,76,0,6,162339,0.0205
0.664,118.018,0.731,-5.474,0.133,0.661,4,0.0302,68,1,0,239267,0.00307
0.655,92.9,0.649,-5.534,0.22,0.793,4,0.0652,70,0,10,147581,0.307
0.781,107.007,0.811,-6.333,0.121,0.824,4,0.0428,69,1,11,219813,0.376
0.503,99.97,0.792,-8.044,0.0959,0.381,4,0.0626,68,1,1,185093,0.0369
0.501,103.993,0.637,-6.148,0.099,0.431,4,0.187,68,0,0,185461,0.229
0.485,100.053,0.843,-8.735,0.107,0.689,4,0.195,68,0,10,192418,0.181
0.549,123.879,0.613,-8.187,0.116,0.78,5,0.231,71,1,9,180000,0.097
0.649,113.009,0.788,-9.674,0.12,0.229,4,0.0532,69,1,2,169912,0.253
0.422,124.357,0.573,-7.621,0.102,0.693,5,0.0678,76,0,10,184791,0.551
0.725,105.016,0.711,-8.315,0.11,0.53,4,0.0941,74,0,3,183057,0.424
0.809,99.005,0.724,-5.022,0.0765,0.606,4,0.0929,69,0,6,194040,0.182
0.642,83.389,0.463,-4.474,0.0686,0.339,4,0.34,82,1,1,189893,0.314
0.89,126.881,0.645,-4.985,0.376,0.421,4,0.128,69,1,6,205087,0.259