artists,track_name,popularity,duration_ms,danceability,energy,loudness,speechiness,acousticness,instrumentalness,liveness,valence,tempo,time_signature
Gen Hoshino,Comedy,73,230666,0.676,0.461,-6.746,0.143,0.0322,1.01E-06,0.358,0.715,87.917,4
Ben Woodward,Ghost - Acoustic,55,149610,0.42,0.166,-17.235,0.0763,0.924,5.56E-06,0.101,0.267,77.489,4
Ingrid Michaelson;ZAYN,To Begin Again,57,210826,0.438,0.359,-9.734,0.0557,0.21,0,0.117,0.12,76.332,4
Kina Grannis,Can't Help Falling In Love,71,201933,0.266,0.0596,-18.515,0.0363,0.905,7.07E-05,0.132,0.143,181.74,3
Chord Overstreet,Hold On,82,198853,0.618,0.443,-9.681,0.0526,0.469,0,0.0829,0.167,119.949,4
Tyrone Wells,Days I Will Remember,58,214240,0.688,0.481,-8.807,0.105,0.289,0,0.189,0.666,98.017,4
A Great Big World;Christina Aguilera,Say Something,74,229400,0.407,0.147,-8.822,0.0355,0.857,2.89E-06,0.0913,0.0765,141.284,3
Jason Mraz,I'm Yours,80,242946,0.703,0.444,-9.331,0.0417,0.559,0,0.0973,0.712,150.96,4
Jason Mraz;Colbie Caillat,Lucky,74,189613,0.625,0.414,-8.7,0.0369,0.294,0,0.151,0.669,130.088,4
Ross Copperman,Hunger,56,205594,0.442,0.632,-6.77,0.0295,0.426,0.00419,0.0735,0.196,78.899,4
Zack Tabudlo,Give Me Your Forever,74,244800,0.627,0.363,-8.127,0.0291,0.279,0,0.0928,0.301,99.905,4
Jason Mraz,I Won't Give Up,69,240165,0.483,0.303,-10.058,0.0429,0.694,0,0.115,0.139,133.406,3
Dan Berk,Solo,52,198712,0.489,0.314,-9.245,0.0331,0.749,0,0.113,0.607,124.234,4
Anna Hamilton,Bad Liar,62,248448,0.691,0.234,-6.441,0.0285,0.777,0,0.12,0.209,87.103,4
Chord Overstreet;Deepend,Hold On - Remix,56,188133,0.755,0.78,-6.084,0.0327,0.124,2.83E-05,0.121,0.387,120.004,4
Landon Pigg,Falling in Love at a Coffee Shop,58,244986,0.489,0.561,-7.933,0.0274,0.2,4.56E-05,0.179,0.238,83.457,3
Andrew Foy;Renee Foy,ily (i love you baby),56,129750,0.706,0.112,-18.098,0.0391,0.827,4.03E-06,0.125,0.414,110.154,4
Andrew Foy;Renee Foy,At My Worst,54,169728,0.795,0.0841,-18.09,0.0461,0.742,1.17E-05,0.0853,0.609,91.803,4
Jason Mraz;Colbie Caillat,Lucky,68,189613,0.625,0.414,-8.7,0.0369,0.294,0,0.151,0.669,130.088,4
Boyce Avenue;Bea Miller,Photograph,67,260186,0.717,0.32,-8.393,0.0283,0.83,0,0.107,0.322,107.946,4
Jason Mraz,I'm Yours,75,242946,0.703,0.444,-9.331,0.0417,0.559,0,0.0973,0.712,150.96,4
Boyce Avenue;Jennel Garcia,Demons,63,174174,0.678,0.351,-8.654,0.0266,0.747,0,0.355,0.569,90.032,4
A Great Big World;Christina Aguilera,Say Something,70,229400,0.407,0.147,-8.822,0.0355,0.857,2.89E-06,0.0913,0.0765,141.284,3
Jason Mraz,93 Million Miles,0,216386,0.572,0.454,-10.286,0.0258,0.477,1.37E-05,0.0974,0.515,140.182,4
Jason Mraz,Unlonely,0,231266,0.796,0.667,-4.831,0.0392,0.381,0,0.221,0.754,97.988,4
Jason Mraz,Bella Luna,1,302346,0.755,0.454,-9.609,0.0352,0.757,0,0.236,0.33,120.06,4
Jason Mraz,Winter Wonderland,0,131760,0.62,0.309,-9.209,0.0495,0.788,0,0.146,0.664,145.363,4
Jason Mraz,If It Kills Me,0,273653,0.633,0.429,-6.784,0.0381,0.0444,0,0.132,0.52,143.793,4
Jason Mraz,Winter Wonderland,0,131760,0.62,0.309,-9.209,0.0495,0.788,0,0.146,0.664,145.363,4
Jason Mraz,Winter Wonderland,0,131760,0.62,0.309,-9.209,0.0495,0.788,0,0.146,0.664,145.363,4
Jason Mraz,Winter Wonderland,0,131760,0.62,0.309,-9.209,0.0495,0.788,0,0.146,0.664,145.363,4
Jason Mraz,Winter Wonderland,0,131760,0.62,0.309,-9.209,0.0495,0.788,0,0.146,0.664,145.363,4
Chord Overstreet,All I Want For Christmas Is A Real Good Tan,0,234186,0.593,0.455,-8.192,0.0388,0.366,0,0.0914,0.564,202.019,4
Brandi Carlile;Sam Smith,Party of One,0,259558,0.296,0.206,-11.799,0.0412,0.782,0.000225,0.0959,0.202,165.4,4
Brandi Carlile;Sam Smith,Party of One,0,259558,0.296,0.206,-11.799,0.0412,0.782,0.000225,0.0959,0.202,165.4,4
Brandi Carlile;Sam Smith,Party of One,0,259558,0.296,0.206,-11.799,0.0412,0.782,0.000225,0.0959,0.202,165.4,4
KT Tunstall,Lonely This Christmas,0,257493,0.409,0.153,-10.74,0.0306,0.939,2.56E-05,0.108,0.18,85.262,4
Brandi Carlile,Throwing Good After Bad,0,247791,0.501,0.0952,-12.931,0.054,0.963,1.58E-05,0.0915,0.316,138.016,4
Brandi Carlile,This Time Tomorrow,0,206267,0.606,0.326,-10.031,0.0294,0.841,0,0.139,0.414,91.626,4
KT Tunstall,Lonely This Christmas,0,257493,0.409,0.153,-10.74,0.0306,0.939,2.56E-05,0.108,0.18,85.262,4
Eddie Vedder,The Haves,0,306794,0.474,0.519,-5.291,0.0253,0.281,0,0.107,0.326,151.832,4
Brandi Carlile,When You're Wrong,0,266960,0.568,0.301,-10.163,0.0373,0.796,3.37E-06,0.118,0.142,88.029,4
Brandi Carlile;Lucius,You and Me on the Rock,0,230098,0.568,0.686,-6.635,0.033,0.15,1.81E-06,0.0881,0.725,172.075,4
Brandi Carlile;Lucius,You and Me on the Rock,0,230098,0.568,0.686,-6.635,0.033,0.15,1.81E-06,0.0881,0.725,172.075,4
Brandi Carlile,"Speak Your Mind (From the Netflix Series ""We The People"")",0,193943,0.476,0.666,-3.438,0.0446,0.314,0,0.342,0.498,148.155,4
Brandi Carlile;Lucius,You and Me on the Rock,0,230098,0.568,0.686,-6.635,0.033,0.15,1.81E-06,0.0881,0.725,172.075,4
Brandi Carlile;Lucius,You and Me on the Rock,0,230098,0.568,0.686,-6.635,0.033,0.15,1.81E-06,0.0881,0.725,172.075,4
Brandi Carlile;Lucius,You and Me on the Rock,0,230098,0.568,0.686,-6.635,0.033,0.15,1.81E-06,0.0881,0.725,172.075,4
Brandi Carlile;Lucius,You and Me on the Rock,0,230098,0.568,0.686,-6.635,0.033,0.15,1.81E-06,0.0881,0.725,172.075,4
Brandi Carlile;Lucius,You and Me on the Rock,0,230098,0.568,0.686,-6.635,0.033,0.15,1.81E-06,0.0881,0.725,172.075,4
Highland Peak,Trampoline - Acoustic,46,213098,0.596,0.2,-10.424,0.0305,0.91,0.000183,0.0884,0.308,107.893,4
Motohiro Hata,透明だった世界,61,232360,0.373,0.914,-4.185,0.0565,0.076,0,0.669,0.56,168.21,4
Andrew Belle,Pieces,60,241119,0.494,0.652,-5.863,0.0314,0.0754,0.00256,0.125,0.298,137.018,4
Ron Pope,A Drop in the Ocean,68,220239,0.447,0.393,-8.65,0.038,0.785,0,0.28,0.564,73.139,3
Adam Christopher,So Far Away - Acoustic,52,171543,0.576,0.331,-9.389,0.0306,0.894,3.44E-05,0.129,0.407,149.02,4
Andrew Belle,The Enemy,62,286865,0.536,0.89,-5.222,0.0375,0.078,0.0202,0.131,0.273,121.974,4
Aron Wright,Build It Better,51,234473,0.526,0.333,-13.02,0.0314,0.91,0.168,0.111,0.159,94.951,4
Chord Overstreet,Sleepwalking in the Rain,0,216000,0.501,0.381,-9.448,0.036,0.687,0.00133,0.119,0.502,80.075,4
Sara Bareilles,Gravity,67,232760,0.27,0.275,-10.357,0.0356,0.834,0,0.146,0.231,168.964,4
Chord Overstreet,What's Left of You,57,178600,0.731,0.507,-6.477,0.046,0.572,0,0.0912,0.265,117.969,4
Zack Tabudlo,Pano,75,254400,0.375,0.457,-7.018,0.0315,0.868,0.0145,0.191,0.415,174.839,3
Andrew Belle,Sky's Still Blue,62,244320,0.43,0.791,-5.419,0.0302,0.0726,0.0193,0.11,0.217,171.864,4
Kurt Cobain,And I Love Her,66,124933,0.616,0.282,-15.317,0.0331,0.983,0.833,0.13,0.435,96.638,4
Boyce Avenue;Bea Miller,We Can't Stop,64,222146,0.705,0.347,-8.249,0.0301,0.674,0,0.12,0.36,80.057,4
Tim Halperin,Always Be My Baby,62,181852,0.582,0.255,-10.254,0.0306,0.772,0,0.0889,0.285,139.884,4
Canyon City,Alone with You,58,186584,0.549,0.274,-12.565,0.0379,0.798,6.63E-06,0.103,0.207,86.664,4
Aaron Espe,Making All Things New,65,159600,0.787,0.355,-11.429,0.0288,0.896,0.0201,0.111,0.48,99.978,4
Sara Bareilles,She Used To Be Mine,67,250266,0.397,0.303,-7.508,0.0435,0.381,0,0.101,0.172,81.05,4
Andrew Belle,In My Veins - Feat. Erin Mccarley,65,318908,0.548,0.42,-7.842,0.0277,0.198,4.46E-06,0.0899,0.196,128.012,4
Tyler Ward,I Don't Wanna Live Forever (Fifty Shades Darker),44,222351,0.787,0.403,-11.989,0.033,0.603,0.00857,0.131,0.264,118.042,4
Ron Pope,A Drop In the Ocean,55,219480,0.484,0.573,-6.183,0.0298,0.0882,1.14E-06,0.15,0.346,139.966,3
Five For Fighting,Superman (It's Not Easy),70,221693,0.382,0.416,-9.303,0.0302,0.0733,0,0.0719,0.125,102.089,4
Andrew Belle,When the End Comes,57,354400,0.541,0.575,-9.463,0.0491,0.677,0.215,0.102,0.428,91.98,4
Bailey Jehl,You're Still The One,56,177500,0.607,0.473,-8.555,0.034,0.712,0,0.66,0.54,119.698,4
Ingrid Michaelson,Light Me Up,56,247840,0.417,0.595,-7.84,0.0396,0.158,0.000269,0.101,0.117,147.928,4
Jason Mraz,93 Million Miles,67,216386,0.572,0.454,-10.286,0.0258,0.477,1.37E-05,0.0974,0.515,140.182,4
A Great Big World,Kaleidoscope,62,229320,0.709,0.913,-5.148,0.0748,0.0182,0,0.167,0.519,108.024,4
Eddie Vedder;Nusrat Fateh Ali Khan,The Long Road,45,330933,0.537,0.342,-13.553,0.0273,0.645,0.266,0.0687,0.253,109.236,4
Drew Holcomb & The Neighbors,What Would I Do Without You,64,172213,0.602,0.336,-11.106,0.0369,0.883,0.0017,0.143,0.335,90.894,4
Jason Mraz,Have It All,65,226106,0.643,0.638,-4.947,0.0407,0.204,0,0.0707,0.6,82.001,4
Gabrielle Aplin,Heavy Heart,0,235173,0.451,0.7,-6.597,0.0431,0.455,0.00233,0.405,0.37,150.055,4
Gabrielle Aplin,The House We Never Built,0,195213,0.546,0.391,-10.786,0.063,0.784,2.72E-06,0.0552,0.202,139.669,4
Eddie Vedder,Society,68,236306,0.561,0.327,-10.835,0.0327,0.902,0.000469,0.111,0.298,161.858,4
Gabrielle Aplin,Please Don't Say You Love Me,0,181400,0.479,0.541,-9.862,0.0543,0.74,0,0.108,0.3,85.994,4
Gabrielle Aplin,Please Don't Say You Love Me,0,181400,0.479,0.541,-9.862,0.0543,0.74,0,0.108,0.3,85.994,4
Eddie Vedder,Guaranteed,61,164500,0.436,0.4,-11.485,0.0272,0.904,0.00105,0.125,0.351,100.734,4
Sara Bareilles,Brave,70,220573,0.551,0.836,-3.838,0.0524,0.00502,2.10E-05,0.0425,0.758,185.063,4
KT Tunstall,Lonely This Christmas,0,257493,0.409,0.153,-10.74,0.0306,0.939,2.56E-05,0.108,0.18,85.262,4
KT Tunstall,Lonely This Christmas,0,257493,0.409,0.153,-10.74,0.0306,0.939,2.56E-05,0.108,0.18,85.262,4
Five For Fighting,Heaven Knows,62,210612,0.6,0.845,-7.076,0.0311,0.048,0,0.24,0.392,97.631,4
The Civil Wars,I Heard The Bells On Christmas Day,0,154440,0.492,0.145,-14.504,0.0422,0.872,9.68E-06,0.107,0.218,90.078,4
The Civil Wars,I Heard The Bells On Christmas Day,0,154440,0.492,0.145,-14.504,0.0422,0.872,9.68E-06,0.107,0.218,90.078,4
KT Tunstall,Fairytale Of New York,0,263866,0.447,0.555,-6.018,0.0349,0.218,3.46E-06,0.124,0.33,117.888,3
The Civil Wars,I Heard The Bells On Christmas Day,0,154440,0.492,0.145,-14.504,0.0422,0.872,9.68E-06,0.107,0.218,90.078,4
The Civil Wars,I Heard The Bells On Christmas Day,0,154440,0.492,0.145,-14.504,0.0422,0.872,9.68E-06,0.107,0.218,90.078,4
The Civil Wars,I Heard The Bells On Christmas Day,0,154440,0.492,0.145,-14.504,0.0422,0.872,9.68E-06,0.107,0.218,90.078,4
The Civil Wars,I Heard The Bells On Christmas Day,0,154440,0.492,0.145,-14.504,0.0422,0.872,9.68E-06,0.107,0.218,90.078,4
The Civil Wars,I Heard The Bells On Christmas Day,0,154440,0.492,0.145,-14.504,0.0422,0.872,9.68E-06,0.107,0.218,90.078,4
KT Tunstall,Hold On,0,177613,0.661,0.937,-5.157,0.0979,0.322,1.04E-06,0.19,0.805,105.549,4
KT Tunstall,Suddenly I See,0,199040,0.603,0.78,-5.531,0.0438,0.139,0,0.164,0.693,100.499,4
Motohiro Hata,Rain,58,293040,0.626,0.655,-6.69,0.0263,0.503,0,0.13,0.542,92.003,4
Callum J Wright,Somebody Else - Acoustic,50,138495,0.794,0.38,-8.769,0.0477,0.762,0,0.262,0.617,114.99,4
Andrew Belle,Pieces (Hushed),59,198626,0.52,0.279,-10.739,0.0547,0.894,0.000105,0.103,0.0951,69.642,4
Boyce Avenue;Fifth Harmony,Mirrors,57,292566,0.545,0.658,-7.174,0.0474,0.496,0,0.105,0.683,76.971,4
Boyce Avenue,Stand by Me,60,199019,0.728,0.266,-7.322,0.0293,0.872,1.03E-05,0.114,0.307,115.189,4
Gabrielle Aplin;JP Cooper,Losing Me,61,181760,0.66,0.407,-8.381,0.0571,0.236,0,0.109,0.257,133.86,4
Mone Kamishiraishi,なんでもないや - movie ver.,49,349920,0.357,0.161,-10.667,0.0388,0.971,1.40E-05,0.358,0.325,83.449,4
John Adams,You’re Beautiful - Acoustic,55,204973,0.479,0.154,-11.282,0.0352,0.915,0,0.0974,0.36,147.207,4
Kitri,Hikare Inochi,51,322146,0.592,0.769,-5.268,0.0311,0.319,4.66E-06,0.137,0.385,102.033,4
Tyler Ward,How To Lose a Girl,46,210375,0.7,0.454,-10.39,0.0388,0.55,0.0022,0.121,0.34,80.011,3
Boyce Avenue,Can’t Help Falling in Love,57,131000,0.402,0.197,-10.775,0.0295,0.858,1.05E-06,0.114,0.148,100.044,3
Andrew Belle,Dive Deep (Hushed),58,218531,0.507,0.378,-9.019,0.0332,0.852,0.000212,0.0937,0.085,135.86,4
Ben Woodward,When the Party's over (Acoustic Piano),51,195945,0.619,0.226,-13.453,0.0641,0.959,4.42E-05,0.106,0.188,124.96,3
Augustana,Boston,63,245933,0.404,0.571,-5.069,0.0303,0.182,2.08E-05,0.129,0.29,147.01,4
Matthew Perryman Jones,Living in the Shadows,53,212386,0.418,0.79,-6.599,0.0506,0.0284,9.96E-06,0.117,0.197,175.975,4
Boyce Avenue,In Case You Didn’t Know,60,225165,0.633,0.299,-7.798,0.0353,0.833,0,0.109,0.341,147.549,4
Andrew Foy;Renee Foy,death bed (coffee for your head),47,112008,0.565,0.0392,-28.276,0.045,0.835,0.183,0.117,0.601,125.399,4
Kina Grannis,You Are My Sunshine,60,123609,0.664,0.0755,-19.836,0.0389,0.91,0,0.164,0.575,80.004,1
Jason Mraz,I Won't Give Up,66,240165,0.585,0.303,-10.058,0.0398,0.694,0,0.115,0.142,136.703,3
Ray LaMontagne;Sierra Ferrell,I Was Born To Love You,67,265843,0.65,0.271,-11.081,0.0314,0.794,6.90E-05,0.196,0.21,78.036,4
Meg Birch,Only Love Can Hurt Like This,43,194194,0.534,0.213,-8.64,0.0283,0.884,0,0.107,0.0998,98.385,4
Catherine Feeny,Mr Blue,54,154600,0.456,0.386,-10.293,0.032,0.835,0.108,0.389,0.612,165.733,4
Joshua Hyslop,Do Not Let Me Go,60,158960,0.409,0.234,-13.711,0.0323,0.338,5.00E-05,0.0895,0.145,139.832,4
Ross Copperman,Holding On And Letting Go,49,319000,0.502,0.53,-9.573,0.0266,0.805,0.000738,0.0728,0.102,78.046,4
JJ Heller,You Already Know,57,214360,0.496,0.117,-12.884,0.0301,0.933,0,0.126,0.318,78.068,4
Ben Woodward,Believer (Remix),42,204480,0.585,0.724,-6.513,0.0745,0.315,0.0681,0.0448,0.333,187.484,3
Howie Day,Collide - Acoustic Version,67,277000,0.582,0.253,-11.43,0.0259,0.827,2.95E-05,0.091,0.294,90.186,4
Ben Rector,Love Like This,61,214240,0.637,0.14,-11.472,0.0407,0.903,0,0.107,0.392,139.78,4
Matt Nathanson,Come On Get Higher,71,215173,0.672,0.623,-5.699,0.0297,0.241,0,0.0848,0.617,92.018,4
Rachael Yamagata,"""Something In the Rain"" (Something In the Rain, Pt. 1) [Music from the Original TV Series]",49,296862,0.422,0.272,-10.772,0.0353,0.496,1.07E-05,0.0704,0.113,143.413,4
Parachute,Kiss Me Slowly,61,235813,0.47,0.801,-6.426,0.0352,0.0758,3.53E-05,0.218,0.431,173.92,4
Parachute,Without You,61,228933,0.564,0.864,-5.121,0.0341,0.0761,0,0.182,0.534,95.984,4
Jason Mraz,Absolutely Zero,20,339196,0.521,0.495,-7.756,0.027,0.128,0,0.296,0.116,135.061,4
Jason Mraz,Sleep All Day,22,296843,0.616,0.81,-6.51,0.0668,0.369,0,0.107,0.79,97.994,4
Jason Mraz,You and I Both,35,218240,0.615,0.812,-6.573,0.0458,0.184,0,0.328,0.74,98.954,4
Eddie Vedder,Long Nights,60,151773,0.478,0.305,-13.062,0.0306,0.675,0.00139,0.169,0.0974,108.66,4
Gabrielle Aplin,Please Don't Say You Love Me,59,181400,0.479,0.541,-9.862,0.0545,0.737,0,0.108,0.321,85.994,4
KT Tunstall,Suddenly I See,73,201706,0.587,0.767,-5.713,0.0449,0.225,0,0.112,0.664,100.38,4
Jason Mraz,Who Needs Shelter,22,192260,0.514,0.569,-7.866,0.03,0.601,2.21E-06,0.218,0.264,142.597,4
Jason Mraz,No Stopping Us,19,198855,0.646,0.836,-6.203,0.0327,0.301,3.23E-05,0.29,0.727,105.991,4
Jason Mraz,I'll Do Anything,24,191889,0.57,0.711,-4.155,0.0703,0.119,0,0.352,0.648,163.117,4
JJ Heller,Make You Feel My Love,57,171293,0.678,0.199,-9.785,0.0307,0.957,3.23E-06,0.0968,0.262,72.006,4
Jason Mraz,The Remedy (I Won't Worry),35,256440,0.589,0.867,-4.523,0.0385,0.041,0,0.306,0.795,94.52,4
Jason Mraz,Too Much Food,20,221425,0.626,0.926,-4.441,0.0477,0.0265,0,0.159,0.548,99.997,4
Jason Mraz,The Boy's Gone,18,255047,0.686,0.556,-8.5,0.0271,0.532,0,0.0922,0.36,112.997,4
Jason Mraz,"On Love, in Sadness",19,208793,0.56,0.832,-5.595,0.0352,0.108,0,0.232,0.802,100.957,4
Jason Mraz,Curbside Prophet,23,214552,0.619,0.793,-5.964,0.0661,0.263,0,0.0828,0.892,177.991,4
Jason Mraz,"Tonight, Not Again - Live",19,264280,0.56,0.278,-12.501,0.0921,0.733,0,0.112,0.594,102.187,4
Jason Mraz,"Tonight, Not Again",18,289041,0.595,0.805,-7.926,0.0543,0.0167,1.06E-05,0.0691,0.359,102.44,4
Eddie Vedder,Hard Sun,65,322080,0.438,0.827,-6.531,0.0328,0.0512,0.000402,0.319,0.645,143.377,4
Susie Suh;Robot Koch,Here with Me,55,238971,0.582,0.375,-13.277,0.0329,0.702,0.0631,0.136,0.106,129.909,4
Tyler Ward;Lindsey Stirling;Kina Grannis,The Scientist,47,276575,0.453,0.295,-12.881,0.0291,0.518,0.00011,0.293,0.14,146.022,4
Howie Day,Collide,56,249120,0.636,0.625,-7.895,0.0277,0.222,5.35E-05,0.119,0.342,93.931,4
Eden Elf;Ren Avel,get better,53,111734,0.639,0.201,-16.613,0.0526,0.907,2.26E-05,0.124,0.4,88.107,4
Kitri,Sympathy,49,210760,0.69,0.423,-9.194,0.0294,0.883,0.0123,0.111,0.59,130.121,4
Boyce Avenue;Rachel Grae,Let It Go,51,255688,0.599,0.349,-9.269,0.0301,0.819,0,0.112,0.444,147.913,4
Chord Overstreet,What You Need,53,181786,0.519,0.264,-11.171,0.0601,0.918,0.000253,0.237,0.192,140.354,4
Five For Fighting,100 Years,66,244600,0.643,0.569,-7.459,0.0276,0.544,2.17E-05,0.178,0.275,120.507,4
Andrew Belle,You're the Sea,56,174546,0.573,0.624,-9.076,0.0324,0.471,0.117,0.114,0.529,161.025,4
Rachael Yamagata,No Direction,47,234330,0.654,0.821,-5.472,0.0264,0.00666,0.00299,0.228,0.613,111.958,4
Cary Brothers,Belong,51,255600,0.426,0.399,-8.447,0.034,0.761,0.00112,0.118,0.217,115.979,4
The Mayries,As It Was,55,176542,0.505,0.21,-11.349,0.0295,0.907,0,0.11,0.323,80.721,4
Jason Mraz,I'm Yours,60,243494,0.693,0.43,-9.395,0.0442,0.565,0,0.0928,0.731,151.001,4
Joseph Sullinger,Chi Mai,40,188695,0.739,0.287,-14.007,0.059,0.969,0.961,0.111,0.557,80.64,4
A Great Big World;Christina Aguilera,Say Something,58,229400,0.453,0.146,-8.976,0.0343,0.867,3.49E-06,0.0945,0.0915,137.905,3
Parachute,Had It All,55,216853,0.606,0.54,-6.271,0.0339,0.182,0.000144,0.144,0.249,79.952,4
Zack Tabudlo;Yonnyboii,Take Me Back ft. Yonnyboii,50,149000,0.595,0.646,-5.495,0.0327,0.11,0,0.258,0.563,120.049,4
Tobey Rosen,Whole Again - Acoustic Version,52,157231,0.736,0.145,-9.215,0.0336,0.855,0,0.108,0.235,129.832,4
The Mayries,Overpass Graffiti,54,226603,0.479,0.126,-13.974,0.0303,0.966,0,0.113,0.279,96.327,4
Sara Bareilles,Love Song,73,258826,0.583,0.786,-3.142,0.0301,0.0208,0,0.188,0.573,123.055,4
Andrew Foy;Renee Foy,Let Her Go,38,194013,0.549,0.291,-13.457,0.0388,0.858,0.000846,0.129,0.376,75.153,4
Aqualung,Brighter Than Sunshine,53,242439,0.418,0.489,-8.373,0.0323,0.287,0.0288,0.42,0.398,72.891,4
Tyler Ward;Karis;Ray Lorraine,Love Story,55,232500,0.498,0.12,-17.721,0.0487,0.851,0,0.171,0.338,121.187,4
Agustín Amigó;Nylonwings,Mujer con Abanico,41,156787,0.769,0.135,-12.049,0.061,0.986,0.905,0.106,0.471,103.939,4
Amy Stroup,In the Shadows,46,263823,0.434,0.469,-7.849,0.0265,0.52,0.000328,0.108,0.0568,136.282,4
Boyce Avenue;Connie Talbot,Can You Feel the Love Tonight,63,250916,0.452,0.198,-9.374,0.0335,0.931,2.24E-06,0.1,0.217,119.499,4
Brandi Carlile,The Story,66,238493,0.544,0.5,-8.253,0.026,0.0325,3.78E-06,0.109,0.177,93.621,4
JJ Heller,Better,54,215906,0.662,0.187,-9.003,0.0268,0.969,0.000273,0.0922,0.233,104.988,4
Kina Grannis,Iris,62,181136,0.497,0.13,-15.571,0.0436,0.841,0,0.111,0.179,130.769,3
The Mayries,Rockabye - Acoustic Version,57,157466,0.528,0.291,-9.696,0.0401,0.914,0,0.121,0.355,76.805,4
Caleb Santos;Viva Music Publishing Inc.,I Need You More Today,68,233728,0.461,0.522,-7.513,0.043,0.36,0,0.123,0.446,157.768,4
Boyce Avenue,Beautiful Soul,62,216612,0.483,0.506,-6.058,0.0347,0.394,0,0.0946,0.705,87.337,4
Jason Mraz,Let's See What The Night Can Do,53,245186,0.392,0.423,-7.813,0.0348,0.27,0,0.117,0.288,113.537,4
Rachael Yamagata,"La La La (Something In the Rain, Pt. 2) [Music from the Original TV Series]",44,219613,0.42,0.2,-18.827,0.0492,0.929,0.49,0.0758,0.164,87.248,4
Parachute,Forever And Always,57,248960,0.657,0.716,-5.675,0.0301,0.014,0,0.0483,0.435,93.924,4
Priscilla Ahn,Fine On The Outside,52,252466,0.495,0.185,-13.824,0.0288,0.692,0.00403,0.109,0.196,101.89,4
Chord Overstreet,Tortured Soul,53,246613,0.55,0.499,-9.502,0.0338,0.472,2.26E-06,0.0798,0.144,86.966,1
JJ Heller,I Believe in You,53,198786,0.534,0.359,-9.311,0.0296,0.449,1.20E-05,0.331,0.267,131.804,4
Jon Bryant,At Home,55,226640,0.378,0.52,-10.965,0.0382,0.777,0.0888,0.0979,0.357,73.744,4
Donovan Woods,"Portland, Maine",66,203869,0.606,0.349,-13.967,0.0319,0.764,0.306,0.112,0.156,80.071,4
Ross Copperman,Holding On and Letting Go,49,317441,0.486,0.555,-9.466,0.0271,0.818,0.00269,0.109,0.0992,77.987,4
Joshua Hyslop,The Flood,60,261640,0.577,0.446,-11.343,0.0313,0.554,0.0782,0.116,0.262,81.005,4
Angelina Cruz,Hanggang Kailan (Umuwi Ka Na Baby),38,211933,0.59,0.407,-9.079,0.0361,0.861,9.95E-06,0.094,0.276,145.852,4
Stephen Speaks,Out of My League,67,218800,0.538,0.315,-10.057,0.0291,0.96,0.00596,0.0979,0.4,91.921,3
A Great Big World,Say Something,57,233266,0.447,0.158,-7.571,0.036,0.872,1.58E-06,0.0816,0.142,140.942,3
Eddie Vedder,Rise,60,156453,0.401,0.58,-6.86,0.0541,0.906,0.217,0.134,0.526,173.277,3
The Weepies;Deb Talan;Steve Tannen,World Spins Madly On,64,165133,0.502,0.311,-13.421,0.0285,0.617,4.32E-05,0.129,0.4,107.612,4
Freddie King,Stumble,0,216626,0.678,0.612,-9.764,0.0339,0.1,0.316,0.164,0.857,118.381,4
Taj Mahal,Paradise,0,251426,0.65,0.406,-13.492,0.0761,0.568,0,0.484,0.862,79.642,4
Keb' Mo';Gerald Albright,"Moonlight, Mistletoe & You",0,209293,0.649,0.399,-7.894,0.0256,0.184,0.000108,0.113,0.342,97.498,3
Motohiro Hata,ひまわりの約束,61,308146,0.523,0.445,-6.359,0.0329,0.188,0,0.18,0.336,78.957,4
Thomas Daniel,Since U Been Gone - Acoustic Version,50,221170,0.538,0.162,-13.31,0.0299,0.847,0,0.114,0.366,94.981,4
Masayoshi Yamazaki,"One more time,One more chance",47,330786,0.519,0.429,-7.707,0.0317,0.658,0,0.111,0.396,129.491,4
Kina Grannis,Creep,58,234135,0.585,0.103,-12.682,0.0309,0.801,0,0.126,0.179,133.057,4
Todd Carey;Ariza;Chuck Leavell,Higher Love,30,173250,0.578,0.763,-4.824,0.0998,0.0916,2.80E-06,0.0743,0.394,96.808,4
YUZU,Hyouriittai,52,336619,0.223,0.891,-3.626,0.138,0.325,0,0.287,0.333,159.888,4
Canyon City,How Long Will I Love You,55,144830,0.382,0.157,-16.157,0.0361,0.878,0.000473,0.112,0.224,136.11,4
Zack Tabudlo,Binibini,67,221538,0.642,0.374,-10.606,0.032,0.423,1.54E-06,0.435,0.0979,129.863,4
Aron Wright,You Were Supposed to Be Different,45,192972,0.436,0.239,-12.83,0.0282,0.861,8.48E-05,0.0902,0.137,73.761,4
Boyce Avenue,Thinking out Loud,56,278640,0.702,0.326,-6.638,0.0272,0.705,0,0.168,0.628,79.904,4
Jonah Baker,Perfect / Style,37,212864,0.593,0.292,-12.755,0.0364,0.828,0,0.174,0.375,111.121,4
The Civil Wars,Poison & Wine,54,219466,0.285,0.186,-12.729,0.0288,0.76,7.30E-05,0.104,0.203,153.848,4
Howie Day,Collide,66,249120,0.636,0.625,-7.895,0.0277,0.222,5.35E-05,0.119,0.342,93.931,4
Ingrid Michaelson,You And I,63,148400,0.698,0.285,-7.632,0.0553,0.927,0,0.0883,0.53,135.027,4
Zack Tabudlo;Billkin,Give Me Your Forever (ft. Billkin),58,244800,0.601,0.439,-7.589,0.0269,0.0642,0,0.0942,0.275,99.976,4
Landon Pigg,Falling in Love at a Coffee Shop,55,270840,0.332,0.298,-14.174,0.0569,0.875,0.00784,0.114,0.243,83.555,4
Anna Nalick,Breathe (2 AM),65,279826,0.386,0.452,-7.715,0.0278,0.417,0,0.0881,0.287,169.837,3
Zack Tabudlo,Habang Buhay,69,244067,0.62,0.668,-5.719,0.0305,0.088,0,0.362,0.183,118.013,4
Jonah Baker,Beautiful Soul,44,214738,0.394,0.281,-11.12,0.0414,0.826,0,0.0854,0.485,90.044,4
Ben Woodward,Bulletproof,39,207677,0.59,0.552,-10.496,0.0407,0.654,0.000359,0.128,0.635,155.101,5
Andrew Belle,Spectrum,54,265506,0.539,0.717,-7.385,0.031,0.000298,0.111,0.125,0.212,117.973,4
Jonah Baker,Girls Like You - Acoustic Version,44,188494,0.543,0.138,-14.331,0.0531,0.791,0,0.185,0.3,115.65,4
Zack Tabudlo,Nangangamba,70,210354,0.62,0.547,-6.772,0.0248,0.112,0,0.19,0.208,98.032,4
Us The Duo,Better Together,64,200706,0.761,0.311,-10.597,0.0692,0.647,0,0.15,0.553,109.891,4
Andrew Foy;Renee Foy,Heartbreak Anniversary,40,199256,0.674,0.122,-17.963,0.0427,0.882,0,0.139,0.339,130.014,4
Tyler Ward;Karis;Ray Lorraine,One More Time Around,47,205666,0.429,0.358,-9.076,0.0346,0.614,0,0.0875,0.187,134.279,4
A Great Big World,Say Something,40,229573,0.456,0.101,-11.75,0.038,0.876,1.74E-06,0.0776,0.155,139.896,3
Zack Tabudlo,Heart Can’t Lose,55,240952,0.647,0.567,-8.971,0.0328,0.0318,0,0.133,0.374,125.871,4
Donovan Woods;Tenille Townes,I Ain't Ever Loved No One - Acoustic,57,199594,0.322,0.213,-14.915,0.0318,0.611,0,0.113,0.16,160.389,4
Ray LaMontagne,Empty,48,317280,0.482,0.381,-13.93,0.0311,0.455,0.00295,0.114,0.42,81.712,4
Megan Davies,"See You Again, Love Me Like You Do, Sugar - Acoustic Mashup",54,231965,0.393,0.207,-11.865,0.0392,0.877,0,0.104,0.262,163.99,4
Tim Halperin,The Reason,53,200800,0.423,0.207,-8.811,0.0289,0.887,0,0.0948,0.209,149.664,4
Canyon City,Fix You,60,261665,0.522,0.152,-14.996,0.0303,0.788,2.37E-05,0.148,0.133,144.055,4
JJ Heller,Hand to Hold,54,231605,0.547,0.313,-7.982,0.0315,0.612,7.97E-06,0.111,0.261,133.737,4
Ray LaMontagne,Hold You in My Arms,62,306200,0.504,0.321,-13.807,0.0316,0.149,0.000107,0.147,0.577,170.134,3
Us The Duo,One Last Dance,51,224847,0.466,0.161,-14.498,0.0492,0.979,0.000238,0.231,0.171,139.167,3
Boyce Avenue;Megan Nicole,Heaven,61,250063,0.619,0.28,-10.238,0.0317,0.73,0,0.103,0.292,129.948,4
Joshua Hyslop,The Spark - Bonus Track,51,201933,0.596,0.429,-10.16,0.0377,0.775,0.0107,0.0962,0.229,148.086,4
Drew Holcomb & The Neighbors,American Beauty,63,158013,0.645,0.169,-15.744,0.0317,0.844,0.00019,0.109,0.178,167.826,4
Ray LaMontagne,Such A Simple Thing,65,296386,0.522,0.256,-11.216,0.0258,0.86,0.000806,0.142,0.13,76.349,4
Amos Lee,Colors,64,160453,0.681,0.168,-13.397,0.0291,0.793,0.000134,0.109,0.29,128.615,4
Boyce Avenue,Someone You Loved,57,182442,0.736,0.364,-5.966,0.0349,0.741,0,0.0932,0.371,110.023,4
Jason Mraz;Meghan Trainor,More Than Friends (feat. Meghan Trainor),54,181360,0.451,0.528,-6.984,0.0364,0.366,0,0.0811,0.527,139.28,5
Days N Daze,Flurry Rush,37,169318,0.371,0.674,-3.72,0.0488,0.169,0,0.0889,0.92,87.603,4
Sara Bareilles,I Choose You,63,218573,0.731,0.572,-7.889,0.0445,0.105,0.00012,0.133,0.947,154.038,4
Mindy Gledhill,I Do Adore,53,149160,0.69,0.334,-5.626,0.066,0.947,0,0.0895,0.8,74.721,4
Dave Barnes,I'll Be Home For Christmas,0,183293,0.594,0.307,-13.062,0.0249,0.796,0.0414,0.15,0.24,94.026,3
Get Dead,Fuck You,36,169266,0.608,0.917,-5.341,0.0601,0.236,0,0.13,0.936,117.875,4
Albert King,Christmas Comes But Once A Year,0,272640,0.687,0.494,-9.421,0.0505,0.324,5.50E-05,0.0867,0.621,93.269,1
Albert King,Christmas Comes But Once A Year,0,272640,0.687,0.494,-9.421,0.0505,0.324,5.50E-05,0.0867,0.621,93.269,1
John Adams,If I Ain't Got You - Acoustic,55,176509,0.652,0.15,-12.699,0.0363,0.923,0,0.102,0.361,104.018,3
John Adams,Believe - Acoustic,57,179886,0.765,0.241,-8.865,0.0373,0.873,0,0.111,0.182,123.95,4
Adam Christopher,Iris - Acoustic,54,184200,0.589,0.249,-10.086,0.0329,0.717,0,0.106,0.363,150.096,3
Motohiro Hata,Rain - Long Ver.,44,447306,0.588,0.604,-7.602,0.024,0.343,6.86E-05,0.252,0.351,92.02,4
Aoi Teshima,C'est si bon,51,108346,0.735,0.203,-13.237,0.0539,0.854,0.00164,0.105,0.479,113.913,4
Jonah Baker,Baby (Acoustic Version),42,160768,0.655,0.147,-14.409,0.0371,0.88,0,0.266,0.328,116.103,4
YUZU,Reason,47,304320,0.363,0.819,-3.128,0.0634,0.0591,0,0.0988,0.468,122.527,4
Boyce Avenue;Emma Heesters,I Like Me Better,54,201508,0.473,0.263,-8.609,0.033,0.814,0,0.142,0.315,87.145,4
Zack Tabudlo,Asan Ka Na Ba,73,241132,0.676,0.768,-5.695,0.0294,0.149,0.00147,0.345,0.493,105.999,4
Boyce Avenue,A Thousand Years,56,263710,0.41,0.221,-11.673,0.0315,0.768,0,0.106,0.228,139.529,3
Thomas Daniel,drivers license,56,246345,0.439,0.217,-13.166,0.0413,0.933,0,0.126,0.373,144.413,4
Jason Mraz,Love Someone,59,257173,0.582,0.347,-14.769,0.0305,0.317,0.00678,0.111,0.0797,97.957,4
Jae Hall,The Winner Takes It All - Acoustic,57,159012,0.426,0.127,-13.287,0.0648,0.863,4.30E-06,0.0993,0.149,62.535,5
Aaron Espe,Only Time,56,178546,0.696,0.261,-12.107,0.0361,0.737,1.24E-05,0.11,0.361,136.053,3
A Fine Frenzy,Almost Lover,57,268800,0.549,0.24,-7.778,0.0338,0.947,0,0.106,0.167,119.58,4
Roses & Frey,Dance Monkey,51,197850,0.541,0.192,-13.995,0.0282,0.893,0,0.193,0.317,139.938,4
Parachute,Ocean,48,222400,0.662,0.711,-4.924,0.0279,0.0686,1.17E-05,0.085,0.352,119.989,4
Kina Grannis,Dream a Little Dream of Me,52,142379,0.665,0.185,-13.852,0.0381,0.913,0,0.334,0.458,82.474,4
The Mayries,Back For Good,54,194667,0.591,0.175,-12.959,0.038,0.927,0,0.133,0.352,139.902,4
Canyon City,OK,55,212400,0.489,0.183,-14.769,0.033,0.907,3.95E-05,0.106,0.486,79.961,4
Andrew Foy;Renee Foy,Just The Two Of Us,41,196304,0.618,0.083,-23.665,0.057,0.745,0.000123,0.146,0.597,90.865,4
Boyce Avenue,Hey There Delilah,49,230868,0.664,0.319,-8.149,0.0271,0.862,0,0.121,0.258,105.036,4
Andrew Foy;Renee Foy,Arcade,37,186738,0.408,0.266,-12.9,0.0404,0.875,0.000498,0.104,0.35,143.651,4
Kina Grannis,Yellow,52,193536,0.623,0.132,-13.668,0.035,0.893,0,0.217,0.266,82.105,4
Roses & Frey,Wake Me Up,58,196819,0.494,0.214,-11.041,0.0363,0.92,1.07E-05,0.107,0.35,125.981,3
Aidan Hawken,Walking Blind,48,201440,0.374,0.183,-13.225,0.0281,0.897,0.0387,0.109,0.134,82.042,4
Jon Bryant,Headphones,56,204998,0.559,0.455,-8.937,0.0306,0.421,2.08E-06,0.103,0.396,159.985,4
The Rescues,Teenage Dream,46,219093,0.642,0.408,-8.168,0.0396,0.729,0,0.185,0.411,119.81,4
Ivan & Alyosha,The Worth Of The Wait,55,171800,0.48,0.618,-7.335,0.0501,0.844,8.93E-05,0.325,0.344,82.051,4
Kina Grannis,Can't Help Falling In Love - Piano Version,54,211624,0.271,0.0937,-15.035,0.0367,0.939,0,0.108,0.147,164.721,5
Austin Plaine,Never Come Back Again,57,196240,0.594,0.695,-8.872,0.0259,0.19,3.58E-06,0.119,0.172,104.977,4
Chord Overstreet,Love You To Death,49,199459,0.574,0.344,-8.995,0.0345,0.421,0,0.0804,0.0987,147.924,3
Plamina,Someone You Loved - Acoustic,55,169253,0.647,0.298,-7.91,0.0311,0.861,0,0.12,0.31,106.244,4
Kina Grannis;Imaginary Future,What a Wonderful World,51,137066,0.486,0.0399,-21.56,0.0405,0.953,8.74E-06,0.115,0.155,95.066,3
Andrew Foy;Renee Foy,You Broke Me First,39,128798,0.734,0.0423,-24.831,0.0583,0.916,0,0.108,0.14,123.905,4
Joshua Hyslop,Long Way Down,60,257972,0.711,0.231,-13.033,0.0346,0.832,0.00115,0.105,0.186,125.062,4
Parachute,She Is Love,60,146066,0.629,0.174,-9.697,0.141,0.616,0,0.118,0.305,134.295,1
Phillip LaRue,Marigold,53,172708,0.615,0.406,-12.619,0.0358,0.541,1.67E-05,0.0982,0.541,166.035,4
krissy & ericka,12:51,64,246280,0.503,0.357,-9.36,0.0272,0.727,0,0.128,0.438,136.135,4
Takehara Pistol,サンサーラ,34,331984,0.45,0.183,-9.003,0.0309,0.762,3.41E-06,0.11,0.219,61.192,4
Allman Brown;Liz Lawrence,Sons and Daughters,50,216052,0.525,0.461,-9.489,0.0878,0.775,2.14E-06,0.362,0.202,147.997,4
Ben Rector,Brand New,65,243933,0.555,0.934,-5.04,0.113,0.00268,0,0.122,0.422,144.874,4
The Weepies;Deb Talan;Steve Tannen,Gotta Have You,56,199786,0.678,0.363,-10.9,0.0318,0.872,0.000101,0.0798,0.543,75.004,5
Ben Rector,"30,000 Feet",57,256933,0.555,0.452,-9.636,0.0554,0.694,0,0.0595,0.321,179.921,4
Eddy Tyler,A Thousand Years,43,279916,0.586,0.396,-9.953,0.0319,0.896,0.543,0.0992,0.16,142.591,3
Ray LaMontagne,Jolene,64,250866,0.588,0.142,-15.196,0.0329,0.863,0.000162,0.0953,0.288,119.656,4
Eddie Vedder,No Ceiling,58,94053,0.724,0.652,-6.869,0.0247,0.46,0.000142,0.101,0.75,106.911,4
Joy Williams,Front Porch,64,231813,0.567,0.224,-10.024,0.0299,0.887,0,0.109,0.2,124.44,4
Days N Daze,Goodbye Lulu,35,150047,0.544,0.839,-8.991,0.0568,0.784,0,0.341,0.967,87.609,4
Ray LaMontagne,Three More Days,36,216773,0.555,0.68,-8.358,0.0323,0.126,0.000906,0.0506,0.903,84.518,4
Callum J Wright,Isn't She Lovely - Acoustic,54,145771,0.69,0.306,-9.193,0.0356,0.805,0,0.0968,0.424,115.671,4
Rachael Yamagata,We Could Still Be Happy,43,279260,0.513,0.317,-17.036,0.0363,0.365,0.003,0.118,0.177,84.853,4
John Adams,Fix You - Acoustic,49,162963,0.494,0.152,-9.843,0.0313,0.947,0,0.123,0.304,134.178,4
Lusaint,I'm Yours - Acoustic,55,166189,0.634,0.267,-7.396,0.044,0.841,0,0.11,0.391,143.514,4
Boyce Avenue;Sarah Hyland,Closer,54,244188,0.694,0.471,-8.62,0.0281,0.411,0,0.233,0.466,95.003,4
Mother's Daughter;Beck Pete,A Sky Full of Stars,55,165067,0.643,0.11,-14.28,0.0294,0.876,1.38E-05,0.112,0.152,101.995,4
Aron Wright,I Don't Believe in Satan,39,208571,0.422,0.41,-14.151,0.0467,0.00855,0,0.104,0.354,83.952,4
The Perishers,Pills,51,189240,0.543,0.288,-8.608,0.0258,0.667,0,0.113,0.293,95.435,4
Tyler Ward;Madysyn,Shallow - Acoustic,52,182553,0.332,0.282,-7.257,0.044,0.825,0,0.104,0.234,187.057,4
Jonah Baker,Watermelon Sugar - Acoustic,56,183093,0.43,0.121,-15.148,0.0404,0.908,0,0.161,0.461,91.211,4
Matt Johnson;Jaclyn Davies,Say You Won't Let Go - Acoustic,48,243724,0.432,0.197,-9.251,0.0414,0.87,0,0.11,0.348,163.985,4
Kitri,Hikare Inochi,41,322146,0.592,0.769,-5.268,0.0311,0.319,4.66E-06,0.137,0.385,102.033,4
Ben Woodward,Call You Mine (Acoustic Piano),40,209554,0.733,0.297,-14.452,0.0359,0.935,2.75E-06,0.108,0.766,103.953,4
Kina Grannis,For Now,57,198403,0.394,0.249,-10.484,0.0396,0.927,0,0.115,0.329,79.549,4
Greg Laswell,Sweet Dream,53,67746,0.41,0.234,-15.236,0.0421,0.798,0.00304,0.108,0.19,93.72,4
Andrew Foy,Love Nwantiti,30,129032,0.48,0.158,-15.239,0.0807,0.809,0.886,0.117,0.498,86.107,4
Ross Copperman,Stars Are on Your Side,49,218004,0.255,0.625,-8.31,0.0323,0.63,0.000211,0.0976,0.191,84.611,4
Jonah Baker;Sara Phillips,We Don't Talk Anymore / Cold (feat. Sara Phillips),26,222911,0.524,0.328,-10.001,0.0403,0.817,0,0.118,0.599,99.941,4
Joe Brooks,Superman,53,206693,0.464,0.653,-7.514,0.101,0.199,0,0.0979,0.416,162.196,4
Boyce Avenue,Chasing Cars,52,246979,0.659,0.331,-8.987,0.0321,0.809,0,0.0996,0.0877,105.01,4
Zack Tabudlo,Calm Me Down,51,282950,0.592,0.49,-8.508,0.0263,0.395,0,0.333,0.437,99.994,4
Masaharu Fukuyama,KISSして,35,222626,0.467,0.851,-4.203,0.0526,0.000353,0,0.33,0.644,93.873,4
Zack Tabudlo;James TW,Binibini (Last Day On Earth) (feat. James TW),54,219692,0.564,0.391,-7.655,0.0311,0.478,0,0.127,0.101,130.03,4
Ciaran Lavery,Left for America,50,170786,0.498,0.384,-10.752,0.0976,0.818,0.000937,0.13,0.25,79.856,4
John Frusciante,Ramparts,53,70133,0.386,0.428,-9.949,0.0295,0.951,0.882,0.162,0.73,172.311,4
Chord Overstreet,Hold On - Acoustic,48,200346,0.702,0.259,-9.73,0.0403,0.878,5.34E-06,0.108,0.246,120.102,4
The Civil Wars,Dust to Dust,49,229653,0.747,0.265,-14.141,0.0354,0.745,0.0169,0.11,0.2,138.017,4
Masaharu Fukuyama,Good night,35,354213,0.522,0.498,-7.247,0.0257,0.0758,1.51E-06,0.25,0.221,145.908,4
Zack Tabudlo,As You Are,60,183969,0.715,0.438,-6.147,0.0373,0.353,1.75E-06,0.108,0.447,81.07,4
Zack Tabudlo,Binibini,65,221538,0.642,0.374,-10.606,0.032,0.423,1.54E-06,0.435,0.0979,129.863,4
Sara Farell,It Aint Me,52,192545,0.354,0.415,-6.578,0.0289,0.797,0,0.107,0.421,175.537,4
A Great Big World,Say Something,57,233266,0.447,0.158,-7.571,0.036,0.872,1.58E-06,0.0816,0.142,140.942,3
Ingrid Michaelson;AJR,The Lotto,59,193695,0.687,0.748,-4.54,0.0785,0.24,0,0.373,0.872,88.944,4
Rodrigo y Gabriela,Tamacun,50,205800,0.588,0.914,-7.442,0.0341,0.832,0.856,0.103,0.971,128.553,4
Andrew Belle,Make It Without You,49,272612,0.456,0.205,-8.437,0.0313,0.92,0.00011,0.149,0.161,117.663,4
Priscilla Ahn,Dream,54,211240,0.512,0.248,-10.359,0.0275,0.75,2.96E-05,0.114,0.158,109.692,3
JJ Heller,"Big Love, Small Moments",52,204293,0.582,0.282,-9.229,0.0316,0.793,2.01E-06,0.0744,0.278,118.019,4
Priscilla Ahn,I Am Not Alone,46,252386,0.568,0.18,-11.707,0.0284,0.758,6.17E-05,0.111,0.228,112.033,4
Joshua Hyslop,Stand Your Ground,62,203253,0.71,0.271,-9.541,0.0283,0.658,4.59E-06,0.115,0.686,131.88,4
Front Porch Step,Perfect Man,32,291332,0.574,0.704,-4.65,0.0318,0.0931,0.000281,0.136,0.338,117.086,4
Takehara Pistol,あ。っという間はあるさ,33,172373,0.64,0.895,-3.068,0.0316,0.273,0,0.247,0.94,115.941,4
Eric Hutchinson,Tell The World,58,161328,0.669,0.854,-5.899,0.0431,0.0653,0,0.288,0.706,120.035,4
Brett Dennen,Ain't No Reason,57,220306,0.615,0.358,-9.694,0.0552,0.705,0,0.113,0.432,146.06,4
Rail Yard Ghosts,A Month from Now,34,192392,0.415,0.619,-7.624,0.123,0.946,2.75E-05,0.799,0.739,77.009,4
Five For Fighting,What If,55,207228,0.565,0.895,-5.354,0.04,0.194,0,0.101,0.592,149.919,4
The Bridge City Sinners,Pussy Cat,33,122874,0.586,0.702,-4.418,0.132,0.59,0,0.146,0.644,177.598,4
Frank Turner,Polaroid Picture,33,223015,0.564,0.604,-5.055,0.0549,0.0287,4.74E-06,0.108,0.341,113.091,4
Matt Costa,I Bet On Flying High,0,155000,0.543,0.359,-6.571,0.0302,0.651,0,0.0981,0.346,109.735,4
Matt Costa,I Bet On Flying High,0,155000,0.543,0.359,-6.571,0.0302,0.651,0,0.0981,0.346,109.735,4
Matt Costa,I Bet On Flying High,0,155000,0.543,0.359,-6.571,0.0302,0.651,0,0.0981,0.346,109.735,4
Jonah Baker,Mirrors - Acoustic,52,224170,0.638,0.287,-11.174,0.0412,0.81,0,0.0804,0.445,128.025,4
Aqualung;Kina Grannis,To the Wonder (feat. Kina Grannis),21,239004,0.515,0.46,-11.261,0.0436,0.891,0.14,0.0874,0.259,140.067,4
Jonah Baker,Stay - Acoustic,50,181311,0.622,0.221,-14.335,0.0583,0.901,0,0.107,0.297,131.827,4
Ichiko Aoba,太陽さん,55,144653,0.44,0.0353,-20.858,0.0522,0.99,0.00312,0.108,0.362,181.988,4
Kina Grannis,Oh What A Love,46,235135,0.457,0.064,-19.928,0.0339,0.941,0.108,0.107,0.0647,147.824,3
Meiko,Leave The Lights On,56,248360,0.649,0.821,-6.483,0.0313,0.0302,0.000141,0.0843,0.661,121.938,4
Erin McCarley,I Won't Let You Down,40,198344,0.495,0.329,-11.661,0.0386,0.652,7.61E-05,0.0606,0.0919,72.992,4
Jason Mraz,Look For The Good (Single Version),21,239697,0.71,0.615,-8.23,0.133,0.0384,0,0.283,0.746,90.263,4
Isabella Celander,Stargazing,55,186334,0.69,0.204,-12.427,0.0301,0.932,1.73E-06,0.119,0.525,139.587,4
Roses & Frey,Bad Liar,50,226877,0.596,0.195,-11.02,0.0264,0.926,0,0.139,0.176,82.114,4
Rachael Yamagata,Is It You,41,273260,0.66,0.743,-8.302,0.0506,0.0329,0.00136,0.098,0.445,130.025,4
Us The Duo,Slow Down Time,44,196920,0.733,0.657,-6.843,0.0272,0.013,6.73E-05,0.317,0.433,109.954,4
Amber Leigh Irish,2002 - Acoustic,57,145056,0.589,0.296,-9.335,0.083,0.842,0,0.0736,0.611,165.799,3
Jess Penner,Sweeter,33,196026,0.686,0.377,-9.59,0.0589,0.638,0,0.128,0.551,92.042,4
Daniel Robinson,Heat Waves - Acoustic,56,193027,0.659,0.338,-10.367,0.0376,0.842,0,0.277,0.495,145.877,4
Yosui Inoue;Tamio Okuda,アジアの純真,32,233280,0.732,0.83,-6.63,0.0309,0.201,3.04E-05,0.0802,0.871,111.664,4
Jonah Baker;Celine,If the World Was Ending - Acoustic,35,213091,0.522,0.202,-13.38,0.0861,0.918,0,0.185,0.457,147.992,4
Greg Laswell,Comes And Goes (In Waves),55,253546,0.565,0.698,-8.596,0.0295,0.54,0.0183,0.124,0.155,120.013,4
Masaharu Fukuyama,ながれ星,33,317400,0.474,0.408,-11.42,0.0332,0.603,2.77E-05,0.104,0.238,143.881,4
Blame Jones,Dusk Till Dawn - Acoustic,46,167616,0.543,0.244,-8.062,0.0511,0.864,0,0.112,0.29,126.341,3
Ben Woodward,Don't Wanna Leave You,38,211672,0.672,0.644,-9.063,0.236,0.795,0,0.146,0.549,148.135,4
Stephen Speaks,Passenger Seat,65,274245,0.515,0.769,-5.696,0.031,0.0456,0.00436,0.0961,0.644,153.046,4
Matt White,Love,60,170040,0.759,0.684,-5.751,0.0315,0.269,0,0.13,0.759,107.948,4
Boyce Avenue,Hallelujah,54,267765,0.62,0.21,-9.633,0.0274,0.911,2.22E-06,0.108,0.163,98.558,3
Madi Diaz,Ashes,37,250146,0.497,0.254,-11.716,0.0341,0.891,0.0441,0.122,0.0676,110.864,3
Masaharu Fukuyama,明日の☆SHOW,34,290480,0.644,0.603,-5.83,0.0263,0.306,0,0.262,0.516,113.413,4
Boyce Avenue,Love Me Like You Do,55,198218,0.45,0.254,-9.873,0.0414,0.827,0,0.204,0.248,92.644,4
Canyon City,Lost Sparks,51,225400,0.548,0.3,-12.71,0.0298,0.757,9.28E-06,0.0851,0.264,135.902,4
Tristan Prettyman,Who We Are,48,259877,0.521,0.507,-7.007,0.0319,0.0162,4.43E-05,0.148,0.153,108.168,4
Masaharu Fukuyama,Heart (Original Version),34,288426,0.587,0.842,-6.04,0.0268,0.278,0,0.163,0.693,97.013,4
JJ Heller,It'll Be Alright,51,219363,0.543,0.324,-11.258,0.0316,0.452,2.81E-05,0.412,0.181,139.883,4
Ingrid Michaelson,Everybody,54,208426,0.742,0.636,-6.744,0.0331,0.446,0,0.0817,0.48,95.002,4
Mark Oblea,Kabilugan Ng Buwan,32,283480,0.707,0.402,-9.773,0.0251,0.677,0,0.104,0.313,94.99,4
Ingrid Michaelson,Keep Breathing,54,205586,0.52,0.308,-11.996,0.0331,0.776,0.00285,0.115,0.187,125.93,3
Boyce Avenue;Kina Grannis,Fast Car,61,304293,0.392,0.251,-9.845,0.0363,0.807,0,0.0797,0.508,204.961,4
Boyce Avenue,Just the Way You Are,55,239573,0.531,0.296,-7.594,0.0304,0.84,0,0.124,0.212,106.359,4
Andrew Belle,The Ladder,55,227128,0.681,0.608,-8.369,0.0339,0.62,0.000425,0.136,0.315,123.991,4
Masaharu Fukuyama,HELLO (Original Version),34,243066,0.569,0.861,-4.547,0.0406,0.0425,0,0.204,0.511,77.983,4
Hanare Gumi,接吻,33,369200,0.707,0.296,-11.633,0.078,0.283,0,0.0601,0.65,88.006,4
Brett Dennen;Benedict Cumberbatch,Can't Keep It Inside,45,77093,0.519,0.0646,-18.898,0.0433,0.982,3.84E-06,0.105,0.395,121.696,4
Hanare Gumi,明日天気になれ,33,244840,0.608,0.705,-5.178,0.0253,0.078,8.36E-05,0.179,0.621,111.204,4
Masaharu Fukuyama,IT'S ONLY LOVE,34,275266,0.585,0.734,-5.365,0.032,0.0334,0,0.0934,0.413,117.84,4
Masaharu Fukuyama,それがすべてさ,34,330720,0.527,0.89,-5.651,0.0665,0.00433,0,0.118,0.425,102.644,4
A Great Big World,I Don't Wanna Love Somebody Else,49,163960,0.495,0.22,-11.16,0.0355,0.847,1.40E-06,0.0957,0.345,126.618,4
RENT STRIKE,Burn It All!,33,193874,0.628,0.424,-8.539,0.0416,0.395,4.28E-06,0.106,0.157,99.696,1
Brandi Carlile,Carried Me With You,62,213732,0.639,0.666,-7.775,0.0636,0.271,0,0.111,0.372,98.384,4
Mischief Brew,"O, Pennsyltucky!",33,227053,0.245,0.624,-5.606,0.0368,0.11,0,0.363,0.462,162.586,3
Frank Turner,"I Believed You, William Blake",31,215440,0.387,0.526,-7.611,0.0301,0.244,0.000386,0.105,0.334,130.719,4
Get Dead,Pepperspray,32,136543,0.539,0.675,-6.987,0.0709,0.188,0,0.198,0.719,142.041,4
Get Dead,Stickup,32,223707,0.487,0.837,-5.865,0.0623,0.0133,0,0.102,0.207,160.025,4
Grace George,Heaven - Acoustic,54,188181,0.529,0.24,-9.066,0.037,0.938,0,0.0659,0.487,131.266,4
Jack Savoretti,Soldier's Eyes,50,171760,0.666,0.289,-12.404,0.0317,0.641,8.20E-06,0.109,0.415,109.965,4
Ichiko Aoba,Asleep Among Endives,58,306243,0.451,0.0318,-19.933,0.0421,0.983,0.0532,0.0989,0.148,123.985,4
Thomas Daniel,Symphony - Acoustic,49,192389,0.359,0.208,-10.567,0.036,0.943,0,0.0931,0.105,83.155,3
Boyce Avenue;Fifth Harmony,When I Was Your Man,52,218472,0.403,0.237,-10.001,0.0391,0.906,0,0.111,0.163,144.174,4
Amber Leigh Irish,Save Your Tears - Acoustic,49,177818,0.693,0.111,-12.356,0.0379,0.937,1.47E-06,0.0858,0.247,110.813,4
Gen Hoshino,Koi,53,251266,0.598,0.819,-2.619,0.0911,0.00081,0,0.218,0.878,158.115,4
Richard Walters,July Bones,54,239400,0.596,0.27,-11.486,0.0265,0.785,0.134,0.0647,0.155,100.006,4
Kaiak;Viktoria Tolstoy,Autumn Breeze,50,241413,0.589,0.334,-10.08,0.029,0.832,0,0.133,0.208,80.036,4
Boyce Avenue,Save Your Tears,57,216800,0.735,0.275,-8.994,0.0304,0.746,0,0.131,0.294,116.004,4
Bailey Rushlow,You're Still The One - Acoustic,53,161306,0.605,0.168,-11.388,0.0496,0.887,0,0.12,0.398,119.836,4
Kina Grannis,Somebody Loved,57,153105,0.612,0.107,-15.867,0.0302,0.936,0,0.109,0.637,78.393,4
Boyce Avenue,Rise,49,202167,0.568,0.177,-11.277,0.0374,0.93,0,0.0905,0.354,103.822,4
John Adams,Bohemian Rhapsody - Acoustic,52,173426,0.451,0.0665,-13.862,0.0516,0.967,1.06E-06,0.109,0.349,64.289,4
Amber Leigh Irish,As It Was - Acoustic,51,144644,0.595,0.0477,-14.672,0.0662,0.923,0,0.0909,0.513,118.162,3
Canyon City,Wish List,46,212760,0.307,0.11,-15.253,0.0388,0.733,6.04E-06,0.111,0.32,201.008,3
Chord Overstreet,Beautiful Disaster,41,241758,0.3,0.27,-14.397,0.0371,0.9,4.47E-05,0.1,0.214,144.589,4
Wayne Mack,Fake a smile,57,169600,0.731,0.191,-11.359,0.122,0.735,0.671,0.131,0.274,149.91,4
Aimyon,Marigold,50,306626,0.545,0.745,-3.098,0.0286,0.0452,0,0.0907,0.413,106.094,4
Sungha Jung,River Flows In You,42,214466,0.356,0.23,-16.957,0.0519,0.923,0.801,0.112,0.11,129.532,4
Tamio Okuda,Kill Me Pretty,47,160466,0.432,0.796,-7.262,0.0606,0.000153,0.00209,0.266,0.271,141.868,4
Us The Duo,No Matter Where You Are,55,178826,0.693,0.664,-5.852,0.0336,0.0309,0,0.223,0.436,132.059,4
Ben Rector,I Like You,56,138506,0.624,0.334,-11.89,0.0391,0.321,3.27E-06,0.113,0.397,157.92,4
Parachute,The Mess I Made,49,230613,0.423,0.572,-5.109,0.0347,0.0158,0,0.231,0.17,165.394,4
Zee Avi,Dream a Little Dream of Me,50,111842,0.555,0.0879,-12.141,0.0477,0.968,0,0.096,0.428,84.174,4
Joshua Radin,"Here, Right Now",56,183213,0.496,0.391,-9.844,0.0311,0.826,0.0126,0.108,0.492,108.868,4
Boyce Avenue,Wonderful Tonight,52,220507,0.671,0.299,-10.582,0.0284,0.753,1.71E-06,0.0975,0.286,95.008,4
Gabrielle Aplin,Salvation,50,248506,0.379,0.267,-8.981,0.0293,0.605,0.00322,0.152,0.229,135.198,4
Jon Bryant,Wilderness,53,269986,0.499,0.209,-16.668,0.0305,0.882,0.00491,0.088,0.138,82.892,4
Masaharu Fukuyama,恋人 (Original Version),33,272773,0.649,0.336,-12.053,0.0299,0.27,0,0.137,0.47,71.967,4
Bailey Pelkman;Randy Rektor,I Just Called To Say I Love You,54,189646,0.746,0.257,-9.878,0.0312,0.772,0,0.107,0.348,132.032,4
A Great Big World;Christina Aguilera,Fall on Me,50,262820,0.393,0.268,-6.741,0.0385,0.697,0,0.11,0.225,110.456,4
John Frusciante,Song To Sing When I'm Lonely,54,195213,0.629,0.673,-4.379,0.0262,0.294,0.0109,0.139,0.419,114.243,4
Ron Pope,A Drop In the Ocean,55,228311,0.458,0.363,-6.473,0.032,0.892,3.79E-06,0.155,0.492,134.252,3
Tres Hermanas,Have Yourself a Merry Little Christmas,32,155792,0.452,0.268,-9.405,0.0311,0.961,2.85E-05,0.119,0.265,66.805,4
Masaharu Fukuyama,Message (Original Version),33,256506,0.616,0.791,-6.246,0.0293,0.0599,3.97E-06,0.318,0.589,126.764,4
Matt Johnson,Beautiful In White,50,240000,0.619,0.278,-7.072,0.0267,0.836,0,0.121,0.233,129.948,4
The Mayries,Heaven Is a Place on Earth,56,193333,0.634,0.176,-14.703,0.0307,0.931,1.60E-06,0.136,0.335,107.974,4
Stephen Speaks,Passenger Seat (Acoustic),63,273066,0.549,0.437,-8.64,0.0313,0.682,1.59E-05,0.224,0.688,153.604,4
Eddie Vedder,Guaranteed - Humming Version,48,162309,0.292,0.339,-13.153,0.032,0.923,0.879,0.111,0.343,100.69,4
Dave Van Ronk,"Hang Me, Oh Hang Me",54,190106,0.504,0.0273,-21.441,0.0415,0.931,1.10E-05,0.109,0.395,120.24,4
John Frusciante;Josh Klinghoffer,The Afterglow,31,319320,0.636,0.869,-5.095,0.0284,0.129,0.0554,0.272,0.369,124.183,4
Frank Turner,Eat the Meek,31,237093,0.486,0.913,-6.416,0.0616,2.45E-05,0.289,0.225,0.334,136.073,4
Joy Williams,The Trouble with Wanting,60,235586,0.396,0.198,-9.096,0.031,0.912,0,0.0972,0.19,138.624,3
Ray LaMontagne,You Are the Best Thing,67,231840,0.578,0.727,-4.872,0.0332,0.0304,1.99E-05,0.172,0.885,170.593,4
Mischief Brew,Boycott Me!,33,163666,0.684,0.509,-7.608,0.0334,0.571,0,0.402,0.69,132.297,4
Days N Daze;Freddie Boatright,To Risk to Live,32,122026,0.623,0.567,-7.779,0.037,0.831,6.44E-06,0.104,0.929,129.949,4
The Bridge City Sinners,"The Legend of Olog-hai, Pt. 1",31,165799,0.228,0.574,-7.959,0.0421,0.517,0.00148,0.128,0.389,182.379,4
Zee Avi,No Christmas For Me,0,160666,0.809,0.313,-12.182,0.0428,0.876,0,0.112,0.35,114.955,4
Get Dead,This One's for Johnny,31,195640,0.482,0.772,-5.128,0.0318,0.0265,0,0.269,0.586,129.91,4
Highland Peak,Graveyard - Acoustic,45,254296,0.425,0.249,-12.219,0.0355,0.87,0.00175,0.124,0.235,123.632,4
Ichiko Aoba,bouquet,56,256361,0.298,0.044,-20.176,0.035,0.983,0.124,0.101,0.115,85.708,4
Aoi Teshima,こころをこめて,45,297266,0.468,0.254,-11.839,0.0303,0.938,0.000442,0.107,0.242,135.862,4
AcousticTrench,Paradise,42,170125,0.507,0.191,-16.342,0.0408,0.99,0.933,0.108,0.221,132.131,4
Parachute,Better,46,273026,0.515,0.249,-10.108,0.044,0.793,0,0.102,0.213,108.89,5
Matt Nathanson,Laid,50,182826,0.565,0.89,-5.481,0.0285,0.00537,6.61E-05,0.213,0.744,119.862,4
Lee DeWyze,Same For You,45,217373,0.635,0.433,-7.682,0.029,0.86,0.43,0.0877,0.489,130.111,4
Clementine Duo,2U - Acoustic Version,56,208102,0.657,0.192,-13.108,0.0365,0.894,0,0.157,0.305,130.087,4
Rachael Yamagata,Duet,43,241120,0.459,0.14,-15.482,0.0367,0.895,0.00565,0.138,0.146,128.904,4
Brandon Chase,I'll Say I Do,39,235000,0.391,0.31,-8.706,0.0268,0.614,3.60E-06,0.1,0.295,83.46,4
Bailey Jehl,Anyone,53,172766,0.371,0.208,-13.167,0.0462,0.912,0,0.105,0.309,199.805,4
Gabrielle Aplin,Start of Time,45,239855,0.453,0.461,-9.328,0.0329,0.165,0,0.109,0.0844,106.84,5
Zack Tabudlo,Give Me Your Forever,32,244800,0.627,0.363,-8.127,0.0291,0.279,0,0.0928,0.301,99.905,4
Bailey Jehl,Heat Waves,53,141286,0.706,0.248,-12.724,0.0386,0.879,0,0.101,0.401,125.515,4
Clementine Duo,There She Goes,54,145514,0.724,0.28,-12.788,0.0303,0.755,0,0.326,0.527,106.966,4
Joshua Hyslop,Wells,51,223386,0.535,0.444,-11.212,0.0291,0.669,0.0278,0.104,0.217,83.99,4
Kina Grannis;Imaginary Future,God Only Knows,55,136542,0.658,0.125,-15.901,0.0323,0.877,0,0.287,0.507,106.686,4
Andrew Foy;Renee Foy,Afterglow,33,211358,0.711,0.168,-16.504,0.0367,0.868,1.99E-05,0.114,0.299,109.937,4
Kurt Cobain,Burn The Rain,55,76453,0.504,0.415,-19.308,0.121,0.879,0.494,0.35,0.626,114.263,4
Us The Duo,Already Mine,46,273126,0.309,0.175,-11.816,0.0331,0.913,6.15E-05,0.118,0.198,155.69,3
Hanare Gumi,きみはぼくのともだち,30,268736,0.628,0.027,-13.64,0.0485,0.944,0.0006,0.0909,0.203,122.007,4
Gabrielle Aplin,Never Be the Same,46,205658,0.49,0.674,-7.276,0.0322,0.19,0.000143,0.0634,0.288,122.807,4
Austin Basham,All Is Well,60,256680,0.316,0.413,-12.216,0.0334,0.856,0.00245,0.143,0.245,155.69,4
Gabrielle Aplin,My Mistake,51,265386,0.47,0.271,-7.636,0.0342,0.799,0,0.119,0.0943,145.902,4
Us The Duo,Near Or Far,47,219306,0.515,0.317,-10.286,0.0283,0.816,0,0.0973,0.512,79.91,4
Drew Holcomb & The Neighbors,Without a Light,60,142200,0.493,0.435,-12.334,0.0423,0.656,0.000327,0.118,0.485,87.952,4
Parachute,Lonely With Me,51,218813,0.589,0.809,-5.6,0.0283,0.0479,0,0.116,0.628,87.013,4
Boyce Avenue;Megan Davies;Jaclyn Davies,Time After Time,60,222250,0.313,0.321,-8.713,0.0352,0.746,0,0.0948,0.243,53.845,4
Eastmountainsouth,So Are You To Me,52,117760,0.302,0.0783,-14.968,0.0325,0.956,9.88E-05,0.12,0.231,140.485,5
Peter Bradley Adams,My Arms Were Always Around You,54,200800,0.643,0.436,-12.245,0.0273,0.724,0.459,0.11,0.422,91.485,4
The Civil Wars,Dance Me to the End of Love - Bonus,52,185053,0.482,0.178,-11.141,0.0292,0.843,2.46E-06,0.15,0.298,110.128,4
Eddie Vedder,Photographs,51,60413,0.539,0.353,-10.191,0.0464,0.571,0.626,0.0877,0.321,54.571,4
Suy Galvez,Baby Now That I Found You,30,244813,0.707,0.531,-7.21,0.0245,0.855,0.000182,0.175,0.49,107.994,4
Suy Galvez,Right Here Waiting,30,169733,0.707,0.467,-7.511,0.0367,0.832,5.33E-06,0.114,0.478,110.096,4
Howlin' Wolf,Smokestack Lightnin',62,188400,0.661,0.342,-16.361,0.043,0.844,0.000128,0.26,0.588,146.118,4
Stephen Speaks,Passenger Seat,64,274480,0.523,0.554,-7.596,0.0303,0.749,3.29E-06,0.323,0.769,152.979,4
Buddy Guy;Bonnie Raitt,Feels Like Rain (feat. Bonnie Raitt),57,275266,0.572,0.348,-13.454,0.0294,0.44,0.000721,0.235,0.34,73.304,4
Mance Lipscomb,Sugar Babe,31,124400,0.554,0.4,-11.806,0.0699,0.979,0.348,0.102,0.547,101.191,4
Violent Femmes,Blister In The Sun,71,145706,0.726,0.537,-8.896,0.114,0.316,0,0.0707,0.882,96.889,4
Days N Daze,"Little Blue Pills, Pt. 2",31,265195,0.501,0.672,-10.225,0.0637,0.674,0.000162,0.0674,0.961,122.041,4
Drei Rana;Selena Marie,Paano Ang Simbang Gabi - Kung 'Di Ka Katabi,30,235722,0.505,0.462,-5.692,0.0271,0.623,0,0.113,0.113,139.914,4
Frank Turner,Bob,30,188952,0.415,0.713,-5.529,0.0345,0.0555,0,0.0811,0.361,83.69,3
Harley Poe,Psycho,30,241250,0.458,0.823,-4.268,0.0616,0.382,0,0.205,0.422,131.638,4
Frank Turner,Perfect Government,30,146129,0.474,0.876,-5.052,0.0341,0.00277,6.15E-06,0.39,0.607,91.948,4
The Bridge City Sinners,The Fear,30,161205,0.444,0.674,-6.675,0.0341,0.586,0.000147,0.109,0.698,111.377,3
Ben Rector,Living My Best Life,59,215213,0.566,0.733,-5.302,0.0699,0.083,1.55E-06,0.362,0.636,178.828,4
Frank Turner,Haven't Been Doing So Well,30,196813,0.367,0.892,-3.91,0.133,0.00012,0.000268,0.276,0.799,81.928,4
The Bridge City Sinners,"The Legend of Olog-hai, Pt. 2",30,184217,0.258,0.729,-6.457,0.0398,0.395,0.00442,0.131,0.462,116.943,3
Brandi Carlile;Lucius,You and Me On The Rock (feat. Lucius),63,230098,0.568,0.686,-6.635,0.033,0.15,1.81E-06,0.0881,0.725,172.075,4
Get Dead,Glitch,30,129472,0.571,0.696,-8.688,0.0739,0.14,0,0.0973,0.662,155.133,4
Jonah Baker,A Thousand Years - Acoustic,44,249728,0.385,0.114,-13.005,0.0314,0.917,0,0.128,0.269,93.314,4
Trevor Hall;Marieme,2 Oceans,54,213055,0.588,0.569,-7.721,0.0295,0.303,0.0342,0.101,0.209,101.988,4
Ben Woodward,Golden Hour - Acoustic Piano,28,168571,0.276,0.289,-10.879,0.0325,0.968,0.00321,0.137,0.118,86.465,3
Brandon Chase,Without Me,47,202219,0.664,0.301,-8.135,0.0296,0.739,0,0.103,0.268,115.877,4
Aron Wright,You & Me (The Wildfire),41,242347,0.506,0.24,-14.737,0.0305,0.854,0.0749,0.101,0.0621,130.96,4
Sara Farell,Dancing With A Stranger,43,188735,0.595,0.18,-11.391,0.0298,0.89,0,0.113,0.261,79.922,3
Zack Tabudlo,Pero,65,256648,0.644,0.412,-9.14,0.0307,0.796,0.127,0.0906,0.206,118.49,4
Jonah Baker,Good 4 U (Acoustic),53,174677,0.607,0.178,-15.471,0.0499,0.737,0,0.387,0.422,127.956,4
Greg Laswell,And Then You,47,209583,0.63,0.342,-13.377,0.0245,0.817,0.00432,0.0965,0.552,77.515,4
Daniel Robinson,Here With Me - Acoustic,55,164478,0.689,0.299,-9.431,0.0301,0.833,0,0.115,0.52,96.825,4
Boyce Avenue,I'll Be There For You (Friends Theme),45,138201,0.473,0.305,-8.48,0.0311,0.833,0,0.109,0.524,81.153,4
Zack Tabudlo,Habang Buhay,69,244067,0.62,0.668,-5.719,0.0305,0.088,0,0.362,0.183,118.013,4
Gabrielle Aplin,So Far so Good,37,198040,0.751,0.565,-9.106,0.0513,0.0777,0.0121,0.0855,0.679,119.996,4
Colin & Caroline,More Than Gravity,34,266078,0.62,0.468,-9.648,0.0268,0.715,3.93E-05,0.106,0.217,110.969,4
Andrew Belle,Fade into You,53,291676,0.478,0.398,-10.124,0.0286,0.0222,0.0183,0.0826,0.371,159.906,3
Masaharu Fukuyama,東京にもあったんだ,31,382786,0.376,0.702,-5.733,0.0299,0.00373,0.00116,0.138,0.241,134.817,4
Masaharu Fukuyama,あの夏も 海も 空も,31,322906,0.403,0.631,-5.94,0.0356,0.0502,3.97E-05,0.193,0.328,78.522,4
Bailey Jehl,21 Guns,47,243979,0.44,0.119,-12.574,0.0318,0.927,1.26E-06,0.137,0.279,145.186,4
Canyon City,Waves,45,262954,0.407,0.357,-11.659,0.0436,0.775,0.00105,0.94,0.253,112.207,4
Jonah Baker,Running Up That Hill (A Deal With God) - Acoustic,51,168042,0.385,0.134,-14.672,0.0476,0.899,0,0.113,0.427,203.816,4
Kurt Cobain,Poison's Gone,51,131800,0.429,0.258,-12.408,0.0317,0.868,0.888,0.108,0.0897,108.796,4
Masaharu Fukuyama,18 ~eighteen~,31,326600,0.609,0.76,-5.16,0.0283,0.131,0,0.41,0.44,117.135,4
Kina Grannis,Build Me Up Buttercup,48,166320,0.721,0.0963,-15.973,0.0502,0.945,1.03E-06,0.133,0.576,124.868,4
The Mayries,Umbrella - Acoustic Version,48,178319,0.675,0.278,-9.569,0.0343,0.845,0,0.114,0.353,123.962,4
Gabrielle Aplin,Home,51,249386,0.403,0.29,-10.262,0.0328,0.757,0,0.0972,0.248,139.482,4
Joshua Radin,You're My Home,55,200893,0.627,0.518,-7.178,0.0286,0.436,0,0.128,0.337,95.991,4
Masaharu Fukuyama,vs.2013 ~知覚と快楽の螺旋~,32,292493,0.403,0.925,-3.166,0.0537,0.000435,0.755,0.323,0.543,169.978,4
Ysabelle Cuevas,I Like Me Better,54,189673,0.449,0.209,-14.494,0.0896,0.896,0,0.156,0.431,93.618,4
Jason Mraz,The Remedy (I Won't Worry),60,256440,0.589,0.867,-4.523,0.0385,0.041,0,0.306,0.795,94.52,4
Bailey Pelkman;Randy Rektor,Something Stupid,47,147809,0.789,0.261,-14.396,0.0456,0.803,0,0.0962,0.491,117.961,4
Ethan Loukas;Janine Teñoso,Hanap-Hanap,29,246644,0.663,0.239,-9.517,0.0308,0.827,0,0.109,0.488,83.102,4
John Frusciante,The Will To Death,51,228426,0.498,0.113,-16.097,0.0333,0.691,0.000287,0.108,0.296,168.383,4
Adam Christopher,Boulevard of Broken Dreams (Acoustic),41,207400,0.586,0.149,-13.369,0.0348,0.881,0,0.187,0.341,75.121,4
Kina Grannis,Can't Help Falling In Love,48,188354,0.444,0.143,-11.449,0.0302,0.925,6.92E-05,0.118,0.132,100.341,3
Penny and Sparrow,Eloise,61,168712,0.606,0.415,-8.317,0.0475,0.695,0.00149,0.174,0.405,137.775,4
Sonny Boy Williamson II,Help Me,60,188200,0.745,0.436,-9.617,0.043,0.597,0.0213,0.61,0.771,114.216,4
Shannon & Keast,Everytime We Touch (Acoustic),45,181496,0.526,0.139,-11.316,0.0325,0.879,0,0.109,0.203,100.852,4
Ray LaMontagne,Let It Be Me,58,280226,0.614,0.283,-8.008,0.027,0.472,0,0.114,0.331,107.673,3
Mia Rollo,Beer,29,254306,0.473,0.493,-6.733,0.0302,0.84,6.57E-06,0.0915,0.54,169.998,4
Boyce Avenue,Someone Like You,57,276146,0.439,0.207,-9.573,0.0297,0.608,0,0.186,0.264,136.514,4
Suy Galvez,You've Got a Friend,29,274720,0.665,0.487,-9.409,0.0243,0.639,6.75E-05,0.091,0.326,94.978,4
JJ Heller,This Little Light of Mine,49,159820,0.534,0.26,-12.406,0.0319,0.834,0.00405,0.102,0.151,113.877,4
Takehara Pistol,Amazing Grace,30,178573,0.457,0.26,-7.952,0.0406,0.0594,0,0.346,0.38,106.756,4
Days N Daze,Remnants of What People Used to Be,30,175046,0.5,0.611,-10.826,0.0788,0.834,1.41E-05,0.241,0.894,88.372,4
AJJ,Linda Ronstadt,31,180771,0.448,0.516,-7.449,0.0292,0.341,0.00497,0.0929,0.29,100.672,4
SANNA NORTH,Unsteady - Acoustic Covers Versions of Popular Songs,29,191052,0.699,0.343,-6.052,0.0296,0.506,0,0.56,0.383,114.021,4
Brandi Carlile,Heart's Content,59,214666,0.564,0.209,-8.922,0.0317,0.724,3.99E-05,0.107,0.402,109.024,4
The Bridge City Sinners,The Damned,30,167466,0.404,0.577,-8.272,0.0294,0.605,0.249,0.0712,0.637,112.215,3
Pigeon Pit,Hot Knives,30,252760,0.501,0.44,-8.167,0.0352,0.818,0,0.104,0.311,89.881,4
Get Dead,Nickel Plated,29,136815,0.461,0.893,-6.028,0.121,0.00323,0,0.654,0.4,179.92,4
Adam Christopher,Peaches - Acoustic,55,190909,0.675,0.243,-13.392,0.0413,0.797,0,0.214,0.707,142.87,4
A Great Big World,You,49,218133,0.505,0.31,-10.423,0.03,0.885,0.00359,0.0996,0.34,82.591,4
Andrew Belle,Swimmers,50,181093,0.547,0.599,-8.174,0.0301,0.00396,0.409,0.0847,0.0571,120.054,4
Kris Allen,Live Like We're Dying,55,212506,0.589,0.893,-2.948,0.0397,0.0273,0,0.343,0.94,92.011,4
Lúc,Somebody That I Used To Know,49,172454,0.503,0.123,-14.312,0.0327,0.868,2.56E-05,0.111,0.343,183.571,4
Ben Woodward,Lost Without You,32,234046,0.611,0.534,-8.899,0.0744,0.423,0,0.145,0.38,159.985,4
Masayoshi Yamazaki,"One more time, One more chance",53,330200,0.55,0.408,-8.404,0.0318,0.719,0,0.11,0.331,129.152,4
The Mayries,you broke me first,46,190981,0.656,0.3,-9.905,0.0349,0.87,0,0.0956,0.369,120.006,4
Gabrielle Aplin,Skylight,23,240449,0.524,0.566,-5.443,0.0364,0.0411,0,0.25,0.362,159.914,4
Edy Hafler,Game of Thrones,41,89268,0.34,0.309,-12.98,0.05,0.855,0.903,0.168,0.153,176.899,3
The Perishers,Nothing Like You and I,49,213453,0.598,0.291,-8.627,0.0328,0.466,6.52E-05,0.12,0.38,123.978,4
Mat Kearney,Wanted Man,59,235106,0.514,0.319,-8.978,0.0941,0.805,0,0.211,0.677,203.651,4
The Mayries,Back To You,43,219976,0.448,0.256,-10.17,0.0483,0.875,0,0.113,0.174,77.272,4
Masaharu Fukuyama,何度でも花が咲くように私を生きよう,31,259493,0.441,0.423,-7.572,0.0282,0.839,0.000359,0.122,0.153,88.865,4
Boyce Avenue,Scared to Be Lonely,46,222052,0.636,0.169,-11.191,0.035,0.887,0,0.124,0.467,138.236,4
Kurt Cobain,Sappy - Early Demo,50,148573,0.445,0.289,-19.113,0.0329,0.437,0.00641,0.0988,0.172,104.006,4
Allman Brown,Ancient Light,41,244900,0.435,0.208,-15.75,0.0558,0.647,0.000921,0.147,0.189,69.027,4
Sara Farell;Simon Samaeng,I Don't Wanna Live Forever (Fifty Shades Darker) - Acoustic Version,48,232500,0.656,0.349,-6.841,0.0289,0.784,0,0.138,0.289,118.026,4
Andrew Foy;Renee Foy,Before You Go,36,195535,0.609,0.0866,-19.163,0.0412,0.912,0,0.113,0.411,167.892,3
Mat Kearney,Ships In The Night,44,255893,0.448,0.885,-3.755,0.0562,0.111,3.65E-06,0.0476,0.134,178.151,4
Joshua Radin,Only You,56,149013,0.545,0.255,-14.844,0.0311,0.362,1.77E-05,0.0841,0.831,98.088,4
Sakura Fujiwara,Waver,29,207933,0.626,0.682,-5.656,0.0397,0.277,0.000325,0.0985,0.636,75.02,4
JJ Heller,Missing Peace,52,238733,0.572,0.317,-9.108,0.0241,0.705,0.00385,0.528,0.38,78.009,4
Masaharu Fukuyama,聖域,31,236853,0.368,0.871,-3.032,0.0661,0.0356,0,0.149,0.636,107.721,4
Canyon City,Firework,47,182744,0.51,0.32,-10.371,0.0392,0.823,0.000193,0.124,0.425,92.385,4
Ray LaMontagne,Such A Simple Thing - Recorded at Sound Stage Studios Nashville,56,307534,0.55,0.334,-10.73,0.0288,0.517,0.000169,0.101,0.143,72.235,4
Eddie van der Meer,"Sad Theme (From ""One Punch Man"")",37,81000,0.487,0.162,-11.238,0.106,0.933,0.829,0.117,0.49,82.33,4
Gabrielle Aplin,Don't Know What I Want,24,145720,0.309,0.349,-8.402,0.0322,0.828,2.70E-06,0.0907,0.192,180.075,4
Gabrielle Aplin,Call Me,23,208400,0.38,0.468,-4.245,0.0318,0.243,0,0.0973,0.303,143.504,4
Suy Galvez,TRUE,28,287760,0.716,0.525,-8.733,0.027,0.647,0.00868,0.0893,0.423,96.993,4
Boyce Avenue;Rachel Grae,I Can't Make You Love Me,51,243680,0.407,0.222,-7.991,0.0324,0.853,2.03E-06,0.11,0.204,123.618,4
Tristan Prettyman,Say Anything,51,236379,0.657,0.43,-10.202,0.0314,0.534,0.000238,0.12,0.335,91.967,4
Matt Nathanson,All We Are,51,216933,0.534,0.492,-8.905,0.0261,0.584,1.12E-06,0.185,0.328,82.465,3
Joshua Hyslop,Gentle Heart,50,265173,0.603,0.374,-10.875,0.0258,0.256,0.0356,0.127,0.542,135.946,4
Masaharu Fukuyama,All My Loving (Original Version),31,245800,0.725,0.746,-8.214,0.0338,0.00721,0,0.0575,0.656,102.87,4
Masayoshi Yamazaki,アンダルシアに憧れて,30,358040,0.448,0.755,-5.719,0.0429,0.028,0,0.273,0.575,156.045,4
Masaharu Fukuyama,想 -new love new world-,31,280546,0.595,0.879,-4.849,0.0405,0.0319,0,0.344,0.839,124.784,4
Drei Rana,Last Christmas,29,230915,0.686,0.285,-10.912,0.0291,0.689,0,0.129,0.672,103.995,4
Trevor Hall,Green Mountain State,61,274632,0.693,0.367,-11.66,0.0323,0.351,2.90E-05,0.111,0.286,129.879,4
Maris Racal,Di Papakawalan,28,244528,0.71,0.402,-9.91,0.0274,0.873,0.232,0.103,0.136,106.024,4
The Weepies;Deb Talan;Steve Tannen,Can't Go Back Now,55,137880,0.691,0.552,-9.114,0.0264,0.497,0.000589,0.197,0.685,119.931,4
Hanare Gumi,ウイスキーが、お好きでしょ,29,152100,0.642,0.237,-16.142,0.0387,0.724,1.71E-06,0.0574,0.694,137.4,4
Days N Daze,Ditches,30,162282,0.48,0.77,-3.547,0.0542,0.397,0,0.254,0.744,126.225,4
Eric Hutchinson,Outside Villanova,29,255680,0.785,0.732,-6.177,0.0513,0.059,3.74E-06,0.524,0.798,137.946,4
Apes of the State,Timeline,30,216894,0.668,0.304,-9.415,0.0354,0.811,0,0.0826,0.567,112.338,4
Gail Blanco,I'll Never Fall in Love Again,29,239000,0.758,0.406,-10.474,0.0306,0.901,4.30E-05,0.0908,0.383,109.984,4
The Bridge City Sinners,Stray Cat Strut,29,128731,0.49,0.749,-2.244,0.0649,0.389,0,0.0792,0.739,144.87,4
Days N Daze,Goodbye Lulu Pt.2,30,381910,0.389,0.864,-3.218,0.117,0.0362,6.31E-06,0.193,0.548,98.11,3
Days N Daze,Days n Daze of Our Lives,29,196161,0.387,0.524,-9.633,0.0493,0.777,5.74E-06,0.718,0.858,95.623,4
Get Dead,8 Track,28,156533,0.408,0.974,-5.501,0.15,8.77E-05,0,0.278,0.578,197.008,4
Jonah Baker,Ghost - Acoustic,42,155050,0.486,0.0745,-14.271,0.0599,0.922,0,0.104,0.396,145.912,4
Eden Elf;Ren Avel,4am,49,125677,0.638,0.329,-13.683,0.0422,0.979,0.0597,0.338,0.475,94.125,4
Adam Christopher;Dan Berk,"10,000 Hours - Acoustic",53,169058,0.522,0.382,-6.765,0.031,0.389,0,0.133,0.519,169.861,4
Amber Leigh Irish,Yellow - Acoustic,50,196724,0.49,0.204,-10.992,0.0315,0.901,0,0.0893,0.373,167.573,4
Lúc,No Air,52,199114,0.674,0.116,-13.448,0.0375,0.862,0,0.0979,0.21,129.976,4
Anna Hamilton,Self Help,36,156923,0.778,0.445,-8.228,0.0468,0.45,1.28E-06,0.119,0.502,130.01,4
Lee DeWyze,Blackbird Song,49,254615,0.259,0.195,-13.639,0.0331,0.264,0.433,0.352,0.183,146.011,4
Jonah Baker,Easy On Me - Acoustic,40,222186,0.408,0.095,-18.102,0.0397,0.948,0,0.106,0.357,137.546,4
Bailey Rushlow,Chasing Cars - Acoustic,51,236298,0.663,0.26,-9.587,0.0303,0.865,0,0.101,0.243,107.931,4
Emilie Mover,Can't Take My Eyes Off of You,41,203024,0.625,0.818,-6.296,0.0669,0.0516,1.13E-05,0.132,0.307,123.905,4
William Fitzsimmons,Fortune - Acoustic,55,228013,0.529,0.0546,-23.684,0.0364,0.924,0.0428,0.108,0.517,78.451,4
Vivid Color,Lot To Learn,52,226470,0.57,0.468,-4.192,0.047,0.758,0,0.206,0.335,137.855,4
Bailey Jehl,Apologize,51,181596,0.566,0.168,-12.483,0.0372,0.812,0,0.125,0.238,116.286,4
Zack Tabudlo,First & Last,49,192631,0.598,0.249,-10.847,0.0603,0.194,0,0.0892,0.292,113.829,3
Albert Collins,"Cold, Cold Feeling",54,318840,0.713,0.281,-11.057,0.0379,0.137,0.0258,0.111,0.397,148.301,3
Phillip LaRue,Sweet Love,46,267862,0.547,0.328,-11.118,0.0321,0.163,0.0926,0.0884,0.186,139.959,4
Us The Duo,Shotgun,45,174884,0.806,0.263,-10.43,0.0502,0.787,0,0.182,0.868,115.854,4
Masaharu Fukuyama,HEY!,30,347200,0.548,0.889,-6.106,0.0309,0.0324,0,0.359,0.789,95.289,4
Jason Mraz,Have It All,53,226098,0.643,0.617,-4.95,0.041,0.194,0,0.0989,0.592,82.029,4
The Perishers,Trouble Sleeping,48,282133,0.428,0.813,-4.478,0.025,0.0622,0.00388,0.154,0.347,91.053,4
Jon McLaughlin,Beautiful Disaster,52,251640,0.432,0.664,-4.662,0.0302,0.215,0,0.15,0.294,156.216,4
Sara Bareilles,Breathe Again,51,298280,0.366,0.482,-7.9,0.0278,0.288,0.00655,0.117,0.278,169.677,4
Ray LaMontagne,Trouble,59,241546,0.325,0.424,-12.733,0.0438,0.341,0.000267,0.23,0.494,173.352,3
Boyce Avenue,Memories,53,197170,0.46,0.195,-12.093,0.0459,0.867,1.65E-05,0.112,0.384,176.119,4
Tyrone Wells,Sink Or Swim,47,178093,0.613,0.812,-3.524,0.0355,0.259,0,0.185,0.394,119.979,4
EJ De Perio,Tama Na,28,230545,0.492,0.33,-8.967,0.0285,0.266,0,0.297,0.109,132.005,4
Beyond The Guitar,"He's A Pirate (From ""Pirates of the Caribbean"")",30,163813,0.57,0.454,-7.613,0.0987,0.881,0.889,0.0983,0.381,101.476,4
Yosui Inoue,能古島の片想い - Remastered 2018,29,212080,0.494,0.465,-6.095,0.027,0.705,0,0.0693,0.275,132.501,4
Zee Avi,Bitter Heart,48,156773,0.74,0.377,-10.013,0.0583,0.65,0,0.178,0.408,78.988,4
Hannah's Yard,I Want to Know What Love Is - Acoustic,52,171486,0.49,0.263,-9.248,0.0462,0.92,0,0.103,0.361,73.834,4
Hanare Gumi,ハンキーパンキー,28,312133,0.465,0.211,-14.143,0.0384,0.812,0.00199,0.102,0.256,83.257,4
JJ Heller,Ordinary Days,51,248386,0.477,0.34,-11.666,0.0319,0.849,0.000488,0.0992,0.261,173.86,4
JJ Heller,Moon River,53,291386,0.411,0.191,-10.178,0.0308,0.916,0,0.1,0.155,74.92,3
Ben Rector,Forever Like That,52,254026,0.592,0.304,-9.833,0.0298,0.564,0,0.107,0.307,114.72,3
JJ Heller,Neighbor,42,236000,0.439,0.292,-10.92,0.0308,0.744,6.27E-05,0.0987,0.153,82.222,4
Takehara Pistol,一等賞,29,133840,0.659,0.83,-4.659,0.0445,0.588,0,0.111,0.937,127.014,4
Hanare Gumi,音タイム,29,229533,0.373,0.716,-7.358,0.0313,0.082,0.000239,0.105,0.374,134.764,4
Brandi Carlile,The Joke,60,279373,0.236,0.578,-5.477,0.0404,0.327,0.00015,0.206,0.227,75.367,4
Eddie Vedder,Toulumne,51,60306,0.337,0.287,-15.051,0.0332,0.898,0.978,0.12,0.393,107.031,4
Vendredi;Son&Dad,Just The Two Of Us - Acoustic,28,124742,0.462,0.424,-7.038,0.0301,0.883,0,0.147,0.564,97.675,4
Chris Cresswell,Arrythmic Palpitations,27,169000,0.51,0.485,-4.432,0.0334,0.612,5.08E-06,0.126,0.451,154.97,4
Chuck Ragan,The Boat,28,196213,0.56,0.755,-3.923,0.0278,0.286,0.000498,0.243,0.491,147.138,4
Albert King,Born Under A Bad Sign - Mono Mix,58,169997,0.711,0.483,-11.211,0.0298,0.434,0.012,0.0284,0.884,91.652,4
The Weepies;Deb Talan;Steve Tannen,Nobody Knows Me At All,54,120720,0.759,0.159,-13.035,0.0453,0.957,0.000472,0.103,0.329,115.945,3
Tim Vantol,Bitter Morning Taste,28,149274,0.38,0.396,-6.507,0.0366,0.202,0,0.133,0.192,103.621,4
Days N Daze,DBS Out,29,127033,0.598,0.599,-10.265,0.0823,0.326,1.49E-05,0.117,0.94,90.206,4
Vendredi;Son&Dad,Crazy - (Acoustic Mix),28,169404,0.651,0.425,-6.002,0.0309,0.879,4.54E-06,0.156,0.302,104.819,4
The Bridge City Sinners,Dungeon Song,28,202594,0.306,0.948,-2.877,0.0989,0.64,0,0.353,0.903,135.76,4
Chad Hates George,Can I Sleep On Your Floor??,28,125100,0.469,0.457,-10.102,0.0412,0.692,0,0.0531,0.893,84.064,4
Frank Turner,Josephine,28,202400,0.442,0.898,-4.662,0.0613,0.000158,4.11E-06,0.1,0.446,144.299,4
Ichiko Aoba,いきのこり●ぼくら,52,406103,0.592,0.0833,-16.517,0.0835,0.946,0.0791,0.0941,0.205,143.243,4
Boyce Avenue,Careless Whisper,46,247805,0.698,0.389,-6.246,0.0321,0.885,0,0.136,0.704,76.897,4
Aron Wright,Look After You,47,191765,0.396,0.293,-10.739,0.0367,0.732,0.116,0.102,0.199,145.556,3
Acoustic Guitar Collective,Perfect,39,192397,0.559,0.118,-16.34,0.0421,0.979,0.935,0.109,0.289,97.1,4
Kina Grannis,When the Party's Over,50,154732,0.52,0.171,-14.5,0.0423,0.853,0,0.174,0.23,123.565,3
Howie Day,Longest Night,43,215746,0.231,0.636,-7.257,0.0339,0.00402,0,0.0504,0.244,202.098,3
Andrew Foy;Renee Foy,Photograph,30,218590,0.807,0.0459,-19.883,0.0481,0.852,6.14E-06,0.102,0.275,110.512,4
Ciaran Lavery,Shame,53,251960,0.619,0.299,-7.744,0.0279,0.846,4.99E-05,0.243,0.31,115.405,4
Bailey Jehl,Iris,51,165223,0.605,0.316,-8.924,0.0319,0.869,2.87E-05,0.14,0.344,134.054,3
Jules Larson,Running Wild,31,228387,0.529,0.663,-7.036,0.0251,0.368,0.00225,0.107,0.223,96.991,4
Masaharu Fukuyama,彼方で,29,272320,0.459,0.57,-5.672,0.0293,0.199,0,0.137,0.361,72.978,4
Rosi Golan,Hazy (Featuring William Fitzsimmons),43,235960,0.515,0.0686,-17.61,0.0401,0.936,0.000129,0.117,0.33,113.185,5
Colin & Caroline,Let It Go,55,194129,0.46,0.319,-8.621,0.0356,0.861,0,0.118,0.329,145.765,4
Gen Hoshino,I Wanna Be Your Ghost (feat. Ghosts),50,225533,0.829,0.751,-4.937,0.0645,0.0142,0.014,0.0414,0.96,129.993,4
Masaharu Fukuyama,約束の丘,30,326413,0.524,0.852,-4.708,0.0298,0.0159,6.35E-06,0.112,0.635,92.748,4
Ingrid Michaelson,Young And In Love,46,208226,0.626,0.575,-7.507,0.0535,0.0694,3.34E-06,0.114,0.222,119.97,4
Jason Mraz,No Plans,46,148000,0.491,0.304,-9.379,0.0291,0.5,0,0.0975,0.459,149.288,4
Boyce Avenue,Easy on Me,52,260040,0.586,0.514,-6.267,0.0269,0.56,0.000347,0.122,0.27,142.021,4
Eddie Vedder;Cat Power,Tonight You Belong To Me,44,101539,0.653,0.174,-11.07,0.052,0.991,0.00248,0.106,0.611,138.981,3
Ysabelle Cuevas,Closer,51,178666,0.558,0.172,-13.379,0.0513,0.874,0,0.1,0.518,90.146,4
Boyce Avenue,One Last Breath,53,236800,0.45,0.335,-6.833,0.0301,0.788,1.66E-06,0.115,0.166,125.484,4
The Civil Wars,Devil's Backbone,47,149426,0.254,0.349,-10.02,0.0379,0.85,2.95E-05,0.234,0.303,170.214,3
Will Moore,Waltzing Matilda,48,148127,0.625,0.285,-13.819,0.0524,0.897,0.91,0.108,0.173,141.611,4
Ingrid Michaelson,Girls Chase Boys,56,221413,0.518,0.828,-5.725,0.04,0.03,1.33E-05,0.0456,0.69,84.835,4
Jason Mraz,The Woman I Love,48,190751,0.591,0.647,-8.34,0.0277,0.067,6.57E-05,0.231,0.678,79.68,4
C.W. Stoneking,The Love Me or Die,47,234600,0.609,0.53,-5.465,0.0648,0.84,2.02E-05,0.133,0.919,150.405,4
Masaharu Fukuyama,美しき花,29,330026,0.524,0.797,-6.611,0.0298,0.0567,0,0.0796,0.766,105.901,4
Suy Galvez,Isn't She Lovely,28,181466,0.71,0.646,-5.945,0.0313,0.789,3.75E-06,0.106,0.615,120.028,4
Mone Kamishiraishi,世界中の誰よりきっと,28,217466,0.578,0.636,-5.506,0.0342,0.0874,0,0.124,0.556,124.9,4
KT Tunstall,Black Horse And The Cherry Tree,67,172373,0.748,0.786,-7.788,0.0641,0.328,0,0.34,0.917,104.833,4
Johnnyswim,Drunks,29,279068,0.399,0.461,-10.694,0.0411,0.157,5.52E-05,0.116,0.205,96.591,4
Drew Holcomb;Ellie Holcomb;Drew Holcomb & The Neighbors,Coming Home,56,146360,0.625,0.81,-5.995,0.033,0.146,2.72E-05,0.135,0.741,104.066,4
Freddie King,I'm Tore Down,54,253333,0.64,0.496,-11.124,0.0413,0.616,4.63E-05,0.183,0.954,116.632,4
JJ Heller,Neighbor (Piano Version),25,236000,0.446,0.142,-12.119,0.0373,0.91,1.57E-06,0.0943,0.192,115.911,3
Ben Rector,I Will Always Be Yours,49,226826,0.444,0.771,-4.607,0.0485,0.13,0,0.273,0.45,148.028,4
Days N Daze,Nine on the Bortle,28,269139,0.408,0.685,-10.773,0.0754,0.84,0.0133,0.614,0.905,159.831,4
Frank Turner,Redemption,28,288133,0.658,0.678,-6.807,0.0284,0.00897,0,0.0914,0.63,131.976,4
KT Tunstall,Other Side Of The World,29,214560,0.427,0.695,-5.378,0.0343,0.487,0,0.0836,0.368,160.142,4
Eddie Vedder,Setting Forth,53,97866,0.549,0.78,-5.08,0.0291,0.0116,0,0.195,0.804,119.369,4
Frank Turner,Eulogy,28,94466,0.284,0.108,-9.352,0.0473,0.674,4.65E-06,0.204,0.282,148.956,3
Days N Daze,Tarnished Ol' Photograph,28,148035,0.522,0.403,-10.989,0.0358,0.642,0.00605,0.152,0.621,123.196,4
Marc Broussard,Rocksteady,28,243840,0.719,0.849,-4.233,0.0352,0.018,1.37E-06,0.0379,0.886,120.063,4
The Bridge City Sinners,Come on In,28,204926,0.544,0.911,-2.73,0.204,0.661,0,0.344,0.851,114.776,4
The Bridge City Sinners,Laugh While You Can,28,168118,0.672,0.879,-3.693,0.114,0.629,4.09E-06,0.169,0.74,119.996,4
Frank Turner,Untainted Love,28,174466,0.573,0.789,-5.435,0.05,0.000488,0.00965,0.126,0.332,128.077,4
Harley Poe,Whiny Bitch,28,272100,0.495,0.811,-3.1,0.0411,0.534,0.000286,0.136,0.9,173.56,4
Days N Daze;Juicy Karkass,I Wanna See It Burn,29,157000,0.48,0.6,-8.976,0.0398,0.24,0,0.533,0.944,92.545,4
Mindy Smith,I'll Be Home for Christmas,0,216093,0.57,0.427,-5.873,0.0296,0.368,1.73E-05,0.156,0.186,98.995,4
Mindy Smith,I'll Be Home for Christmas,0,216093,0.57,0.427,-5.873,0.0296,0.368,1.73E-05,0.156,0.186,98.995,4
Mindy Smith,It's Amazing,0,220213,0.612,0.484,-9.773,0.0319,0.643,0,0.118,0.254,138.961,4
Anya Marina,How Far Does the Dark Go?,32,245726,0.401,0.546,-5.846,0.0319,0.395,5.03E-05,0.12,0.15,89.331,4
Adam Christopher,THATS WHAT I WANT (Acoustic),35,172857,0.759,0.275,-10.707,0.0626,0.81,0,0.177,0.457,73.553,4
Hannah's Yard,Dynamite - Acoustic,49,155904,0.737,0.391,-7.934,0.068,0.807,0,0.367,0.836,93.936,4
SafetySuit,Never Stop (Wedding Version),52,175200,0.639,0.439,-7.157,0.0489,0.872,0,0.0918,0.51,133.87,4
Meiko,You're Mine (The Chase),31,208386,0.532,0.667,-7.065,0.0295,0.14,0.0194,0.193,0.67,144.901,4
Yosui Inoue;Tamio Okuda,パラレル・ラブ,28,246786,0.656,0.826,-3.929,0.0323,0.00453,3.65E-06,0.0791,0.894,117.648,4
Boyce Avenue;Hannah Trigwell,Let Her Go,48,219650,0.597,0.334,-8.559,0.0279,0.86,0,0.123,0.342,134.94,4
Canyon City,So Are We,48,252640,0.496,0.11,-15.584,0.042,0.911,1.44E-05,0.0829,0.235,145.277,4
Eddy Tyler,Shallow,41,214784,0.613,0.346,-11.33,0.0398,0.89,0.913,0.0994,0.128,95.981,4
A Great Big World;Futuristic,Hold Each Other (feat. Futuristic),47,216040,0.61,0.796,-5.431,0.0656,0.0365,0,0.274,0.51,159.944,4
Hanare Gumi,別れの予感,28,274133,0.63,0.367,-11.054,0.0232,0.052,0.000202,0.103,0.547,98.995,4
Ray LaMontagne,I Was Born To Love You,60,251933,0.659,0.236,-12.56,0.0304,0.84,6.32E-05,0.206,0.216,78.088,4
Aimyon,Naked Heart,47,296653,0.559,0.448,-4.11,0.0275,0.537,1.85E-05,0.0915,0.354,148.02,4
Tyrone Wells,Days I Will Remember,30,201506,0.804,0.457,-7.845,0.197,0.6,0,0.15,0.552,98.035,4
Kaiak,Smell the Coffee,49,201861,0.637,0.46,-9.07,0.0384,0.855,4.80E-05,0.114,0.345,93.955,4
Jason Mraz,Unlonely,51,231266,0.795,0.667,-4.831,0.0392,0.379,0,0.221,0.754,97.987,4
Boyce Avenue;Bea Miller,See You Again,50,239802,0.57,0.413,-7.034,0.0345,0.535,0,0.076,0.278,152.032,4
Sakura Fujiwara,ゆめのなか,28,247666,0.565,0.566,-7.258,0.0272,0.472,0.000426,0.148,0.551,92.017,4
Filip Nordin,More Than You Know - Acoustic Covers of Popular Songs,51,155510,0.776,0.319,-7.496,0.031,0.791,0,0.159,0.501,98.016,4
Gabrielle Aplin,Nothing Really Matters,45,164786,0.328,0.53,-8.124,0.0509,0.0602,0,0.057,0.753,162.031,4
The Mayries,Don't Wanna Know - Acoustic Version,54,183472,0.438,0.448,-7.676,0.0666,0.706,0,0.159,0.366,118.37,5
Allman Brown,Sweetest Thing,54,218502,0.546,0.411,-9.308,0.0475,0.701,9.73E-05,0.0955,0.528,79.785,4
Sara Bareilles;John Legend,A Safe Place to Land (feat. John Legend),57,269209,0.424,0.253,-13.259,0.0366,0.825,0,0.117,0.16,129.812,3
Suy Galvez,Your Song,27,242880,0.586,0.415,-7.834,0.0276,0.836,6.01E-05,0.122,0.704,140.005,4
The Civil Wars,Billie Jean,57,259920,0.532,0.203,-8.524,0.0668,0.829,0,0.108,0.543,89.646,4
"Melvin Taylor;Lucky Peterson;Titus Williams;Ray ""Killer"" Allison",Cadillac Assembly Line,55,318333,0.735,0.355,-19.032,0.0387,0.656,0.094,0.119,0.724,93.553,4
Eddie van der Meer,Pirates of the Caribbean Theme,30,98000,0.315,0.516,-8.112,0.0622,0.859,0.947,0.115,0.184,188.325,3
Takehara Pistol,全て身に覚えのある痛みだろう?,27,182306,0.625,0.776,-7.354,0.0354,0.0299,0,0.23,0.617,88.002,4
Luther Allison,Life Is A Bitch,41,219640,0.594,0.744,-10.096,0.0304,0.648,0.00305,0.261,0.778,102.344,4
Takehara Pistol,オールドルーキー (再録),28,361693,0.414,0.42,-5.647,0.0301,0.303,9.13E-06,0.194,0.376,97.136,4
Jason Mraz,You and I Both,57,218240,0.615,0.812,-6.573,0.0458,0.184,0,0.328,0.74,98.954,4
John Frusciante,The Past Recedes,51,233626,0.381,0.334,-11.36,0.0271,0.202,0.000203,0.411,0.171,102.632,4
Maris Racal,Laro Laro Laro,27,174124,0.466,0.14,-13.118,0.0301,0.921,0.00659,0.358,0.351,147.328,3
Front Porch Step,Stones,27,250987,0.636,0.776,-4.765,0.0362,0.00662,5.47E-06,0.0741,0.402,95.999,4
Penny and Sparrow,Need You,58,189282,0.545,0.642,-7.344,0.0279,0.517,1.75E-06,0.116,0.555,78.51,4
We The Heathens,When It's Gone,27,209606,0.532,0.54,-6.304,0.0346,0.724,0.000376,0.0464,0.765,169.826,4
Front Porch Step,Heaven Sent,27,212960,0.615,0.312,-10.054,0.0301,0.727,8.29E-05,0.256,0.354,135.145,4
Gail Blanco,Too Much Heaven,27,294853,0.664,0.45,-7.007,0.0257,0.781,1.71E-05,0.311,0.26,83.987,4
Ramshackle Glory,Face the Void,28,179920,0.466,0.421,-7.428,0.0318,0.00798,1.09E-05,0.0717,0.788,146.791,4
RENT STRIKE,V: Fair Trade Death March,27,330454,0.342,0.731,-6.015,0.0545,0.0675,6.24E-05,0.191,0.665,181.81,4
Days N Daze,Fate of a Coward,28,175046,0.583,0.534,-11.147,0.0411,0.569,0,0.351,0.943,123.094,4
Sonny Boy Williamson II,Don't Start Me To Talkin',30,153653,0.699,0.761,-7.264,0.103,0.806,0.00115,0.588,0.706,115.048,4
AJJ,Angel of Death,28,174709,0.645,0.626,-7.551,0.0364,0.259,0.00887,0.115,0.307,118.585,4
Ramshackle Glory,Bitter Old Man - Live,28,258866,0.577,0.453,-8.77,0.0489,0.395,0,0.176,0.51,132.944,4
Harley Poe,You're a Witch,28,172121,0.529,0.936,-4.061,0.0757,0.256,0.000454,0.752,0.849,91.952,4
Frank Turner,Non Serviam,27,119946,0.455,0.961,-4.527,0.0824,1.09E-05,0.0131,0.357,0.417,95.069,4
Frank Turner,The Gathering,27,159640,0.455,0.938,-4.316,0.0756,0.0022,1.21E-05,0.142,0.552,143.887,4
Eric Lumiere,7 Years,27,244821,0.662,0.268,-7.394,0.0358,0.858,0,0.11,0.394,111.594,4
Days N Daze,Comfort epershand Control,28,182204,0.486,0.423,-11.703,0.0426,0.784,0,0.32,0.75,127.551,4
Frank Turner,Demons,27,245386,0.285,0.938,-5.414,0.0795,0.00145,0.000273,0.387,0.286,159.017,4
Aimyon,愛を伝えたいだとか,65,235240,0.673,0.85,-5.021,0.0337,0.0345,1.14E-05,0.0943,0.793,100.008,4
Gen Hoshino,FUSHIGI,49,290000,0.753,0.574,-4.57,0.0483,0.0512,3.71E-06,0.141,0.527,89.024,4
Luther Allison,Bad News Is Coming,52,445533,0.639,0.496,-6.844,0.0375,0.713,0.254,0.0545,0.467,140.394,3
Ethan Loukas,I Mean Love,39,193876,0.748,0.428,-7.019,0.0314,0.542,0,0.0994,0.565,115.067,4
Gabrielle Aplin,Night Bus,38,221826,0.458,0.815,-7.16,0.0515,0.00374,1.07E-05,0.115,0.362,118.226,4
Andrew Belle,Dark Matter,45,318439,0.483,0.806,-5.111,0.0321,0.0881,0.000895,0.0991,0.19,147.049,4
Gen Hoshino,Doraemon,41,239933,0.64,0.547,-4.129,0.038,0.00676,4.95E-05,0.0585,0.95,159.992,4
Carly Lyman;Jason Lux,Landslide,49,194782,0.483,0.143,-11.535,0.035,0.958,0,0.119,0.342,104.932,3
Joshua Radin,I'd Rather Be With You [Radio Edit],28,163200,0.512,0.671,-7.738,0.0283,0.0314,0.161,0.0749,0.397,82.342,4
Blame Jones,Leave The Door Open - Acoustic,51,186503,0.817,0.305,-7.73,0.0451,0.874,0,0.115,0.52,148.017,3
Michelle Featherstone,Careful,35,256760,0.505,0.835,-4.301,0.0296,0.46,0.000352,0.165,0.484,144.171,4
Lusaint,Use Somebody - Acoustic,54,172633,0.591,0.269,-8.554,0.0301,0.911,0,0.0945,0.246,124.441,4
Kurt Cobain,She Only Lies,48,167186,0.474,0.0699,-27.372,0.038,0.992,0.898,0.116,0.243,114.606,4
Thomas Daniel,What About Us - Acoustic,60,255510,0.427,0.229,-11.564,0.0364,0.935,7.37E-06,0.0958,0.222,125.195,5
Big Mama Thornton,Hound Dog,57,181000,0.563,0.542,-10.862,0.0962,0.706,3.59E-05,0.355,0.785,133.285,4
Ingrid Michaelson,Turn To Stone,45,276386,0.354,0.175,-9.779,0.0388,0.781,7.63E-05,0.153,0.323,111.089,4
Joseph Sullinger,Drawn by the Wind (Arr. for Guitar),34,196487,0.514,0.239,-14.957,0.101,0.982,0.954,0.106,0.338,119.998,4
Neulore,Don't Shy From The Light,40,269826,0.285,0.305,-10.523,0.0285,0.26,0.0192,0.195,0.0419,133.513,4
Ben Woodward,Memories (Acoustic),46,183337,0.802,0.183,-17.1,0.403,0.809,0,0.109,0.664,91.078,4
Nathan Angelo,She’s The Song,42,217898,0.614,0.517,-6.205,0.0302,0.747,0,0.134,0.424,133.868,4
Andrew Ripp,When You Fall in Love,36,221070,0.63,0.301,-6.952,0.0288,0.877,0,0.12,0.395,104.959,4
Jason Mraz,I Won’t Give Up,16,240640,0.543,0.329,-9.46,0.0449,0.69,0,0.112,0.141,136.549,3
JJ Heller,Suitcase,46,229519,0.397,0.312,-10.504,0.0307,0.772,0,0.117,0.141,179.605,4
Filip Nordin,Stitches,26,140547,0.686,0.347,-6.075,0.0341,0.725,0,0.411,0.539,145.837,4
"Melvin Taylor;Lucky Peterson;Titus Williams;Ray ""Killer"" Allison",I 'll Play the Blues for You,52,317133,0.654,0.316,-18.692,0.041,0.786,0.0563,0.131,0.697,94.485,4
Mone Kamishiraishi,PRIDE,26,317146,0.747,0.294,-10.272,0.0366,0.956,2.37E-05,0.104,0.412,119.948,4
Gabrielle Aplin,The Power of Love,50,245160,0.277,0.291,-9.851,0.0306,0.901,2.47E-05,0.103,0.175,75.119,3
Amos Lee,Arms Of A Woman,60,251440,0.54,0.0674,-13.778,0.0368,0.888,0.000382,0.109,0.12,141.988,3
Donovan Woods,Seeing Other People,50,186143,0.444,0.44,-11.076,0.0391,0.741,2.00E-05,0.102,0.339,76.959,1
Sara Bareilles,King of Anything,61,207493,0.676,0.762,-4.172,0.0351,0.461,0,0.0574,0.81,119.003,4
Covers Culture;Acoustic Covers Culture;Lounge Covers Culture Of Popular Songs,Lost Cause - Acoustic Covers Versions of Popular Songs,26,148812,0.664,0.274,-11.005,0.0425,0.899,0,0.354,0.392,75.01,4
Keisha White,The Weakness in Me,27,199093,0.717,0.436,-8.531,0.056,0.0569,0,0.11,0.319,128.112,4
Austin Plaine,Honey,28,191973,0.517,0.578,-7.37,0.0293,0.367,1.42E-06,0.176,0.398,138.178,4
Drew Holcomb & The Neighbors,I Like to Be With Me When I'm With You,55,230773,0.595,0.384,-12.114,0.0305,0.682,2.37E-06,0.0796,0.691,90.726,4
Eddie Vedder,No More - Live,45,270466,0.337,0.605,-7.84,0.0277,0.862,0.0031,0.944,0.424,59.327,4
Beans on Toast,On & On,26,279781,0.746,0.421,-7.944,0.0756,0.409,0,0.113,0.545,97.152,4
Johnnyswim,A Million Years,28,219853,0.71,0.782,-6.276,0.0835,0.0684,8.66E-06,0.0845,0.523,123.04,4
Eddie Vedder,End Of The Road,48,199880,0.585,0.441,-9.271,0.0311,0.501,0.534,0.0967,0.0591,114.091,4
Not Half Bad,"It Really Sucked, Actually",27,89760,0.673,0.637,-7.546,0.0281,0.295,0.000383,0.184,0.541,105.043,4
Frank Turner,The Work,27,212893,0.491,0.913,-4.526,0.0567,1.88E-05,2.26E-06,0.327,0.59,89.987,4
Chuck Ragan,Trenchfoot,26,236293,0.643,0.407,-6.086,0.0355,0.414,0.000385,0.116,0.332,132.449,3
AJJ,Unicron,28,73066,0.495,0.531,-6.372,0.0582,0.696,0,0.165,0.827,155.227,4
Violent Femmes,Issues,28,185250,0.582,0.541,-5.499,0.059,0.324,0,0.0646,0.562,154.871,4
AJJ,Darkest Heart,28,122600,0.463,0.656,-3.078,0.0468,0.0845,0.00224,0.16,0.798,176.907,4
"Defiance, Ohio",Letter Home,29,91893,0.5,0.764,-7.834,0.0626,0.168,0,0.226,0.966,126.899,4
NORMANDY;Lynn Miller,Control,27,175336,0.709,0.156,-17.424,0.0357,0.924,7.77E-05,0.0895,0.188,109.799,4
Days N Daze,Fall Out,28,214099,0.434,0.832,-9.513,0.0716,0.348,3.20E-05,0.158,0.591,93.674,4
Frank Turner,The Gathering,27,159019,0.424,0.942,-3.338,0.118,0.0025,1.14E-06,0.23,0.447,143.671,4
Brandi Carlile,This Time Tomorrow,60,206267,0.606,0.326,-10.031,0.0294,0.841,0,0.139,0.414,91.626,4
Mischief Brew,Roll Me Through the Gates of Hell - Acoustic Version,28,233306,0.488,0.627,-5.867,0.0534,0.416,0,0.103,0.757,118.434,4
Gen Hoshino,SUN,48,241466,0.782,0.684,-5.774,0.0398,0.021,0,0.125,0.858,108.171,4
Parker Jenkins,Sweet but Psycho - Acoustic,43,188712,0.664,0.263,-7.988,0.0274,0.814,0,0.0817,0.371,96.214,4
Sunset & Highland,I'm the One - Acoustic,54,233488,0.601,0.372,-6.148,0.0292,0.835,0,0.129,0.444,146.086,4
Gabrielle Aplin,Magic,49,245653,0.652,0.586,-8.281,0.0402,0.469,0,0.0846,0.554,144.031,4
Kris Allen,Lost,45,198386,0.47,0.292,-9.899,0.0284,0.904,0.000104,0.0889,0.168,66.109,4
Shikao Suga,黄金の月,27,319533,0.673,0.658,-8.864,0.0343,0.176,1.57E-05,0.08,0.863,97.989,4
Ben Rector,It Would Be You,52,219066,0.655,0.587,-8.736,0.045,0.26,6.07E-06,0.0953,0.521,91.494,4
Guus Dielissen,As It Was - Acoustic Instrumental,41,139612,0.287,0.245,-20.674,0.0493,0.915,0.836,0.112,0.624,84.056,4
Jae Hall,Sweet Child O' Mine - Acoustic,51,178615,0.456,0.134,-11.248,0.0364,0.976,2.25E-05,0.107,0.316,127.976,3
Kina Grannis,Beyond The Sea,48,119423,0.676,0.118,-11.443,0.032,0.935,0,0.292,0.517,103.948,4
John Adams,Have I Told You Lately That I Love You - Acoustic,52,201885,0.58,0.188,-9.34,0.0511,0.935,0,0.264,0.431,121.648,4
Andrew Ripp,Pilots,39,219653,0.809,0.555,-5.689,0.0617,0.481,1.46E-06,0.133,0.473,104.085,4
Naotaro Moriyama,さくら - 二〇一九,27,279386,0.422,0.248,-8.245,0.03,0.95,1.16E-06,0.325,0.219,134.042,4
Chord Overstreet,Homeland,41,222400,0.49,0.456,-9.767,0.0447,0.0156,0,0.0825,0.405,154.805,4
Tyler Ward,The Hardest Thing,43,200227,0.605,0.396,-7.586,0.0667,0.387,0,0.0556,0.325,132.08,4
Postcards & Polaroids;Sad Boy,Supermarket Flowers,45,145753,0.463,0.156,-13.416,0.189,0.89,0,0.115,0.478,180.191,4
Yu Takahashi,陽はまた昇る,27,245600,0.532,0.928,-1.963,0.0397,0.108,0.0291,0.201,0.808,113.927,3
Unkle Bob,Swans,41,150346,0.387,0.41,-8.124,0.031,0.608,0.00589,0.102,0.149,117.391,4
The Cameron Collective,The Greatest Showman - Rewrite The Stars (Acoustic),33,214860,0.758,0.206,-14.68,0.0729,0.628,0,0.148,0.25,124.873,4
Boyce Avenue,Perfect,47,257390,0.631,0.29,-9.159,0.0279,0.857,0,0.181,0.398,96.593,3
John Adams,A Million Dreams - Acoustic,48,202928,0.545,0.169,-10.145,0.0457,0.953,0,0.152,0.291,138.199,4
Aimyon,3636,44,251720,0.579,0.612,-5.088,0.0266,0.702,0.00195,0.254,0.623,155.921,4
Aimyon,君はロックを聴かない,64,246306,0.524,0.687,-4.039,0.0267,0.00135,0,0.169,0.619,99.919,4
Boyce Avenue,Tears In Heaven,49,280652,0.747,0.0926,-11.531,0.0308,0.921,0,0.112,0.328,77.94,4
Joshua Radin,Paperweight by Joshua Radin and Schuyler Fisk,49,204333,0.422,0.119,-15.182,0.0354,0.555,0,0.0959,0.405,179.844,3
JJ Heller,Meant to Be,45,186373,0.539,0.356,-9.749,0.0321,0.764,0.00154,0.127,0.489,73.703,4
Kurei,Paasa,26,169315,0.737,0.238,-9.052,0.034,0.891,0.00336,0.0959,0.234,119.085,4
Us The Duo,No Matter Where You Are - Wedding Version,47,251164,0.642,0.15,-11.316,0.0351,0.832,0,0.126,0.27,104.978,4
Hanare Gumi,大安,27,322140,0.731,0.485,-10.113,0.0387,0.284,0.00464,0.147,0.463,106.052,4
Suy Galvez,Now We're Starting Over Again,26,260853,0.587,0.311,-8.987,0.0307,0.817,0,0.0863,0.374,113.683,4
JJ Heller,In the Morning,48,306853,0.277,0.198,-11.923,0.0306,0.498,0.00623,0.0984,0.134,149.937,3
Little Walter,My Babe,59,162040,0.676,0.334,-10.572,0.0508,0.862,0,0.32,0.867,158,4
Matt Pless,What a Time to Be Alive,26,199866,0.673,0.424,-11.49,0.0305,0.3,0,0.229,0.709,115.038,4
Peter Bradley Adams,The Longer I Run,53,251453,0.602,0.52,-10.831,0.028,0.732,0.221,0.0982,0.523,151.912,4
Covers Culture;Acoustic Covers Culture;Lounge Covers Culture Of Popular Songs,You're Not Sorry - Acoustic Covers Versions of Popular Songs,26,149783,0.582,0.181,-11.294,0.0386,0.821,0,0.237,0.172,133.431,4
Jay Filson,"Don't Think Twice, It's All Right - Acoustic",26,210901,0.489,0.124,-10.145,0.0436,0.952,0,0.243,0.257,91.386,4
Suy Galvez,Is There Something,26,306092,0.696,0.379,-9.724,0.0284,0.772,1.55E-06,0.101,0.359,112.967,4
Jason Mraz,Living in the Moment,48,235080,0.65,0.628,-7.16,0.0232,0.0483,0,0.119,0.7,84.141,4
KT Tunstall,Other Side Of The World,61,214560,0.501,0.684,-5.368,0.0302,0.485,0,0.083,0.369,80.039,4
Days N Daze,Torches Are Calling,27,70506,0.389,0.494,-10.78,0.131,0.186,0.000138,0.0557,0.909,86.872,4
Gail Blanco,Close to You,26,188040,0.721,0.446,-10.053,0.0305,0.797,8.59E-05,0.136,0.542,118.001,4
Eddie Vedder,Far Behind,50,135320,0.467,0.855,-5.375,0.0515,0.174,9.32E-06,0.11,0.565,135.813,4
Ankle Grease,Protest Songs,26,111641,0.37,0.703,-6.765,0.0755,0.366,0,0.394,0.482,143.848,4
AJJ,White Worms,27,163385,0.336,0.761,-6.312,0.0399,0.000546,0.00284,0.113,0.501,127.065,4
Frank Turner,Miranda,26,240866,0.524,0.578,-5.974,0.0267,0.000971,6.55E-06,0.326,0.29,75.032,4
Frank Turner,Linoleum,26,88626,0.548,0.666,-2.277,0.036,0.281,0,0.231,0.582,98.806,4
Dave Barnes,God Gave Me You,49,228960,0.459,0.823,-6.481,0.037,0.00332,1.75E-05,0.189,0.55,152.062,4
Days N Daze,Perfectly Dysfunctional,27,207151,0.316,0.879,-9.414,0.113,0.827,0.00239,0.278,0.647,88.614,4
Apes of the State,Internet Song,27,162293,0.741,0.66,-5.116,0.0408,0.521,8.14E-06,0.0941,0.856,81.061,4
Get Dead,Welcome to Hell,26,158906,0.474,0.843,-4.453,0.209,0.0205,2.71E-06,0.0636,0.901,131.992,4
Gen Hoshino,Pop Virus,47,182000,0.629,0.441,-4.614,0.126,0.0339,0,0.234,0.782,78.177,4
John Elliott,All Too Well - Jake's Version,33,578064,0.685,0.483,-9.082,0.0253,0.0772,6.09E-05,0.113,0.331,93.032,4
Brandon Chase;Taylor Manns,Dilemma,57,247683,0.627,0.246,-11.41,0.0342,0.788,0,0.118,0.52,141.303,4
Gabrielle Aplin,Miss You,44,197546,0.592,0.686,-6.904,0.0389,0.178,0,0.111,0.397,101.015,4
Zak Manley,Kiss Me,58,163913,0.663,0.178,-12.252,0.0532,0.676,0,0.279,0.541,82.372,4
Sara Farell,Teenage Dream,48,197195,0.53,0.0776,-15.478,0.0462,0.937,0,0.122,0.282,179.911,1
Tim Halperin,White,39,210226,0.537,0.674,-5.32,0.0284,0.426,0,0.128,0.329,92.049,4
Linn Brikell,All Falls Down,45,209669,0.699,0.189,-11.421,0.0469,0.944,0,0.103,0.328,129.794,4
Zack Tabudlo,This Is Love,49,206451,0.683,0.459,-8.848,0.119,0.257,0.000102,0.0759,0.287,93.083,4
Sara Farell;Simon Samaeng,Still Falling For You - Acoustic,44,252567,0.375,0.298,-11.928,0.0395,0.822,0,0.137,0.425,174.03,4
The Mayries,I Will Wait,44,216841,0.421,0.107,-15.191,0.0335,0.948,0,0.0881,0.118,104.218,4
Rosie Thomas;The Shins;Sufjan Stevens;Josh Ottum,Always Be My Baby,51,254306,0.516,0.311,-13.521,0.0306,0.936,0.000281,0.107,0.558,129.958,4
Celestial Conscience,Jocelyn Flores - Acoustic Guitar,41,59823,0.709,0.119,-20.33,0.0459,0.902,0.436,0.109,0.336,135.223,4
Isabella Celander,Use Somebody - Acoustic Version,58,186660,0.57,0.271,-11.334,0.0304,0.82,3.27E-06,0.108,0.273,125.862,4
Erato;Charlotte Almgren,As Long as You Love Me,54,151618,0.404,0.167,-12.463,0.0604,0.891,0,0.103,0.298,202.996,4
Rosi Golan,Can't Go Back,41,227413,0.559,0.241,-10.688,0.0289,0.963,2.30E-05,0.187,0.142,118.916,4
Caj Morgan,The Nights - Acoustic,46,118878,0.768,0.331,-6.687,0.0292,0.576,0,0.216,0.663,107.044,4
Yosui Inoue;Tamio Okuda,月ひとしずく,26,253600,0.592,0.773,-7.093,0.0281,0.223,0.00057,0.116,0.729,121.097,4
Brandi Carlile;Sam Smith,Party of One (feat. Sam Smith),56,259558,0.354,0.206,-11.799,0.0365,0.779,0.00021,0.0959,0.202,139.056,4
Masaharu Fukuyama,恋の魔力,27,278613,0.495,0.865,-3.21,0.0414,0.000791,6.68E-06,0.247,0.881,156.924,4
Us The Duo,Take Me Home,46,257706,0.356,0.193,-10.476,0.0311,0.14,2.60E-05,0.116,0.14,145.428,4
Takehara Pistol,ドサ回り数え歌,26,177613,0.417,0.264,-10.353,0.0328,0.279,0,0.0966,0.501,86.328,4
Kazuyoshi Saito,純風,27,177666,0.731,0.868,-6.217,0.0271,0.111,0,0.258,0.975,111.154,4
Boyce Avenue;Tyler Ward,Fix You,52,294736,0.421,0.441,-8.012,0.0271,0.413,8.35E-06,0.118,0.0992,138.07,4
Front Porch Step,Truth,26,258271,0.6,0.65,-5.127,0.0282,0.00921,0.0469,0.0781,0.49,139.975,3
Andrew Ripp,Jericho,55,203070,0.501,0.716,-4.661,0.0411,0.189,0,0.0606,0.363,70.919,4
Keisha White,The Weakness In Me,26,200720,0.717,0.554,-5.389,0.044,0.0592,0,0.11,0.324,128.039,4
Eddie Vedder,Invincible,51,286950,0.578,0.742,-5.494,0.026,0.00511,3.52E-06,0.117,0.2,107.028,4
Brendan James,Yellow Lines,51,212373,0.636,0.735,-5.162,0.0318,0.036,1.23E-06,0.0915,0.537,120.969,4
Joseph Sullinger,What a Wonderful World,49,138748,0.516,0.144,-18.858,0.051,0.992,0.952,0.115,0.433,134.688,4
Eddie Vedder,No More,47,217400,0.379,0.53,-7.229,0.0355,0.468,0.000216,0.0818,0.577,62.06,4
Howlin' Wolf,Spoonful,58,170000,0.821,0.376,-13.622,0.0487,0.669,1.39E-05,0.106,0.824,119.039,4
Johnnyswim,Over,27,382474,0.371,0.51,-8.942,0.0468,0.296,8.19E-05,0.0952,0.147,113.32,4
AJJ,Body Terror Song,58,157600,0.507,0.399,-10.917,0.0358,0.871,0.000377,0.113,0.225,115.588,4
RENT STRIKE,VI: Don't Let Love Bog You Down,26,221598,0.452,0.797,-5.229,0.0325,0.28,0.244,0.136,0.642,114.18,4
Johnnyswim,What Are You Doing New Years Eve,27,173546,0.456,0.285,-8.768,0.0501,0.769,0,0.125,0.282,129.262,4
Covers Culture,SOS - Acoustic Covers Versions,26,149610,0.351,0.109,-11.997,0.0435,0.879,0,0.158,0.64,76.851,4
Gabrielle Aplin,The Power of Love,27,245160,0.294,0.294,-9.848,0.0301,0.9,2.48E-05,0.103,0.18,75.217,4
Days N Daze,Mosquitoes,27,163013,0.638,0.543,-9.678,0.0432,0.636,0.01,0.355,0.922,140.864,4
Calibretto 13,High 5,26,201866,0.382,0.9,-4.938,0.0685,0.018,0,0.0911,0.644,79.965,4
Penny and Sparrow,Don't Wanna Be Without Ya,58,207762,0.651,0.86,-7.8,0.138,0.609,0.00646,0.0735,0.29,115,4
Ramshackle Glory,Of Ballots and Barricades - Live,27,104200,0.582,0.437,-7.047,0.0524,0.451,0,0.149,0.922,130.467,3
Rail Yard Ghosts,Dirty Little Rag,27,219219,0.461,0.799,-6.565,0.139,0.744,0,0.433,0.797,167.255,4
Laura Jane Grace,Day Old Coffee,26,73501,0.712,0.933,-2.773,0.0509,0.326,0,0.286,0.865,152.02,3
Pigeon Pit,Clawfoot,26,168240,0.44,0.947,-3.115,0.0652,0.0477,9.95E-06,0.0488,0.892,185.147,4
Pigeon Pit,Peach,27,150439,0.563,0.452,-8.96,0.048,0.877,1.38E-05,0.145,0.581,91.98,4
Harley Poe,Alone in the Dark Mansion of Madness,26,403911,0.335,0.696,-9.472,0.0307,0.642,0,0.12,0.403,95.24,4
Buddy Guy;Derek Trucks,Skin Deep (feat. Derek Trucks),29,268906,0.572,0.567,-6.147,0.0341,0.517,2.47E-05,0.158,0.498,135.217,4
Frank Turner,We Shall Not Overcome,26,232815,0.654,0.834,-4.436,0.0425,0.0172,0.000229,0.089,0.904,139.377,4
Grace Petrie,Northbound,26,270920,0.446,0.787,-7.334,0.0714,0.0328,0,0.141,0.586,125.642,4
Sara Farell,Sombody else - Acoustic,42,170712,0.444,0.316,-7.751,0.0429,0.841,0,0.138,0.571,201.64,4
Jonah Baker,Stuck with U - Acoustic,51,188181,0.558,0.209,-8.934,0.0515,0.852,0,0.111,0.41,174.887,3
Matt Johnson,Havana - Acoustic,53,141142,0.807,0.403,-8.759,0.0316,0.901,0,0.12,0.95,105.037,4
Zack Tabudlo,Yakap,66,178947,0.738,0.39,-8.437,0.0334,0.409,0,0.107,0.547,113.979,4
Sara Farell,Sunflower,51,181897,0.568,0.213,-11.882,0.0379,0.955,0,0.113,0.302,72.932,4
Mother's Daughter;Beck Pete,Hollywood's Bleeding,40,217777,0.654,0.135,-10.535,0.033,0.938,0,0.0983,0.16,100.027,4
Salty Snacks,Without You,38,179236,0.551,0.161,-13.903,0.0331,0.954,0.000925,0.116,0.356,129.786,4
Canyon City,Between the Stars,43,252013,0.484,0.292,-13.097,0.035,0.868,0.000372,0.0903,0.0771,95.446,4
The Civil Wars,To Whom It May Concern,44,211360,0.309,0.159,-13.101,0.0315,0.912,0.000264,0.1,0.139,87.493,4
Sara Farell,Issues - Acoustic,47,189732,0.627,0.307,-6.994,0.0313,0.742,0,0.106,0.471,104.669,4
Tamio Okuda,花になる,27,209200,0.512,0.884,-4.09,0.0368,5.53E-06,0,0.123,0.48,124.003,4
Richard Walters,Unconditional,52,260000,0.409,0.222,-11.358,0.0281,0.882,0.00426,0.213,0.151,63.419,4
Guus Dielissen,Moth To A Flame - Acoustic Instrumental,43,181819,0.655,0.0883,-19,0.0488,0.971,0.897,0.109,0.373,119.985,4
Boyce Avenue,Bleeding Love,56,210186,0.737,0.295,-7.179,0.0332,0.83,0,0.0984,0.369,107.107,4
Jon Bryant,Light,48,267306,0.512,0.359,-11.59,0.0277,0.567,0.0226,0.13,0.132,129.83,4
Boyce Avenue;Alex Goot,A Thousand Miles,43,244173,0.564,0.731,-7.538,0.0295,0.517,3.48E-06,0.105,0.257,95.036,4
Michael Logen,Darkness Within,33,252628,0.464,0.72,-7.466,0.0583,0.0166,0.0488,0.0803,0.199,160.057,4
Ice Seguerra,Ikaw Lamang,25,282387,0.614,0.441,-9.375,0.0294,0.76,4.18E-05,0.142,0.148,117.991,4
Ingrid Michaelson;A Great Big World,Over You,47,283266,0.292,0.281,-11.569,0.0288,0.751,0.000801,0.113,0.164,89.256,4
Ingrid Michaelson,Stay Right Where You Are,39,281213,0.652,0.263,-9.836,0.0447,0.758,2.69E-06,0.106,0.192,119.957,4
Carly Lyman;Jason Lux,(I Just) Died In Your Arms - Acoustic,47,211364,0.747,0.221,-10.528,0.0358,0.93,0,0.116,0.369,118.029,4
Jimmy Rogers,Walking By Myself,50,167266,0.621,0.519,-13.328,0.102,0.837,0.00246,0.162,0.775,117.005,4
Masaharu Fukuyama,KISSして,27,223333,0.324,0.873,-3.67,0.0664,0.00119,0,0.443,0.775,93.059,4
Todd Carey,Nintendo,47,178659,0.723,0.93,-3.292,0.128,0.239,0,0.155,0.69,124.94,4
Mone Kamishiraishi,Diamonds,26,300626,0.755,0.918,-3.558,0.0397,0.356,2.23E-06,0.319,0.634,111.017,4
Ray LaMontagne,We'll Make It Through,51,361013,0.502,0.309,-12.12,0.0308,0.575,0.000894,0.0953,0.273,119.236,4
Steve Pulvers,Untainted Innocence,26,133500,0.586,0.115,-20.442,0.0563,0.836,0.926,0.11,0.885,179.941,4
Andrew Foy;Renee Foy;Stephan Baulig,Afterglow - Stephan Baulig Remix,37,213620,0.674,0.52,-10.106,0.0511,0.272,2.41E-06,0.151,0.422,116.029,4
Chris Cresswell,To the Wind,25,187908,0.491,0.561,-7.225,0.0246,0.108,0,0.139,0.22,151.943,4
JJ Heller,What Love Really Means,45,236200,0.405,0.428,-9.506,0.0277,0.0182,1.44E-06,0.14,0.331,145.515,3
Hanare Gumi,PEOPLE GET READY,25,242001,0.667,0.0119,-16.177,0.0636,0.867,0,0.288,0.408,133.277,4
Rory Block,Lovin' Whiskey,26,246773,0.675,0.366,-13.493,0.0759,0.719,0.00105,0.191,0.411,72.662,4
A Great Big World,Already Home,44,230186,0.602,0.404,-7.344,0.0272,0.31,0,0.14,0.243,83.054,4
Johnnyswim,Big Time,27,198136,0.439,0.532,-5.071,0.0473,0.618,0,0.142,0.437,129.936,4
Bobbylene,Canada,25,126951,0.608,0.15,-12.729,0.0321,0.863,0,0.124,0.434,81.988,4
Chris Cresswell,Meet Me in the Shade,24,180000,0.556,0.511,-5.425,0.0298,0.782,4.54E-05,0.0989,0.537,81.613,4
AJJ,I Am So Mad at You,27,104306,0.682,0.666,-4.823,0.0381,0.0602,7.99E-05,0.208,0.79,93.992,4
Joey Cape,Wind in Your Sails,25,226786,0.644,0.34,-6.759,0.027,0.491,0,0.0829,0.298,129.997,4
AJJ,Deathlessness,27,220832,0.554,0.655,-8.074,0.0388,0.00193,0.56,0.28,0.363,100.423,4
Days N Daze,"Little Blue Pills, Pt..3",27,149214,0.565,0.611,-9.124,0.0676,0.345,2.46E-05,0.0527,0.914,137.289,4
Son&Dad;Filip Nordin,Drag Me Down,25,141176,0.879,0.411,-5.146,0.0376,0.61,0,0.296,0.609,119.013,4
Days N Daze,None Exempt,27,230691,0.425,0.752,-4.649,0.0398,0.305,0,0.157,0.844,105.466,4
Cannon's Jug Stompers,Going To Germany,28,154106,0.49,0.198,-13.405,0.0341,0.973,0.0212,0.125,0.636,106.71,4
Frank Turner,Rivers,26,274133,0.279,0.498,-8.52,0.035,0.217,0,0.348,0.492,183.874,4
Vendredi;ELLE,When I Was Your Man,25,209530,0.503,0.354,-7.493,0.0329,0.938,0,0.0987,0.372,72.295,3
Chad Hates George,"Fry, Bacon, Fry (Die Pigs!)",26,203702,0.531,0.289,-13.246,0.0505,0.854,0,0.0918,0.611,124.157,4
Violent Femmes,"Dance, Motherfucker, Dance!",27,197266,0.308,0.854,-8.006,0.0494,0.0593,0.00718,0.903,0.689,193.395,4
Marc Broussard;J.J. Grey,In the Midnight Hour (feat. J.J. Grey),26,159666,0.721,0.785,-4.473,0.0292,0.0882,8.32E-05,0.104,0.878,111.993,4
Vendredi;Chrissy Dave,Seven Nation Army - Acoustic Covers Versions of Popular Songs,25,142363,0.773,0.208,-9.482,0.0438,0.956,0,0.149,0.538,109.822,4
Get Dead,She's a Problem,25,152053,0.484,0.953,-3.557,0.0927,0.000165,0.00155,0.0658,0.667,97.429,4
Adam Christopher,Mood - Acoustic,50,161000,0.751,0.29,-8.17,0.0456,0.846,0,0.113,0.683,75.034,4
Jason Mraz,Long Drive,43,230746,0.527,0.578,-8.65,0.0327,0.197,3.34E-05,0.102,0.405,148.134,4
Kina Grannis,Issues,46,221568,0.485,0.126,-15.597,0.052,0.71,0,0.106,0.345,152.541,4
Joe Brooks,Pink Sky Moon,34,224666,0.588,0.291,-11.464,0.0352,0.763,1.56E-06,0.624,0.336,101.158,4
Chord Overstreet,Hold On,35,198853,0.609,0.443,-9.681,0.0546,0.469,0,0.0829,0.166,119.967,4
Sara Farell,We Don't Talk Anymore,26,193762,0.289,0.432,-6.091,0.037,0.771,0,0.215,0.225,85.504,1
J-Que Beenz,Beautiful Girls,45,238010,0.576,0.196,-13.639,0.0322,0.865,0,0.117,0.502,118.075,4
Tim Halperin,Something Beautiful,40,236100,0.524,0.768,-7.821,0.0309,0.00816,0.0213,0.0666,0.0562,117.947,4
Boyce Avenue,Right Here Waiting,51,248483,0.456,0.285,-7.999,0.0298,0.856,4.26E-06,0.192,0.228,177.561,3
Roberto Diana;Muniesa,Cortes de Aragón,47,72167,0.426,0.0812,-21.651,0.0843,0.948,0.889,0.107,0.243,85.204,5
Bootstraps,Whenever You're Around,46,202348,0.531,0.5,-8.593,0.0282,0.534,0.000861,0.101,0.319,78.076,4
Boyce Avenue,The One That Got Away,45,247704,0.655,0.502,-7.962,0.0349,0.579,0,0.117,0.368,123.931,4
Roses & Frey,With or Without You,55,166943,0.641,0.147,-14.812,0.0337,0.954,1.91E-06,0.111,0.287,111.913,4
Kazuyoshi Saito,深夜高速,26,326706,0.474,0.727,-5.892,0.0329,0.123,2.82E-06,0.244,0.83,79.633,4
Nathan Angelo,She's The Song - Acoustic,48,233306,0.617,0.319,-8.445,0.029,0.609,0,0.122,0.324,133.821,4
Naotaro Moriyama,生きてることが辛いなら,26,273480,0.333,0.266,-6.42,0.0318,0.951,3.32E-05,0.108,0.33,129.249,4
The Perishers,My Heart,45,206653,0.543,0.638,-6.875,0.0258,0.103,0.000232,0.132,0.481,102.719,4
Masaharu Fukuyama,アクセス,27,263266,0.615,0.545,-12.572,0.0268,0.383,2.90E-06,0.16,0.47,110.335,3
Graham Colton,Life's What You Make It,54,186109,0.655,0.686,-5.701,0.028,0.371,1.13E-06,0.113,0.544,112.974,4
Guus Dielissen,Memories (Instrumental Guitar),37,191506,0.491,0.185,-18.994,0.0452,0.947,0.929,0.195,0.674,90.465,4
Penny and Sparrow;Stephanie Briggs,Duet (feat. Stephanie Briggs),50,221786,0.213,0.185,-10.929,0.0327,0.757,8.54E-05,0.111,0.182,72.844,5
Masaharu Fukuyama,追憶の雨の中 (Original Version),27,238866,0.345,0.919,-8.154,0.0751,0.189,0,0.17,0.407,174.147,4
Boyce Avenue;Jennel Garcia,Shallow,52,213900,0.649,0.336,-6.823,0.0322,0.782,0,0.0942,0.337,95.988,4
Son&Dad;Filip Nordin,I Want It That Way - Acoustic Covers of Popular Songs,51,136470,0.392,0.253,-6.563,0.0354,0.746,0,0.321,0.368,203.571,4
Hanare Gumi,明日へゆけ,25,372600,0.542,0.0325,-18.346,0.0452,0.964,0.000855,0.105,0.288,131.935,4
Yosui Inoue,青空、ひとりきり - Remastered 2018,26,260893,0.762,0.805,-4.696,0.0358,0.283,0,0.106,0.963,116.141,4
Sakura Fujiwara,Someday,26,235000,0.644,0.723,-4.954,0.0288,0.16,0,0.13,0.625,105.969,4
Correatown,All The World (I Tell Myself),38,273026,0.488,0.294,-14.717,0.0261,0.917,0.841,0.0876,0.26,76.647,3
Rory Block,Cried Like A Baby,25,344514,0.704,0.488,-7.89,0.039,0.56,1.57E-05,0.0811,0.745,179.76,3
Violent Femmes,Good Feeling,47,236840,0.369,0.319,-12.088,0.0288,0.752,0.000837,0.154,0.476,160.359,4
Hanare Gumi,踊る人たち,25,305866,0.568,0.24,-13.851,0.0292,0.902,0.099,0.111,0.508,94.933,4
Aberola,Si Te Vas,26,216584,0.483,0.219,-13.27,0.0482,0.972,0,0.116,0.641,149.581,4
Front Porch Step,So Help Me God,25,257054,0.419,0.855,-4.782,0.0327,7.69E-05,0,0.272,0.261,154.098,4
She/Her/hers,To-Do Lists (Color Coded),25,167999,0.566,0.835,-7.985,0.0377,0.0167,0.0326,0.172,0.549,95.009,4
Yosui Inoue,神無月にかこまれて - Remastered 2018,26,220213,0.633,0.647,-6.348,0.0318,0.133,0.00021,0.0858,0.775,150.805,4
Eric Lumiere,7 Years,25,244821,0.662,0.268,-7.394,0.0358,0.858,0,0.11,0.394,111.594,4
Gail Blanco,Make It Easy On Yourself,25,226320,0.391,0.322,-10.845,0.0322,0.88,0,0.118,0.278,180.048,4
Harley Poe,Hollow Man,26,191552,0.448,0.821,-6.405,0.0328,0.566,0,0.339,0.618,104.687,4
Corporate Hearts,Waves of Panic,26,153342,0.301,0.552,-7.19,0.0495,0.161,0,0.143,0.761,166.406,4
Frank Turner,Miranda,25,240866,0.524,0.578,-5.974,0.0267,0.000971,6.55E-06,0.326,0.29,75.032,4
Dan Andriano in the Emergency Room,"Of Peace, Quiet And Monsters",25,261000,0.479,0.285,-12.619,0.0327,0.942,0.0437,0.111,0.618,104.933,4
Frank Turner,Little Life,25,215586,0.609,0.693,-6.395,0.0273,0.000315,0,0.3,0.452,119.992,4
Violent Femmes,Black Girls,26,340266,0.608,0.61,-13.99,0.0702,0.0278,0.335,0.0369,0.669,121.275,4
Days N Daze,Kick Your Lawyer in the Face,26,140560,0.555,0.508,-12.851,0.108,0.361,0.000968,0.12,0.961,122.037,4
Days N Daze,Fast Track,26,144009,0.446,0.621,-5.065,0.037,0.721,0,0.0881,0.867,113.896,4
Harley Poe,Maria,26,196226,0.633,0.832,-6.84,0.0863,0.0274,7.57E-06,0.0957,0.838,130.912,4
Taj Mahal,"Corinna - From ""The Natch'l Blues""",29,180920,0.621,0.294,-13.468,0.11,0.558,2.54E-05,0.0946,0.728,78.599,4
Pigeon Pit,Tall Cans,26,186461,0.648,0.389,-8.275,0.0927,0.807,9.78E-05,0.11,0.378,86.36,4
Chuck Ragan,You Get What You Give,26,217293,0.303,0.506,-6.89,0.0325,0.496,0,0.178,0.412,161.463,3
Frank Turner,Four Simple Words,25,297093,0.335,0.881,-6.48,0.0934,0.00805,0,0.11,0.173,96.9,4
Limoblaze;Lecrae;Happi,Jireh (My Provider),64,168000,0.443,0.778,-7.564,0.266,0.241,0,0.215,0.628,128.25,5
Criolo,Ainda Há Tempo,44,318360,0.58,0.8,-7.528,0.345,0.281,0,0.0708,0.483,81.303,4
Criolo,Fellini,42,171989,0.805,0.746,-5.211,0.185,0.238,0,0.215,0.717,127.922,4
Criolo,Lion Man,46,205440,0.582,0.66,-4.988,0.0544,0.399,0,0.127,0.484,83.789,4
Criolo,Espiral de Ilusão,44,220800,0.776,0.314,-9.513,0.034,0.881,0.000723,0.139,0.476,124.055,4
Criolo,Yemanjá Chegou,43,258359,0.711,0.515,-8.238,0.0514,0.679,0.000324,0.0971,0.679,90.91,4
Criolo;Rael,Tô Pra Ver,41,254520,0.637,0.818,-6.851,0.281,0.19,0,0.102,0.599,90.571,4
BaianaSystem,Terapia,39,261400,0.79,0.814,-6.358,0.0268,0.243,0.0102,0.528,0.914,124.03,4
Plastilina Mosh,Aló,40,244933,0.797,0.609,-10.537,0.131,0.00375,0.0191,0.128,0.913,142.035,4
Criolo,Vasilhame,43,172440,0.506,0.876,-5.877,0.316,0.194,1.86E-06,0.353,0.676,124.218,5
Criolo,Sucrilhos,46,240226,0.788,0.574,-9.068,0.319,0.0626,0,0.203,0.764,160.027,4
Criolo,Chuva Ácida,39,180000,0.708,0.782,-6.419,0.284,0.0507,0,0.251,0.717,94.038,4
Criolo,Breaco,40,177240,0.619,0.781,-6.548,0.333,0.148,0,0.183,0.728,182.026,4
BaianaSystem;BNegão,Reza Forte,38,232826,0.844,0.915,-4.06,0.129,0.393,0.00238,0.0847,0.872,145.997,4
Criolo,É o Teste,41,279720,0.66,0.728,-6.177,0.337,0.178,0,0.0516,0.594,91.101,4
Criolo;MC Hariel;Liniker;Maria Vilani;Jaques Morelenbaum,Pequenina,42,273973,0.606,0.6,-7.785,0.139,0.0469,0,0.327,0.529,159.971,4
Jorge Drexler;Sebastián Prada,Milonga de Ojos Dorados (Alfredo Zitarrosa) - Live on Pardelion Music,38,161342,0.67,0.273,-10.77,0.0388,0.946,0.00136,0.179,0.443,128.87,4
Criolo,Até Me Emocionei,38,175800,0.772,0.789,-7.159,0.298,0.101,0,0.0575,0.549,84.96,4
Criolo;Emicida;Mano Brown,Vida Loka I - Live,44,271840,0.434,0.877,-5.945,0.247,0.849,0,0.653,0.662,82.109,4
Criolo,Demorô,37,138480,0.755,0.709,-5.066,0.289,0.0528,0,0.0825,0.657,140.989,4
BaianaSystem;Liz Reis,Guerra Batalha,36,146000,0.437,0.357,-7.6,0.0294,0.676,1.11E-06,0.118,0.26,120.088,4
BaianaSystem,Duas Cidades,44,226040,0.789,0.899,-6.363,0.138,0.125,0,0.103,0.847,97.999,4
Criolo,Mariô,41,217400,0.763,0.577,-7.085,0.125,0.0875,0.00163,0.101,0.658,90.015,4
Criolo;Emicida;Evandro Fióti,Só Mais Uma Noite - Live,37,188666,0.518,0.918,-5.548,0.276,0.325,0,0.79,0.62,98.777,4
Criolo,Pretos Ganhando Dinheiro Incomoda Demais,48,198920,0.637,0.715,-7.032,0.074,0.0518,4.65E-05,0.122,0.347,109.859,4
Criolo,Samba Sambei,37,222560,0.87,0.737,-8.372,0.126,0.268,0.00369,0.0504,0.952,136.07,4
Juanafé,La Makinita,42,226648,0.633,0.805,-5.523,0.0329,0.0529,0,0.146,0.925,143.028,4
Criolo;Milton Nascimento,Me Corte na Boca do Céu a Morte Não Pede Perdão,44,257146,0.428,0.3,-10.214,0.157,0.638,5.18E-05,0.0987,0.278,81.403,4
Criolo,Menino Mimado,44,227640,0.83,0.604,-5.25,0.0355,0.563,0.00108,0.221,0.82,144.008,4
Criolo,Aprendendo a Sobreviver,41,212826,0.817,0.619,-6.922,0.0542,0.263,0.00317,0.0889,0.614,103.041,4
Juanafé,Tengo Luquita,45,223600,0.526,0.711,-4.373,0.0465,0.585,0,0.0728,0.651,176.27,4
Criolo,Primavera (Vai Chuva),41,244533,0.573,0.859,-4.346,0.0473,0.108,3.04E-05,0.0779,0.521,147.906,4
Criolo;Emicida,A Cada Vento - Live,41,243373,0.651,0.861,-6.625,0.109,0.43,0,0.981,0.8,98.474,4
Samuca e a Selva,Detergente,36,327836,0.721,0.741,-6.597,0.0354,0.441,0.00849,0.0775,0.977,131.001,4
Criolo,Nas Águas,41,235560,0.753,0.653,-5.511,0.0508,0.76,8.56E-06,0.0756,0.706,115.802,4
Criolo,Plano de Voo,41,218880,0.571,0.69,-8.18,0.542,0.299,0,0.103,0.228,155.991,4
Juanafé,Chiquitita,46,284875,0.715,0.556,-6.102,0.0453,0.667,0,0.132,0.902,87.973,4
Criolo,Freguês da Meia Noite,39,249600,0.634,0.393,-9.583,0.0283,0.35,0.000987,0.151,0.54,87.996,4
Criolo,Hora da Decisão,37,248520,0.731,0.575,-6.252,0.041,0.703,0,0.121,0.704,143.986,4
BaianaSystem,"Jah Jah Revolta, Pt. 2",39,309493,0.776,0.8,-4.704,0.0438,0.00631,0.0731,0.35,0.583,143.989,4
BaianaSystem,Dia da Caça,38,269986,0.486,0.867,-5.237,0.0892,0.129,0.00176,0.0731,0.358,109.003,4
Criolo,Fio de Pumo (Padê Onã),42,249960,0.77,0.819,-6.487,0.0703,0.0191,0.0133,0.377,0.732,92.996,4
Criolo,Pegue Pra Ela,37,265200,0.611,0.738,-7.341,0.0443,0.142,0.00837,0.0575,0.725,119.791,4
Criolo,Filha do Maneco,37,105360,0.674,0.518,-6.658,0.0806,0.733,3.81E-06,0.085,0.554,133.935,5
Criolo,Cria de Favela,36,171480,0.692,0.749,-4.948,0.0427,0.442,7.13E-05,0.132,0.7,111.986,4
Criolo,Boca Fofa,36,140280,0.717,0.784,-5.138,0.0353,0.73,0.0126,0.0851,0.978,168.146,4
Criolo,Calçada,37,206760,0.817,0.771,-5.132,0.087,0.704,0,0.0885,0.76,111.099,4
Criolo;Emicida,Zica Vai Lá - Live,35,238346,0.374,0.934,-5.322,0.322,0.058,0,0.804,0.389,167.661,4
Criolo;Emicida,Subirusdoistiozin - Live,37,211280,0.569,0.907,-5.619,0.31,0.602,4.35E-05,0.862,0.562,94.346,4
Jackie Mittoo,Darker Shade of Black,40,194293,0.689,0.564,-7.276,0.126,0.149,0.941,0.0909,0.758,87.474,4
Pompi,Meghar Jolonga,25,205597,0.353,0.548,-5.391,0.0332,0.709,0,0.664,0.67,200.152,4
Menahan Street Band,Queens Highway,64,67720,0.778,0.399,-8.984,0.0858,0.0751,0.835,0.103,0.321,137.305,4
Criolo,Etérea,32,253097,0.824,0.72,-8.189,0.142,0.416,0.101,0.102,0.374,116.982,4
BaianaSystem,Cabeça de Papel,37,149720,0.724,0.833,-6.962,0.0705,0.289,0.000242,0.0991,0.875,144.999,4
BaianaSystem,Invisível,36,195040,0.725,0.618,-9.842,0.046,0.325,0.000133,0.384,0.479,112.681,5
Los Pirañas,"Lambada de Oceanía, África y América",33,246613,0.522,0.672,-9.058,0.039,0.0785,0.418,0.0864,0.75,155.833,4
BaianaSystem;Orquestra Afrosinfônica,Fogo (Versão Estendida),36,250354,0.455,0.738,-6.826,0.0358,0.161,0.0678,0.0996,0.335,125.351,5
BaianaSystem;Makavelli;Jaymitta,Nauliza,35,220670,0.618,0.945,-4.49,0.112,0.0372,0.00323,0.257,0.76,169.967,4
Jorge Drexler,Mediterráneo,33,206999,0.585,0.588,-8.147,0.115,0.405,5.19E-06,0.321,0.429,100.808,3
Criolo,Me Dê Motivo,33,267853,0.864,0.623,-5.966,0.0344,0.452,0.00967,0.105,0.84,132.008,4
BaianaSystem;Buguinha Dub;Curumin;Edgar,Sonar (Adubado),34,174538,0.694,0.82,-7.885,0.048,0.113,0.897,0.147,0.588,99.922,4
BaianaSystem,Forasteiro,35,210373,0.685,0.732,-8.589,0.0322,0.00506,0.778,0.064,0.856,127.999,4
Plastilina Mosh,Oxidados,35,148000,0.483,0.994,-6.676,0.0762,0.000444,0.765,0.057,0.702,182.051,4
Samuca e a Selva,À Beça,33,321351,0.721,0.654,-7.877,0.0231,0.314,1.28E-05,0.828,0.826,102.978,4
Los Amigos Invisibles,Sueño Erótico,35,242373,0.683,0.823,-6.475,0.0559,0.138,0.067,0.176,0.837,120.03,4
Jorge Drexler;Gal Costa,"Negro Amor (It's All Over Now, Baby Clue)",35,246568,0.614,0.209,-11.445,0.0327,0.868,0.000676,0.182,0.416,119.948,4
Criolo,Povo Guerreiro,34,219071,0.793,0.658,-6.332,0.0552,0.652,1.11E-06,0.082,0.96,114.039,4
BaianaSystem,Navio,35,339413,0.591,0.873,-6.877,0.111,0.105,0.0181,0.0676,0.882,162.121,4
Criolo,No Sapatinho,35,303120,0.702,0.689,-6.112,0.221,0.152,0,0.0878,0.242,84.063,4
Metá Metá,São Jorge,33,214177,0.64,0.732,-7.078,0.0642,0.641,0.000142,0.114,0.831,112.956,4
BaianaSystem;Cássia Eller,O Segundo Sol,37,148905,0.383,0.711,-8.113,0.0671,0.174,0.000572,0.16,0.432,137.036,4
Los Amigos Invisibles,Amar Es Algo Más,36,426306,0.692,0.746,-6.359,0.0362,0.393,0.000496,0.257,0.613,107.981,4
BaianaSystem;Samba de Lata de Tijuaçú,Redoma,34,156733,0.779,0.918,-6.912,0.268,0.126,4.61E-05,0.701,0.391,100.041,4
Criolo;Emicida,Viva (Melô Dos Vileiros) - Live,32,213960,0.653,0.868,-6.12,0.336,0.649,0,0.953,0.733,82.15,4
Criolo,Samba Sambei (Dub Mix),32,220653,0.795,0.664,-10.679,0.0519,0.188,0.89,0.172,0.854,136.029,4
BaianaSystem;VANDAL,CertoPeloCertoh,34,165160,0.726,0.72,-6.841,0.31,0.327,0,0.287,0.874,149.995,4
Mandrill,Fat City Strut,34,199360,0.422,0.862,-6.534,0.153,0.602,0.00904,0.294,0.826,80.526,3
Samuca e a Selva;Luedji Luna,"Fé Cega, Faca Amolada",32,261552,0.795,0.573,-9.838,0.0554,0.403,0.004,0.102,0.65,135.123,4
Juanafé,La Bala,34,213680,0.6,0.826,-5.654,0.0476,0.0555,0,0.0835,0.77,98.046,4
Criolo,Chocolate,34,181013,0.759,0.79,-4.355,0.0656,0.264,3.91E-05,0.0707,0.914,135.953,4
Criolo,Mariô - Live,33,267480,0.572,0.874,-7.523,0.127,0.525,8.57E-06,0.711,0.681,94.006,4
Criolo;Emicida,Demorô - Live,33,213773,0.549,0.901,-6.208,0.296,0.721,0,0.913,0.35,152.298,4
BaianaSystem;As Ganhadeiras de Itapuã,Panela,33,173413,0.666,0.761,-5.472,0.0926,0.000143,0.712,0.112,0.797,143.035,4
BaianaSystem;BNegão,Reza Forte,35,232293,0.838,0.914,-4.026,0.124,0.378,0.00398,0.0979,0.855,146,4
Plastilina Mosh,Human Disco Ball,35,214960,0.797,0.99,-8.001,0.0458,0.000375,0.419,0.0333,0.926,125.023,4
BaianaSystem,Bala na Agulha,36,247000,0.688,0.864,-4.957,0.151,0.269,0.000172,0.0357,0.667,180.052,4
Juanafé,La Jardinera,33,222408,0.696,0.724,-4.86,0.0345,0.65,0,0.104,0.965,99.929,4
Hugh Masekela,Makoti,0,274933,0.469,0.824,-10.785,0.0944,0.478,0.268,0.076,0.781,220.081,4
Hugh Masekela,Nontsokolo,0,356333,0.801,0.736,-8.897,0.0395,0.343,0.000183,0.0429,0.942,105.009,4
Manu Dibango,Soul Makossa,0,265586,0.817,0.794,-8.324,0.0752,0.0563,0.229,0.0687,0.921,116.423,4
Criolo;Emicida,Triunfo - Live,34,273426,0.54,0.945,-5.021,0.271,0.315,0,0.405,0.551,92.013,4
Criolo;Emicida,Grajauex - Live,33,191453,0.358,0.905,-5.776,0.453,0.304,0,0.454,0.468,176.67,4
Hugh Masekela,District Six - Live,0,527506,0.778,0.711,-11.367,0.0643,0.352,0.0473,0.969,0.858,108.127,4
Criolo;Emicida,Não Existe Amor Em SP - Live,35,392480,0.285,0.734,-6.956,0.0506,0.3,0.0231,0.903,0.243,140.224,4
Hugh Masekela,Women Of The Sun,0,334520,0.806,0.478,-11.387,0.107,0.77,0.00036,0.0856,0.959,89.938,4
Criolo;Emicida,Bogotá - Live,33,369773,0.532,0.908,-6.124,0.238,0.367,0.000142,0.992,0.737,126.229,4
Jackie Mittoo,Black Organ,34,191506,0.837,0.598,-9.047,0.181,0.391,0.238,0.0598,0.983,145.219,4
Manu Dibango,Dikalo - Remix 97,0,247626,0.784,0.869,-6.595,0.0369,0.0107,0.83,0.0422,0.672,99.175,4
Hugh Masekela,District Six - Live,0,527506,0.778,0.711,-11.367,0.0643,0.352,0.0473,0.969,0.858,108.127,4
Ernest Ranglin,Stop That Train,3,336933,0.766,0.375,-13.456,0.0763,0.297,0.862,0.128,0.62,81.626,4
Calle 13,Atrévete-Te-Te,75,239306,0.829,0.878,-5.951,0.101,0.0959,0,0.776,0.883,87.991,4
El Michels Affair,Shimmy Shimmy Ya,49,145880,0.605,0.666,-5.77,0.0413,0.0234,0.647,0.0841,0.0865,100.138,4
Ali Farka Touré;Toumani Diabaté,Ruby,19,355840,0.361,0.31,-12.102,0.0398,0.802,0.687,0.128,0.408,177.659,4
Criolo,4 da Manhã – Deluxe Edition,30,213480,0.6,0.476,-8.558,0.084,0.7,0.00488,0.104,0.572,142.033,4
BaianaSystem;Orquestra Afrosinfônica;Antonio Carlos & Jocafi,Água (Versão Estendida),34,306750,0.74,0.8,-6.65,0.0422,0.211,0.0969,0.11,0.763,96.998,4
Jorge Drexler,Organdí,31,400362,0.531,0.249,-10.041,0.0866,0.759,0.0812,0.0909,0.106,104.039,4
Los Amigos Invisibles;Ferraz,Sólo los dos (feat. Ferraz),34,210870,0.806,0.573,-9.905,0.0557,0.317,0.125,0.149,0.696,104.994,4
Afrocidade,Tô pra Onda,29,235567,0.71,0.846,-3.981,0.0479,0.0798,0.00352,0.395,0.505,118.025,4
Los Amigos Invisibles,Eres Mis Ganas,35,315600,0.562,0.876,-4.999,0.0356,0.00127,0.00513,0.265,0.547,124.003,4
Calle 13,Bienvenidos A Mi Mundo,33,237026,0.658,0.715,-7.416,0.269,0.0174,0,0.307,0.543,189.895,4
OQuadro;Dimak,Tá Amarrado,30,232826,0.881,0.834,-5.625,0.175,0.216,3.97E-05,0.127,0.941,94.967,4
Nomade Orquestra;Russo Passapusso,Agente Russo,30,311453,0.724,0.902,-6.758,0.0322,0.102,0.000205,0.386,0.385,122.023,4
BaianaSystem;Nação Zumbi,Alfazema,32,199095,0.677,0.929,-6.017,0.0418,0.309,0.00129,0.318,0.709,129.996,4
Jorge Drexler,Crece,31,190600,0.649,0.51,-11.928,0.228,0.466,0.00202,0.0983,0.476,174.931,3
Romperayo,Alegria por un Zumo de Naranja Con Panela,30,213992,0.6,0.65,-16.989,0.0412,0.000416,0.795,0.178,0.868,131.078,4
Criolo,Cóccix-ência,31,289947,0.564,0.903,-6.173,0.0786,0.0221,0.00198,0.3,0.568,164.047,4
Los Amigos Invisibles,Dulce,33,303213,0.758,0.819,-5.945,0.0528,0.0646,0.000168,0.138,0.827,117.971,4
William Onyeabor,Ride On Baby - 1977 Version,31,390280,0.519,0.804,-4.716,0.084,0.696,0.268,0.0947,0.841,104.883,4
Jorge Drexler,La nieve en la bola de nieve,30,295866,0.457,0.231,-17.316,0.0597,0.759,0.523,0.11,0.444,133.083,4
BaianaSystem,Raminho,31,78880,0.588,0.711,-8.105,0.038,0.924,0.00698,0.31,0.951,145.818,3
BaianaSystem,"Oxe, Como Era Doce",31,247226,0.69,0.695,-10.241,0.036,0.0186,0.00351,0.456,0.564,106.032,4
Jorge Drexler,Uno,30,169066,0.715,0.686,-9.727,0.036,0.227,0.657,0.11,0.86,130.945,4
Plastilina Mosh,Ode To Mauricio Garces,33,254080,0.463,0.718,-11.202,0.0275,0.205,0.0874,0.0541,0.855,174.112,4
Jorge Drexler,Aquiles por su talón es Aquiles,31,214253,0.523,0.282,-11.418,0.0791,0.776,0.00288,0.0819,0.317,132.44,4
Samuca e a Selva,Madurar,30,241322,0.716,0.713,-6.294,0.0289,0.41,0.00067,0.153,0.896,119.957,4
Plastilina Mosh,Te Lo Juro Por Madonna (Si Omba Ta Gueno),32,179840,0.539,0.968,-5.323,0.0476,0.00049,0.0616,0.169,0.673,98.113,4
BaianaSystem;Carolaine,A Vida É Curta Pra Viver Depois,31,217866,0.682,0.703,-6.92,0.0531,0.356,0.00012,0.116,0.575,91.973,4
Plastilina Mosh,Bungaloo Punta Cometa,35,239920,0.744,0.771,-9.034,0.0892,0.608,0.052,0.103,0.661,149.822,4
BaianaSystem,Dança de Airumã,31,227573,0.683,0.862,-4.55,0.0619,0.157,0.00298,0.297,0.609,108.001,4
BaianaSystem,"Barravenida, Pt. 2",31,392638,0.532,0.844,-6.393,0.104,0.18,0.000174,0.0869,0.0822,137.954,4
Bixiga 70,Desengano da Vista,31,406573,0.535,0.644,-8.617,0.0442,0.543,0.918,0.0939,0.744,149.872,4
Samuca e a Selva,Flores Raras,31,267997,0.713,0.605,-8.45,0.0348,0.733,3.13E-06,0.552,0.885,100.014,4
BaianaSystem,Mercado,30,75026,0.596,0.394,-12.497,0.0334,0.94,0.431,0.321,0.694,97.048,4
Metá Metá,Obá Iná,33,303882,0.605,0.708,-5.546,0.0923,0.425,0,0.229,0.708,113.755,4
Jorge Drexler,Río abajo,30,186773,0.718,0.46,-11.107,0.0272,0.646,0.0012,0.123,0.509,95.564,4
Plastilina Mosh,Niño Bomba,35,223666,0.73,0.775,-8.161,0.0372,0.000472,0.00188,0.0833,0.491,107.153,4
Hugh Masekela,Makoti,0,274933,0.469,0.824,-10.785,0.0944,0.478,0.268,0.076,0.781,220.081,4
Hugh Masekela,District Six - Live,0,527506,0.778,0.711,-11.367,0.0643,0.352,0.0473,0.969,0.858,108.127,4
BaianaSystem,Calamatraca,33,181706,0.657,0.72,-6.375,0.0858,0.00356,0.000948,0.0809,0.413,142.006,4
Orquestra Brasileira de Música Jamaicana,O Guarani,32,221506,0.683,0.783,-7.155,0.0438,0.0941,0.84,0.104,0.634,141.94,4
Tony Allen,Ikeja Roads,30,160948,0.777,0.598,-13.803,0.0412,0.023,0.89,0.106,0.684,100.007,4
Jorge Drexler,La infidelidad de la era informática,30,183159,0.801,0.423,-4.918,0.0703,0.486,0.0106,0.0934,0.468,139.987,4
Hugh Masekela;Gugu Shezi,Bambezela,0,261640,0.767,0.815,-9.309,0.0397,0.31,0.000122,0.142,0.787,111.992,4
BaianaSystem,Chapéu Panamá,31,183706,0.824,0.932,-4.664,0.256,0.414,0.0136,0.0594,0.471,105.01,4
Hugh Masekela,Makoti,0,274933,0.469,0.824,-10.785,0.0944,0.478,0.268,0.076,0.781,220.081,4
Criolo;Emicida,Lion Man - Live,30,247680,0.438,0.702,-6.294,0.0405,0.587,0,0.504,0.249,84.176,4
Hugh Masekela,District Six - Live,0,527506,0.778,0.711,-11.367,0.0643,0.352,0.0473,0.969,0.858,108.127,4
Los Amigos Invisibles,Sex Appeal,32,169786,0.758,0.728,-5.127,0.044,0.00343,0.000182,0.294,0.846,120.961,4
Los Amigos Invisibles,Corazón Tatú,33,260693,0.687,0.876,-6.438,0.0344,0.00421,0.0328,0.139,0.884,126.015,4
Hugh Masekela,District Six - Live,0,527506,0.778,0.711,-11.367,0.0643,0.352,0.0473,0.969,0.858,108.127,4
CalledOut Music,Thank You Lord,45,133053,0.714,0.44,-10.676,0.0953,0.319,0.000148,0.0685,0.532,91.997,4
Ali Farka Touré,Ai Du (with Ry Cooder),16,429973,0.57,0.225,-17.168,0.029,0.306,0.0586,0.0689,0.408,151.78,3
Bang Data,Bang Data,42,180973,0.605,0.835,-6.477,0.14,0.0764,0,0.122,0.903,171.958,4
QUITAPENAS,La Educación,27,243560,0.497,0.916,-3.984,0.103,0.0774,1.97E-05,0.0635,0.934,136.705,4
Morbo y Mambo,gorila,27,162146,0.742,0.617,-10.134,0.044,0.397,0.888,0.14,0.847,101.999,4
Plastilina Mosh,Shampoo,28,139133,0.716,0.509,-6.926,0.0753,0.683,0.891,0.0884,0.374,170.117,4
Los Amigos Invisibles,Canción Ecológica,30,261885,0.76,0.649,-9.064,0.0579,0.0417,0,0.0825,0.715,105.009,4
Los Amigos Invisibles,Disco Ball,31,247646,0.754,0.818,-7.047,0.0342,0.000998,6.26E-05,0.93,0.78,105,4
Letta Mbulu,There's Music In The Air,27,417600,0.607,0.34,-15.83,0.0486,0.826,0.344,0.0752,0.667,143.074,4
Tony Allen;Damon Albarn,Go Back,29,337493,0.501,0.911,-6.49,0.154,0.0342,0.165,0.512,0.724,82.34,1
Los Amigos Invisibles,Contigo,30,252600,0.642,0.933,-5.562,0.0431,0.00928,2.31E-05,0.337,0.743,131.982,4
Subhira,Cumbia Elemental,27,250200,0.555,0.623,-7.464,0.0916,0.258,8.17E-05,0.259,0.464,90.922,4
La Misa Negra,Acosadora - Radio Edit,28,232826,0.634,0.892,-4.395,0.0519,0.0183,0.000177,0.233,0.648,99.998,4
Plastilina Mosh,JAJAJA,32,191472,0.714,0.889,-4.857,0.0367,0.0483,4.02E-05,0.413,0.935,122.757,4
Plastilina Mosh,Enzo,31,235200,0.735,0.864,-4.801,0.0742,0.00434,0.598,0.765,0.851,90.037,4
Juanafé;Demian Rodríguez,Fuiste un Trozo de Hielo en la Escarcha,28,247750,0.714,0.532,-9.327,0.0296,0.573,0,0.0909,0.795,129.972,4
Jorge Drexler,Sea - Cara B,29,252573,0.466,0.342,-15.497,0.195,0.746,1.74E-05,0.582,0.628,120.066,4
Newen Afrobeat,Chaltumay,28,356800,0.789,0.869,-6.758,0.0482,0.168,0.391,0.0944,0.909,124.947,4
Newen Afrobeat,Caminante,27,397573,0.604,0.904,-5.338,0.0483,0.0787,0.708,0.144,0.557,92.962,4
Juanafé,Como Ayer,29,217217,0.732,0.613,-8.872,0.0352,0.765,1.16E-06,0.137,0.924,102.481,4
BaianaSystem,Barravenida,27,297360,0.646,0.651,-10.789,0.0328,0.0025,0.739,0.17,0.672,133.985,4
BaianaSystem,Corneteiro Luís,29,219746,0.762,0.858,-4.589,0.0313,0.321,0.0629,0.276,0.836,126.005,4
Jorge Drexler,De amor y de casualidad,28,191466,0.741,0.564,-9.052,0.051,0.225,6.71E-05,0.0964,0.359,117.859,4
Mandrill,Mango Meat,28,286613,0.596,0.686,-7.915,0.103,0.28,0.00969,0.0726,0.729,103.949,4
Criolo,Língua Felina – Deluxe Edition,26,180480,0.77,0.797,-4.778,0.0345,0.555,0.000122,0.0928,0.964,96.879,4
Los Amigos Invisibles;C-Funk;Mcklopedia,Como te Gusta (feat. C-Funk & McKlopedia),30,167717,0.84,0.632,-7.338,0.0599,0.0674,0,0.164,0.764,93.985,4
Los Amigos Invisibles,Si Tú Te Vas,30,278093,0.783,0.491,-9.672,0.0351,0.044,0.000361,0.147,0.339,134.955,4
Jorge Drexler,Nada menos,30,220413,0.695,0.514,-9.933,0.0326,0.283,0.00019,0.116,0.439,132.065,4
El Hijo De La Cumbia,La Mara Tomaza,26,230635,0.598,0.929,-4.382,0.0629,0.0072,0.406,0.369,0.655,92.603,4
BaianaSystem,Tubarão,28,142333,0.738,0.925,-4.205,0.0429,0.0125,0.836,0.153,0.704,131.065,4
BaianaSystem;Bule Bule;Rapadura,Oxe,30,198213,0.765,0.912,-3.823,0.153,0.316,1.25E-06,0.0785,0.568,107.999,4
Jorge Drexler,Tamborero,29,264293,0.833,0.579,-9.205,0.101,0.451,0.294,0.152,0.819,94.008,4
Los Amigos Invisibles,Espérame (Extended Mix),31,337882,0.75,0.775,-7.086,0.0382,0.00914,0.0061,0.075,0.962,119.982,4
BaianaSystem,Amerikha Expressa,28,179306,0.39,0.661,-9.916,0.0321,0.61,0.726,0.298,0.205,123.257,4
BaianaSystem,Jah Jah Revolta,30,321666,0.551,0.806,-8.328,0.0558,0.026,0.00122,0.0762,0.671,143.876,4
The Budos Band,King Cobra,28,220306,0.667,0.548,-4.813,0.0298,0.0181,0.739,0.206,0.823,104.668,4
BaianaSystem;Roberto Mendes,Nesse Mundo,30,222613,0.747,0.521,-9.483,0.0325,0.638,0.0304,0.118,0.498,120.035,4
BaianaSystem;Claudia Manzo,Pachamama,29,158066,0.75,0.855,-4.441,0.0436,0.0789,0.00157,0.0851,0.879,150.03,3
Samuca e a Selva;Criolo,Cais,27,194777,0.714,0.431,-9.564,0.0327,0.781,0.00816,0.116,0.501,125.94,3
The New Mastersounds;Spellbinder,Fancy (feat. Spellbinder),30,358053,0.537,0.744,-7.267,0.0655,0.0896,0.337,0.202,0.826,153.109,4
Bixiga 70,Tema Di Malaika,27,247693,0.689,0.886,-8.548,0.0462,0.563,0.897,0.0744,0.884,107.983,4
BaianaSystem,O Carnaval Quem É Que Faz?,29,263146,0.603,0.849,-8.917,0.0392,0.1,0.138,0.106,0.674,143.027,4
BaianaSystem,Rádio África,28,198720,0.736,0.948,-5.486,0.0443,0.0586,0.694,0.854,0.848,130.013,4
Jorge Drexler,Princesa bacana,28,190000,0.718,0.428,-13.17,0.0307,0.676,0.00865,0.159,0.551,139.956,4
Jackie Mittoo,Wall Street,29,434600,0.827,0.359,-12.863,0.0909,0.332,0.703,0.0911,0.684,135.421,4
Plastilina Mosh,Human Disco Ball,28,214266,0.806,0.99,-7.994,0.0455,0.000385,0.509,0.0305,0.921,125.026,4
Los Amigos Invisibles,Cachete a Cachete,30,287533,0.781,0.755,-7.015,0.0395,0.564,0.00267,0.126,0.597,118.168,4
Criolo,Coroné Antonio Bento,28,202040,0.51,0.933,-4.89,0.18,0.0185,0,0.278,0.789,176.083,4
BaianaSystem,Corneteiro Luís,30,219826,0.764,0.857,-4.618,0.0323,0.289,0.0528,0.245,0.792,126.009,4
Jorge Drexler,Aquellos tiempos,29,200026,0.552,0.499,-12.078,0.131,0.65,0.0685,0.117,0.665,131.952,4
El Michels Affair,C.R.E.A.M.,55,174826,0.571,0.508,-8.118,0.0254,0.532,0.951,0.161,0.102,96.825,4
Limoblaze;Moses Bliss,Grateful,45,224634,0.729,0.866,-5.656,0.193,0.267,0,0.146,0.711,131.913,4
CalledOut Music,Shout to the Lord,38,158000,0.599,0.499,-14.386,0.196,0.105,0,0.0986,0.765,159.915,4
Limoblaze;Emandiong,Desire,49,204521,0.699,0.858,-6.603,0.089,0.0332,0.000204,0.0978,0.432,115.113,4
Mulatu Astatke,Tezeta (Nostalgia),52,376640,0.547,0.356,-10.199,0.0366,0.954,0.917,0.0891,0.504,81.032,3
TJ Cream,The Vibe,26,163500,0.827,0.604,-8.976,0.244,0.643,1.86E-05,0.163,0.766,140.923,4
Caê,O Caçador e a Flecha,25,211850,0.795,0.598,-7.021,0.0329,0.312,0.00807,0.0552,0.883,108.992,4
Afrocidade,LadoB,25,180000,0.655,0.774,-5.295,0.171,0.0283,0.00235,0.0651,0.462,192.004,4
Jor'dan Armstrong,YOU,27,188133,0.701,0.718,-5.677,0.0301,0.00647,0,0.173,0.608,93.028,4
BaianaSystem,BembaDub,26,168560,0.353,0.721,-6.3,0.129,0.0643,0.344,0.112,0.652,170.026,3
Criolo,Dilúvio de Solidão,24,158040,0.73,0.646,-6.751,0.0345,0.669,0.00171,0.0866,0.938,98.012,4
Sarah Téibo;Sigag Lauren;Paola Carla,Belongs to You - EDM Remix,26,187500,0.746,0.828,-6.568,0.0409,0.113,0.0028,0.0635,0.31,104.974,4
Timoneki;Silvana Estrada,Mi Gente,25,237613,0.498,0.695,-6.89,0.0335,0.055,9.90E-06,0.126,0.59,175.815,4
Jorge Drexler,No pienses de más,27,190000,0.706,0.608,-8.304,0.031,0.227,4.36E-05,0.112,0.215,120.407,4
Jorge Drexler,Codo Con Codo,27,105438,0.667,0.218,-10.563,0.0351,0.941,1.45E-06,0.191,0.224,113.842,4
Becca Folkes;Happi,12 Rounds (feat. Happi),25,166373,0.725,0.611,-7.218,0.128,0.086,0,0.504,0.415,101.012,4
La Misa Negra,Dueña de Mi,25,183213,0.587,0.686,-5.113,0.122,0.00428,0.00705,0.0428,0.71,183.938,4
Jor'dan Armstrong,GRACE,27,255761,0.681,0.579,-6.141,0.0434,0.212,0,0.333,0.588,120.037,4
Thiago França,Cumbia Cumbia,25,207307,0.893,0.728,-7.742,0.0893,0.327,0.000288,0.041,0.924,94.067,4
Money Chicha,Quieren Efectos,24,167217,0.553,0.773,-6.446,0.0343,0.173,0.865,0.185,0.597,96.617,4
Criolo,Lá Vem Você,26,220320,0.784,0.597,-6.307,0.068,0.685,0.000273,0.11,0.961,81.984,4
Breakestra,Show & Prove,26,177453,0.668,0.874,-2.771,0.0731,0.587,0,0.109,0.836,107.346,4
Metá Metá,Tristeza Não,27,134008,0.719,0.202,-9.86,0.0593,0.819,0.000266,0.0692,0.806,75.073,4
Criolo,Nas Águas,24,235560,0.756,0.652,-5.466,0.0501,0.742,8.49E-06,0.079,0.697,115.83,4
Criolo,Menino Mimado,25,227640,0.827,0.603,-5.248,0.0354,0.552,0.000798,0.214,0.83,144.001,4
Africania,Oxalá Babá,26,193893,0.893,0.671,-8.777,0.0619,0.646,0.2,0.117,0.933,99.998,4
Samuca e a Selva,Vem,24,73293,0.596,0.358,-13.075,0.0366,0.221,0.00233,0.19,0.606,81.112,3
Jorge Drexler,Gracias - Cara B,26,228413,0.707,0.283,-16.795,0.0652,0.848,0.00054,0.339,0.796,79.771,4
Jorge Drexler,Durante,27,197506,0.608,0.706,-10.1,0.138,0.00226,0.000728,0.329,0.504,177.914,4
Los Amigos Invisibles,Dame el Mambo,28,268580,0.738,0.868,-5.411,0.061,0.00763,0.0638,0.0844,0.802,119.988,4
Juanafé,Venga Mi Vida,26,311453,0.698,0.542,-5.923,0.0276,0.639,0.000261,0.104,0.724,88.058,4
Afrocidade,Eu Vou no Gueto,26,234626,0.762,0.902,-4.341,0.0507,0.0256,3.93E-05,0.198,0.882,133.984,4
Los Amigos Invisibles;Superthriller,Give us your money (feat. Superthriller),27,258104,0.776,0.793,-7.276,0.16,0.0702,7.82E-06,0.288,0.771,112.003,4
Los Amigos Invisibles,No Es Fácil Amar,29,249520,0.732,0.825,-7.509,0.0453,0.0707,0.00598,0.204,0.79,117.893,4
Abayomy Afrobeat Orquestra,Abra Sua Cabeça,25,387165,0.695,0.895,-8.202,0.048,0.116,0.734,0.311,0.962,120.069,4
Jorge Drexler,Corazón de cristal,27,253293,0.686,0.212,-16.961,0.0495,0.791,5.73E-05,0.288,0.189,134.12,4
Calle 13,Intro Crónica De Un Nacimiento,27,95733,0.443,0.453,-9.763,0.12,0.532,0,0.167,0.477,93.877,1
Los Amigos Invisibles,Viajero Frecuente del Amor,28,252106,0.609,0.92,-4.989,0.034,0.00647,0.143,0.194,0.661,133.924,4
Newen Afrobeat,Open Your Eyes,25,479053,0.802,0.702,-7.722,0.0525,0.229,0.581,0.173,0.855,113.073,4
The Budos Band,Magus Mountain,27,319026,0.486,0.803,-6.157,0.0363,7.89E-05,0.854,0.222,0.253,105.904,4
BaianaSystem;Bule Bule,Vixe,26,66706,0.474,0.625,-6.241,0.0443,0.87,0.00138,0.237,0.553,108.396,4
BaianaSystem;Tonho Matéria,Catraca,28,126120,0.742,0.939,-4.784,0.106,0.363,0.00604,0.157,0.965,154.955,4
BaianaSystem;Claudia Manzo,Capucha,28,174680,0.736,0.938,-4.176,0.156,0.168,5.29E-05,0.215,0.561,104.981,4
Plastilina Mosh,I´ve Got That Milton Pacheco Kinda Feeling - Melancolic Mix,28,262480,0.555,0.665,-10.47,0.0622,0.0352,0.596,0.116,0.399,178.064,4
Plastilina Mosh,Monster Truck,28,258160,0.583,0.932,-7.734,0.0762,0.00208,0.0119,0.0674,0.492,96.899,4
BaianaSystem;Céu,O Que Não Me Destrói Me Fortalece,27,232773,0.737,0.571,-6.756,0.0303,0.0585,0.000707,0.126,0.655,119.054,4
Jorge Drexler,Camino a La Paloma,25,175866,0.778,0.243,-15.168,0.0596,0.64,0.00204,0.0823,0.714,166.027,3
Jorge Drexler,Madre Tierra,26,210266,0.594,0.305,-12.028,0.0482,0.718,0.0231,0.108,0.694,166.7,4
Jackie Mittoo,Killer Diller,27,167493,0.591,0.748,-7.136,0.0292,0.0679,0.837,0.286,0.961,127.636,4
Los Amigos Invisibles,Invisible Love,29,274346,0.731,0.747,-6.612,0.0305,0.0136,0.0301,0.09,0.962,125.98,4
Prinx Emmanuel;Grace Lokwa,Kumama Papa - Tiktok refix version,44,124840,0.631,0.502,-10.195,0.242,0.835,3.75E-05,0.155,0.776,156.183,4
Cymande,Dove,48,655440,0.439,0.475,-12.559,0.0361,0.449,0.253,0.0903,0.428,111.717,4
Menahan Street Band,The Traitor,55,162266,0.628,0.585,-8.036,0.0421,0.147,0.927,0.0465,0.618,100.95,4
Monophonics;Kelly Finnigan,Last One Standing,53,436840,0.588,0.576,-6.945,0.0367,0.218,0.0357,0.172,0.66,129.155,4
Jorge Drexler,Tu piel,24,203000,0.868,0.367,-13.304,0.039,0.303,0.0066,0.0895,0.522,130.038,4
Amplexos;Digitaldubs;Leão Etíope do Méier;Lenine,Segura,23,238293,0.538,0.533,-12.113,0.0518,0.0184,0.0133,0.109,0.365,74.973,4
Criolo,Espiral de Ilusão,24,220800,0.772,0.33,-9.51,0.0342,0.886,0.001,0.136,0.472,124.041,4
Jor'dan Armstrong,Tomorrow,24,237584,0.547,0.627,-7.311,0.0359,0.0513,0.00145,0.112,0.615,174.967,4
Breakestra;Choklate,Take My Time,25,300973,0.641,0.884,-5.472,0.0602,0.0567,0,0.0219,0.883,104.962,4
Jor'dan Armstrong,SHE,25,224000,0.704,0.692,-6.2,0.186,0.223,0,0.0796,0.614,92.527,4
Jorge Drexler,Vaivén,25,175026,0.561,0.346,-17.938,0.0555,0.701,0.0129,0.0922,0.775,112.232,4
QUITAPENAS,Papaya,22,201116,0.568,0.901,-5.337,0.0983,0.0894,0.000215,0.184,0.745,78.567,4
Morbo y Mambo,Rogers Nelson,25,322700,0.683,0.536,-8.362,0.0465,0.115,0.692,0.179,0.845,83.986,4
Los Amigos Invisibles,Cool Love 3,25,37702,0.549,0.489,-13.621,0.0458,0.35,0.926,0.122,0.648,77.593,1
Calle 13,Esto Con Eso,25,250080,0.659,0.74,-6.524,0.198,0.108,0,0.115,0.91,190.001,4
The Bongo Hop;Dafuniks,The Red Hill,24,166866,0.776,0.788,-7.785,0.18,0.0732,0.0578,0.0773,0.871,99.91,4
La Cumbia Chicharra;Emilie Rambaud,Mapalé,23,261240,0.595,0.633,-9.633,0.165,0.0172,0.209,0.0911,0.888,146.919,4
Fela Kuti,Water No Get Enemy,48,591693,0.641,0.926,-7.718,0.0572,0.11,0.0246,0.09,0.883,90.934,4
Cymande,Brothers On The Slide,56,251400,0.815,0.602,-10.192,0.196,0.3,0.00548,0.0737,0.805,109.704,4
Jor'dan Armstrong,Clout,25,217674,0.699,0.62,-4.885,0.185,0.0887,0,0.17,0.311,158.04,4
Los Amigos Invisibles,Llegaste Tarde,26,416040,0.49,0.82,-7.138,0.0684,0.799,0.0558,0.131,0.854,102.572,4
Calle 13,Tal Para Cual,27,227826,0.726,0.871,-4.826,0.111,0.0714,7.87E-06,0.157,0.773,175.999,4
Orgone,Duck and Cover,25,169800,0.786,0.729,-8.323,0.0425,0.0484,0.844,0.151,0.907,100.995,4
Jorge Drexler,Una canción me trajo hasta aquí,26,198773,0.669,0.843,-5.726,0.03,0.0641,0.000297,0.109,0.842,131.461,4
La Misa Negra,Cumbia Milagrosa,23,203646,0.525,0.424,-9.356,0.101,0.00552,0.0044,0.062,0.631,203.01,4
Afrocidade,Direto de Camaçacity,25,173071,0.821,0.779,-4.283,0.113,0.0976,0,0.0659,0.464,105.003,4
Samuca e a Selva,Feitiço,24,262731,0.868,0.793,-3.828,0.0315,0.255,1.31E-06,0.0884,0.972,121.977,4
Grupo Fantasma,Arroz Con Frijoles,24,241520,0.382,0.931,-7.296,0.0591,0.137,0.649,0.0553,0.801,105.214,4
Jorge Drexler,Disneylandia - Cara B,25,285880,0.575,0.295,-19.252,0.204,0.877,0.000763,0.336,0.564,79.991,4
Calle 13,Los De Atrás Vienen Conmigo,26,216093,0.641,0.66,-5.595,0.357,0.208,0,0.128,0.549,169.881,4
Juanafé,El Volcán,25,174102,0.715,0.897,-4.822,0.0635,0.432,0,0.15,0.839,96.891,3
The Bongo Hop;Maikcel,Pa' Congo,24,221406,0.723,0.951,-5.076,0.0467,0.0681,0.0034,0.0478,0.762,110.076,4
The Budos Band,Black Hills,24,268333,0.44,0.728,-5.895,0.0348,0.00144,0.848,0.253,0.518,136.243,4
Samuca e a Selva,Feitiço,24,262425,0.869,0.797,-4.455,0.0318,0.414,0,0.0852,0.973,121.996,4
Juanafé;La Flor del Recuerdo,Mi Último Fracaso,23,265086,0.457,0.332,-10.365,0.0356,0.791,8.22E-06,0.102,0.305,164.096,3
William Onyeabor,Beautiful Baby,24,505973,0.852,0.442,-9.292,0.0403,0.446,0.228,0.0879,0.946,107.426,4
Juanafé;Carmen Lienqueo,Canto para Siempre,24,319077,0.43,0.829,-9.146,0.162,0.0845,0,0.112,0.445,141.277,3
Los Amigos Invisibles,Es la Verdad,26,305693,0.623,0.952,-7.348,0.0391,0.241,0.0113,0.121,0.714,108.004,4
Lack Of Afro;Wax;Herbal T,International,25,272466,0.659,0.736,-8.119,0.202,0.00473,0,0.239,0.63,96.971,4
Mandrill,Can You Get It,23,428853,0.854,0.928,-7.29,0.0621,0.152,0.0189,0.0481,0.782,122.487,4
Metá Metá,Orunmilá,25,243617,0.623,0.66,-5.582,0.0546,0.405,1.68E-05,0.136,0.961,106.887,4
Samuca e a Selva;Illy,Lambe-Lambe,23,205511,0.646,0.701,-6.938,0.0444,0.00283,0.00146,0.0414,0.944,172.055,4
Juanafé,Afrorumbachilenera,25,279376,0.588,0.745,-5.754,0.0886,0.515,0,0.179,0.432,95.071,4
The New Mastersounds;Eddie Roberts;Lamar Williams Jr.,Meet You In The Sunshine,26,364053,0.579,0.833,-9.369,0.0428,0.0785,0.165,0.221,0.732,95.838,4
BaianaSystem;Makavelli;Jay Mitta,Nauliza,26,220613,0.618,0.942,-4.511,0.13,0.0359,0.00416,0.247,0.736,170.005,4
Orquestra Brasileira de Música Jamaicana,País Tropical,24,209066,0.816,0.77,-5.94,0.032,0.61,0.948,0.323,0.964,127.971,4
Plastilina Mosh,Banano´s Bar,27,348826,0.605,0.842,-9.482,0.0553,0.0133,0.664,0.341,0.39,116.151,4
Los Amigos Invisibles;Kinky,Anestesiada (feat. Kinky),26,224586,0.736,0.951,-3.983,0.0436,0.0149,0.329,0.0833,0.932,116.001,4
Jorge Drexler,Memoria del cuero,25,304440,0.674,0.869,-9.837,0.0398,0.374,0.154,0.089,0.813,117.999,4
Los Amigos Invisibles;Los Auténticos Decadentes,Aquí Nadie Esta Sano (feat. Los Auténticos Decadentes),27,226613,0.768,0.91,-2.398,0.0343,0.015,0.000121,0.143,0.96,123.023,4
BaianaSystem;Tropkillaz,Saci (Remix),42,183779,0.974,0.922,-3.983,0.174,0.0974,1.08E-06,0.0978,0.657,127.989,4
Calle 13,Muerte En Hawaii,71,189866,0.675,0.588,-7.168,0.177,0.789,0,0.95,0.879,79.989,4
The Bamboos,Hard Up,12,255227,0.782,0.922,-4.028,0.0497,0.00655,0.0118,0.0728,0.761,104.015,4
Kutiman;Doctor Flake,Maasai - Doctor Flake Remix,43,470837,0.648,0.874,-5.851,0.0342,0.0104,0.932,0.107,0.339,101.994,4
William Onyeabor,Fantastic Man,45,386160,0.7,0.756,-10.714,0.0575,0.00182,0.711,0.0575,0.944,114.28,4
Menahan Street Band;Saundra Williams,There's a New Day Coming,55,143120,0.382,0.507,-8.179,0.0323,0.787,0.0124,0.235,0.494,135.787,4
TJ Cream;Ozoro,Sticks & Stones,23,159008,0.678,0.634,-6.606,0.274,0.656,0,0.31,0.574,159.682,4
Manu Dibango,Soul Makossa,49,264306,0.831,0.835,-3.768,0.142,0.128,0.00227,0.134,0.8,114.997,4
Thiago França,Raggaxixe,23,146813,0.72,0.73,-6.385,0.0814,0.28,0.276,0.0392,0.773,93.414,4
Sarah Téibo,Lead the Way,22,240680,0.729,0.807,-5.803,0.0916,0.117,2.93E-05,0.072,0.488,98.969,4
Thiago França,Um samba pra John Coltrane,23,100146,0.701,0.715,-7.829,0.0451,0.313,0.958,0.0418,0.774,139.733,4
Nathanael,24/7,23,173871,0.337,0.623,-5.735,0.182,0.162,0,0.0817,0.461,56.499,5
Voilaaa;Pat Kalla,Pour la vie,22,286876,0.863,0.687,-9.997,0.16,0.0575,6.84E-05,0.0472,0.77,133.901,4
Big Ty;Markis,Le king m'a validé,22,237599,0.662,0.93,-7.483,0.0378,0.176,0,0.112,0.954,125.014,4
The Poets Of Rhythm,More Mess on My Thing,57,252000,0.542,0.869,-6.18,0.0954,0.225,0.891,0.0453,0.962,190.509,4
Mulatu Astatke,Yègellé Tezeta,51,194293,0.839,0.233,-13.539,0.0413,0.745,0.747,0.105,0.777,125.597,4
Timoneki,Mictlán,23,276970,0.518,0.649,-7.188,0.045,0.112,0.162,0.191,0.683,180.202,3
Sarah Téibo;Fred Hammond,Like a Child - Remix,23,186648,0.711,0.811,-5.59,0.127,0.122,7.09E-06,0.0775,0.417,100.065,4
Morbo y Mambo;Andres Nusser,Plan de Vuelo,22,211500,0.647,0.688,-8.47,0.0308,0.0145,0.077,0.0998,0.395,123.996,4
Voilaaa;Hawa;Fouley Badiaga,Vampires,21,301259,0.879,0.731,-9.609,0.0715,0.0584,0.455,0.0595,0.945,119.997,4
Los Amigos Invisibles,Si Estuvieras Aquí,25,251413,0.693,0.569,-9.466,0.0303,0.62,0.857,0.157,0.626,130.011,4
Afrocidade,Vivão (vinheta),22,69942,0.483,0.887,-8.489,0.924,0.977,0.000231,0.292,0.613,74.325,4
QUITAPENAS,Guayabo,21,181655,0.589,0.827,-6.01,0.0337,0.0239,0.154,0.174,0.911,117.74,4
Son Palenque;Cerrero;El León Pardo,Adiós Batata - Cerrero Dub Mix,24,407295,0.625,0.703,-5.571,0.132,0.172,0.00493,0.174,0.487,114.113,4
The Bamboos;Washington,The Wilhelm Scream,23,268040,0.566,0.621,-5.62,0.0263,0.00773,0.0323,0.257,0.402,150.033,4
Ikebe Shakedown,Tujunga,22,201013,0.683,0.83,-5.994,0.0504,0.54,0.629,0.0595,0.883,127.237,4
Nosa,Why You Love Me,0,216071,0.503,0.886,-5.085,0.101,0.0251,8.98E-05,0.304,0.587,133.931,4
The Mighty Imperials,Cold Sweat,23,321160,0.537,0.619,-11.404,0.0339,0.101,0.887,0.582,0.897,119.222,4
The Poets Of Rhythm,Ham Gallery,23,201400,0.781,0.848,-9.61,0.0898,0.0276,0.767,0.0472,0.641,109.49,4
Jorge Drexler,Cerca del mar,23,222040,0.749,0.391,-16.177,0.0767,0.603,3.66E-06,0.116,0.351,96.035,4
Metá Metá,Oya,23,323291,0.44,0.742,-5.234,0.124,0.227,0.000159,0.399,0.368,129.169,3
Criolo,Hora da Decisão,22,248520,0.742,0.577,-6.253,0.0434,0.669,1.02E-06,0.117,0.704,144.011,4
The Bongo Hop;Nidia Gongora,La Carga,22,361160,0.738,0.709,-6.431,0.0478,0.00267,0.0196,0.135,0.851,104.987,4
Criolo,Filha do Maneco,22,105360,0.666,0.528,-6.618,0.082,0.752,1.02E-05,0.0897,0.532,133.916,5
Voilaaa;Pat Kalla,Water No Get Enemy,22,302341,0.886,0.646,-11.349,0.0825,0.00475,0.0215,0.0615,0.936,125.007,4
Mandrill,Lord Of The Golden Baboon,23,214306,0.571,0.845,-6.674,0.0837,0.0484,0.734,0.139,0.586,128.627,4
Criolo,Calçada,22,206760,0.815,0.768,-5.136,0.091,0.731,0,0.0877,0.76,111.077,4
BaianaSystem,Barbatana,24,142226,0.558,0.778,-6.747,0.0304,0.000658,0.663,0.134,0.385,131.049,4
Plastilina Mosh,Kinkinzazo,25,206093,0.688,0.948,-4.961,0.074,0.0334,0,0.307,0.957,126.703,4
Juanafé,Chinchín,23,237180,0.665,0.792,-4.255,0.0521,0.317,0,0.279,0.945,121.831,4
Jorge Drexler,Club Tonight - Cara B,23,271080,0.677,0.268,-20.8,0.22,0.817,0.152,0.694,0.62,151.64,4
Los Amigos Invisibles,Plastic Woman,25,205520,0.875,0.684,-6.257,0.0607,0.0284,3.55E-05,0.206,0.926,115.031,4
Orquestra Brasileira de Música Jamaicana,Take 5 - Ao Vivo Na Casa De Francisca,23,431640,0.734,0.444,-10.782,0.0523,0.489,0.941,0.626,0.624,136.305,4
Abayomy Afrobeat Orquestra;Otto,Mundo Sem Memória,20,256000,0.697,0.878,-7.686,0.0601,0.0557,0.000552,0.0918,0.751,102.012,4
Wganda Kenya,El Lobo,23,182493,0.528,0.862,-7.348,0.0349,0.182,0.000103,0.0421,0.844,110.192,4
Samuca e a Selva,Afobado Peito Altivo,22,361001,0.424,0.754,-6.66,0.0327,0.0799,1.27E-06,0.105,0.883,100.955,4
BaianaSystem;Thiago França,Reza Frevo,22,96524,0.454,0.98,-7.526,0.382,0.0972,0.979,0.115,0.348,161.12,4
BaianaSystem,Monopólio,25,197600,0.532,0.93,-5.064,0.0966,0.0136,0.000119,0.496,0.785,169.997,4
Mandrill,Can You Get It,7,427160,0.858,0.912,-8.237,0.0622,0.173,0.0254,0.0448,0.798,122.496,4
Jorge Drexler,El sur del sur,23,225933,0.695,0.385,-12.691,0.0309,0.509,0.0172,0.0709,0.26,120.149,4
Limoblaze;Ada Ehi,Okay,40,155468,0.787,0.751,-5.288,0.0621,0.394,0.000193,0.11,0.834,105.003,4
Osibisa,Dance the Body Music,27,229480,0.731,0.831,-7.615,0.0366,0.0132,0.000148,0.0338,0.973,120.919,4
Nero X,Yawa Dey,38,260220,0.858,0.634,-5.085,0.0498,0.406,0,0.0697,0.824,105.018,4
Ikebe Shakedown,Road Song,51,180226,0.63,0.735,-7.682,0.0346,0.464,0.8,0.0817,0.727,106.589,4
TJ Cream;Marko,"Hard Talk, Pt. 2",21,131395,0.71,0.615,-7.143,0.24,0.0207,9.14E-05,0.428,0.605,95,4
Angeloh;S.O,I Do It,21,255122,0.699,0.493,-8.809,0.227,0.0737,2.39E-05,0.0669,0.528,140.029,4
Lijadu Sisters,Come on Home,45,318785,0.537,0.501,-11.22,0.093,0.0684,0.00366,0.0753,0.914,93.849,4
Ali Farka Touré;Toumani Diabaté,Monsieur le Maire de Niafunké,12,238906,0.589,0.427,-13.527,0.0295,0.804,0.905,0.124,0.376,99.648,4
Mulatu Astatke,Tezeta,49,368539,0.549,0.254,-14.48,0.0416,0.962,0.931,0.0994,0.541,81.484,3
Ali Farka Touré,Soukora (with Ry Cooder),12,365173,0.431,0.328,-17.312,0.0327,0.503,0.00107,0.347,0.695,90.316,4
Brownout,Brown Wind and Fire,22,181520,0.594,0.614,-10.175,0.0553,0.00298,0.712,0.0739,0.825,159.94,4
QUITAPENAS,Valle Moreno,21,219768,0.534,0.847,-8.527,0.0842,0.316,0.436,0.101,0.852,119.205,3
Jorge Drexler,Silencio,21,207986,0.887,0.568,-10.146,0.194,0.263,0.00285,0.0951,0.127,127.923,4
Abayomy Afrobeat Orquestra;Orlando Julius,Adará,21,267091,0.613,0.9,-8.293,0.0507,0.00838,0.253,0.0641,0.664,121.032,4
Jorge Drexler,Tu voyeur,22,266000,0.738,0.355,-15.786,0.0595,0.292,0.00155,0.256,0.705,154.019,4
Speedometer,Happy,22,220000,0.59,0.613,-9.547,0.0347,0.394,0.277,0.361,0.868,147.171,4
Caê,Incompletos,21,232800,0.753,0.514,-8.159,0.055,0.474,0.00147,0.184,0.65,120.073,4
Eddie Neblett,Influence of Worship,22,245708,0.536,0.702,-5.748,0.0679,0.2,0,0.147,0.711,82.83,4
Mandrill,Hang Loose,22,288933,0.54,0.797,-10.777,0.0617,0.434,0.165,0.12,0.935,128.291,4
Voilaaa;Pat Kalla,Tu n'as pas de voiture,21,275433,0.876,0.72,-9.916,0.102,0.032,0.000164,0.0431,0.901,132.984,4
OQuadro;Jorge Du Peixe,Asas,21,192000,0.723,0.636,-10.265,0.25,0.3,2.37E-05,0.144,0.813,79.958,4
Menahan Street Band,Ivory and Blue - Reprise,22,65026,0.329,0.84,-9.316,0.0662,0.222,0.837,0.148,0.962,174.761,3
Nomade Orquestra,Pinga Fogo,21,290693,0.586,0.827,-6.044,0.0453,0.00549,0.888,0.0435,0.809,167.962,4
Afrocidade;Luedji Luna,Lua Branca,21,240000,0.81,0.858,-3.704,0.0696,0.12,4.20E-05,0.0771,0.69,110.993,4
São Paulo Ska Jazz;Ken Stewart,Adiós Nonino,22,224281,0.776,0.673,-6.067,0.0666,0.427,0.486,0.261,0.617,141.032,4
Jorge Drexler,La huella de tu mirada,23,212493,0.651,0.371,-8.62,0.0258,0.56,1.13E-05,0.112,0.589,78.718,4
Criolo,Não Existe Amor em SP (Instrumental),20,282093,0.76,0.35,-9.481,0.0336,0.0263,0.868,0.0767,0.31,141.988,4
Jorge Drexler,Llueve,23,249333,0.4,0.471,-9.494,0.0641,0.193,0.00031,0.131,0.0765,64.502,3
Calle 13,Bienvenidos A Mi Mundo,24,237026,0.658,0.715,-7.416,0.269,0.0174,0,0.306,0.543,189.895,4
Jor'dan Armstrong,WILIN',22,249151,0.727,0.517,-6.88,0.0612,0.26,0,0.134,0.529,127.932,4
El Michels Affair,Slide Show,21,136773,0.587,0.716,-7.943,0.0308,0.157,0.921,0.641,0.874,81.689,4
Jorge Drexler,Lontano lontano - Cara B,22,231493,0.7,0.344,-20.913,0.477,0.862,0.00386,0.138,0.473,89.845,4
Plastilina Mosh,Aropador,21,240026,0.783,0.506,-14.552,0.0651,0.952,0.918,0.0676,0.397,117.147,4
El Michels Affair,This Song's For You,22,165040,0.542,0.517,-8.13,0.0266,0.0159,0.322,0.13,0.326,66.552,4
The Budos Band,Turn and Burn,22,344840,0.445,0.833,-7.373,0.0279,0.00256,0.736,0.167,0.652,116.012,4
Afrocidade,Até de Manhã,21,168000,0.746,0.83,-4.983,0.0919,0.0901,0.00118,0.0796,0.364,100.015,4
Juanafé,Maleducao,22,336000,0.764,0.681,-7.947,0.0366,0.015,0.00336,0.114,0.807,123.986,3
Plastilina Mosh,Danny Trejo,25,240200,0.771,0.968,-6.142,0.0584,0.288,0,0.0809,0.756,93.984,4
The Budos Band,Deep in the Sand,22,225826,0.471,0.864,-5.079,0.0383,0.000394,0.843,0.0526,0.486,119.095,4
Lafayette Afro Rock Band,Avi-Vo - Remastered,21,215322,0.709,0.868,-6.436,0.0486,0.428,0.814,0.131,0.693,118.125,4
Juanafé,La Dormida,21,156721,0.618,0.491,-9.164,0.0893,0.41,0.000399,0.104,0.659,89.827,4
Criolo,Boca Fofa,21,140280,0.723,0.782,-5.127,0.0345,0.738,0.0128,0.0864,0.98,167.865,4
Femi Kuti,Sorry Sorry - Old School Afro Dub,21,444159,0.763,0.871,-8.779,0.055,0.0238,0.14,0.438,0.618,101.199,4
BaianaSystem,Chapéu Panamá,24,185573,0.823,0.93,-4.663,0.257,0.419,0.00734,0.0519,0.487,105.017,4
Samuca e a Selva,Passeando em Mim,21,202568,0.875,0.722,-5.276,0.0555,0.0772,7.37E-05,0.112,0.552,117.997,4
Metá Metá,Logun,22,478197,0.617,0.868,-7.344,0.0404,0.554,0.559,0.0738,0.913,122.883,4
Mandrill;Michael Masser,Ali Bombaye (Zaire Chant) I,21,223226,0.528,0.967,-8.212,0.0634,0.0143,0.429,0.361,0.725,128.446,4
Los Amigos Invisibles;Oscar D'León,Sabrina (feat. Oscar D'León),23,262040,0.458,0.885,-4.31,0.0582,0.00259,0.00305,0.325,0.826,195.646,4
Plastilina Mosh,Aquamosh,24,236706,0.704,0.728,-10.712,0.0666,0.491,0.7,0.391,0.509,92.228,4
BaianaSystem,Criado Mudou,23,127960,0.549,0.704,-7.025,0.0399,0.58,0.0222,0.13,0.112,133.986,4
Limoblaze;Marizu,For Me,43,194063,0.728,0.719,-4.201,0.0459,0.477,0,0.0713,0.719,107.95,4
ATR;Luedji Luna,Batom,21,223092,0.656,0.508,-10.105,0.0956,0.295,0.505,0.0857,0.585,194.015,4
Orchestra Baobab,Utrus Horas,10,523453,0.725,0.266,-15.384,0.0403,0.828,0.000531,0.303,0.617,86.727,4
ST-Saint;Mark Asari;Reblah;678NATH;Raptist & Marko;Leslie Skye;Zelijah & Konola;Gtay;Nizzy Nath;JL Poleon,Ring the Alarm,20,375095,0.643,0.787,-5.843,0.316,0.339,0,0.34,0.747,140.279,4
Angeloh,Fill My Cup,20,259660,0.615,0.704,-7.582,0.0922,0.331,0,0.156,0.489,100.019,4
A Mose;TBabz,Authentic,20,153103,0.788,0.499,-9.061,0.185,0.205,0.0139,0.234,0.612,97.977,4
Voilaaa;Sir Jean,Spies Are Watching Me,48,432963,0.892,0.708,-9.041,0.0782,0.0395,0.00147,0.0335,0.949,127.002,4
Les Mamans du Congo;RROBIN;João Selva,Mbila - João Selva Remix,20,242355,0.821,0.769,-9.618,0.412,0.0299,0,0.0718,0.606,123.904,4
Ocote Soul Sounds,Contra el Sol,20,96733,0.664,0.854,-10.352,0.0442,0.388,0.912,0.18,0.961,107.855,4
Oba Reengy;Yoski,Rejoice,20,175072,0.55,0.557,-6.875,0.0987,0.0623,0.000231,0.154,0.439,111.383,4
Romperayo,Que Tumba,20,196421,0.714,0.613,-10.434,0.0732,0.0479,5.08E-06,0.264,0.964,93.969,4
Calle 13,Uiyi Guaye,22,305440,0.734,0.783,-7.379,0.154,0.0692,0.00323,0.563,0.767,183.918,4
Orquestra Voadora,Pernas Voadoras,21,172695,0.655,0.62,-7.736,0.0394,0.75,0.615,0.191,0.763,97.513,4
Limoblaze;Ada Betsabe;Principal,Blow My Mind - Spanish Remix,20,187547,0.709,0.594,-5.642,0.271,0.367,0.0227,0.0796,0.879,189.916,4
Morbo y Mambo,blanco nigeria,20,188920,0.615,0.694,-10.525,0.0312,0.287,0.826,0.121,0.745,135.861,4
Sarah Téibo;Tneek,Safe in You,21,232240,0.5,0.778,-5.025,0.0742,0.0422,1.20E-06,0.116,0.514,75.145,4
Star Feminine Band,Le mariage forcé,21,162652,0.716,0.752,-6.036,0.0781,0.0569,0,0.211,0.776,118.591,4
Rehmahz;Asha Elia,Comfort Me,20,146311,0.804,0.625,-7.852,0.0823,0.488,0.000732,0.117,0.766,99.914,4
Victor Rice,Tema,21,155479,0.634,0.664,-7.014,0.0339,0.216,0.898,0.211,0.872,130.962,4
The Souljazz Orchestra,Agoya,20,306733,0.739,0.88,-5.531,0.0723,0.59,0.811,0.198,0.783,115.967,4
Ondatrópica,Boga Canoero,22,262586,0.648,0.68,-9.002,0.105,0.549,9.98E-06,0.0417,0.959,115.9,4
Thee Commons,Juaneco Y La Negra,20,297665,0.343,0.886,-3.107,0.0313,0.000273,0.000233,0.19,0.828,192.492,4
The Budos Band,Shattered Winds,22,160800,0.447,0.826,-6.556,0.0504,0.0226,0.876,0.232,0.685,105.475,4
BaianaSystem;Tonho Matéria,Catraca,22,125306,0.745,0.93,-4.826,0.119,0.334,0.00235,0.153,0.96,154.929,4
Kiko Dinucci e Bando Afro Macarrônico,Engasga Gato,20,161000,0.799,0.606,-10.782,0.113,0.439,8.24E-06,0.168,0.845,114.941,4
Jorge Drexler,La luna de espejos,21,221893,0.712,0.225,-10.017,0.0533,0.93,0.001,0.123,0.429,87.52,4
Gyedu-Blay Ambolley,Simigwa-Do,20,258120,0.805,0.812,-5.43,0.0925,0.0318,0.000998,0.0804,0.748,122.003,4
The Souljazz Orchestra,Is yeelyel,20,247533,0.843,0.805,-7.029,0.0381,0.0403,0.712,0.0755,0.914,116.002,4
Samuca e a Selva;Onã,Haja Axé,20,283645,0.701,0.722,-7.221,0.11,0.0407,0.00188,0.0769,0.848,179.938,4
The New Mastersounds;Eddie Roberts,Could've Been So Good,23,257071,0.589,0.675,-9.321,0.0332,0.515,0.285,0.0914,0.748,119.792,4
Breakestra,Get It Right,21,192013,0.743,0.962,-3.922,0.0508,0.127,2.65E-05,0.321,0.872,108.602,4
Plastilina Mosh,Aló,24,246960,0.76,0.662,-8.879,0.227,0.0119,0.000343,0.743,0.835,142.012,4
Newen Afrobeat,Curiche,20,369226,0.79,0.711,-8.014,0.0486,0.221,0.0693,0.0998,0.861,110.063,4
William Onyeabor,Shame,20,350640,0.829,0.448,-9.673,0.0427,0.34,0.000878,0.0873,0.749,103.306,4
Criolo,Cria de Favela,20,171600,0.695,0.751,-4.966,0.0443,0.441,8.84E-05,0.132,0.701,111.96,4
The Budos Band,Budos Dirge,22,158760,0.571,0.877,-9.563,0.0342,0.344,0.922,0.166,0.814,120.907,4
Jackie Mittoo,Freak Out,22,136000,0.715,0.635,-9.616,0.0471,0.0241,0.191,0.276,0.956,79.255,4
Jor'dan Armstrong,You Should Know,21,239866,0.393,0.616,-7.564,0.0428,0.0444,0,0.152,0.275,97.458,4
Lack Of Afro;Roxie Ray,Closer to Me,22,266200,0.677,0.902,-7.584,0.0373,0.016,0.00114,0.285,0.893,111.925,4
The Budos Band,Reppirt Yad,22,177253,0.509,0.511,-11.24,0.0294,0.0238,0.913,0.0748,0.611,116.851,4
Newen Afrobeat,Polvo de Inti,20,300760,0.553,0.847,-5.1,0.0366,0.0176,0.621,0.0668,0.795,159.896,3
Plastilina Mosh,Mr. P-Mosh,23,257640,0.791,0.642,-8.502,0.182,0.0213,0.000279,0.356,0.477,94.585,4
Jor'dan Armstrong,Count It,21,177738,0.517,0.858,-5.168,0.103,0.132,0,0.092,0.55,100.04,4
Plastilina Mosh,El Sirenito,23,235186,0.671,0.898,-6.861,0.0771,0.11,2.61E-05,0.117,0.875,92.953,4
Jorge Drexler,La aparecida,22,276906,0.539,0.372,-8.864,0.0304,0.853,0.0299,0.106,0.313,147.078,3
Ebo Taylor,Mizin,22,312419,0.808,0.841,-5.99,0.048,0.402,0.00048,0.185,0.891,106.477,4
Calle 13,Pa'l Norte - Beauty Brain Remix,23,266432,0.791,0.835,-6.807,0.0584,0.0223,0.234,0.0506,0.8,140.027,4
Jackie Mittoo,Reggae Rock,22,117733,0.752,0.451,-9.922,0.0544,0.368,0.396,0.124,0.886,81.468,4
Juanafé,El Que Te Quiere Te Quiere,21,211576,0.722,0.904,-5.661,0.157,0.451,1.19E-06,0.0949,0.783,93.94,4
Metá Metá,Ora Iê Iê O,21,152372,0.682,0.815,-7.55,0.062,0.528,0,0.0995,0.964,106.068,4
Jorge Drexler,Todo se transforma,63,217146,0.761,0.488,-7.326,0.043,0.199,0.00236,0.0864,0.682,100.024,4
El Michels Affair,Villa,48,165735,0.503,0.733,-7.272,0.188,0.676,0.809,0.0983,0.377,167.935,4
Osibisa,Ojah Awake,9,296093,0.581,0.709,-13.307,0.0436,0.0268,0.232,0.0398,0.816,132.096,4
Greyboy;Nino Moschella,Love,53,216080,0.851,0.414,-8.518,0.0314,0.0498,0.00135,0.11,0.581,102.807,4
Rex Williams,You Are My Heart,46,193000,0.675,0.681,-7.458,0.0364,0.481,0.0232,0.225,0.604,97.442,4
Akalé Wubé;Manu Dibango,Anbessa,49,221720,0.82,0.473,-7.3,0.0454,0.293,0.861,0.136,0.645,120.066,4
The Budos Band,Old Engine Oil,40,191213,0.366,0.91,-6.157,0.0415,0.00119,0.834,0.101,0.322,92.94,4
Ilover,Amoureux,20,228115,0.703,0.859,-3.991,0.0752,0.222,0,0.174,0.867,82.069,4
Limoblaze;Dj Horphuray,Your Love,42,224208,0.795,0.719,-4.791,0.0642,0.115,0.0051,0.0525,0.958,110.02,4
Cymande,Bra,47,306360,0.676,0.769,-10.142,0.0535,0.00545,0.0256,0.131,0.891,117.733,4
Sarah Téibo;Jason Nicholson-Porter;Tehillah Daniels,Like a Child,20,246596,0.631,0.703,-6.242,0.226,0.0209,0,0.267,0.611,90.066,4
Morbo y Mambo,Bs80,20,220550,0.484,0.783,-7.923,0.0313,0.0119,0.899,0.103,0.77,164.006,4
Caê,Bim-Bim-Bim,20,195891,0.778,0.76,-6.408,0.044,0.521,0.0747,0.175,0.895,122.108,4
Ali Farka Touré,Bonde (with Ry Cooder),11,328826,0.514,0.532,-17.026,0.0936,0.712,0.00523,0.0816,0.553,113.821,4
Sarah Téibo,Never Leave Me,19,187000,0.723,0.558,-7.514,0.027,0.344,1.40E-06,0.115,0.547,103.983,4
Tony Allen,Ikeja Roads,48,160948,0.777,0.598,-13.803,0.0412,0.023,0.89,0.106,0.684,100.007,4
Orquestra Voadora,Revoar,21,271189,0.413,0.744,-9.798,0.0694,0.24,0.602,0.109,0.963,88.561,4
TBabz;Naffymar,Original Joy,20,177272,0.79,0.502,-8.194,0.125,0.237,2.03E-05,0.22,0.59,87.996,4
Nomade Orquestra,Ginga Ponteiro in Versão,19,320058,0.809,0.677,-4.825,0.0335,0.166,0.92,0.0542,0.875,110.001,4
Jaron Nurse,Tell Somebody Bout Jesus,19,195000,0.668,0.612,-7.168,0.219,0.0712,0,0.105,0.722,82.861,4
Bantunagojeje,Abre-Caminho,19,226095,0.572,0.73,-12.687,0.0392,8.14E-05,0.822,0.105,0.815,129.706,4
BaianaSystem,Raminho,21,78390,0.548,0.691,-8.069,0.0404,0.917,0.00683,0.338,0.92,145.933,3
The Sound Stylistics,KNUCKLEHEAD,21,333986,0.688,0.897,-5.623,0.0311,0.467,0.706,0.0332,0.942,113.784,4
The Soul Snatchers,Sniffin' & Snatchin',21,215800,0.785,0.862,-7.252,0.059,0.016,0.947,0.108,0.682,106.052,4
Vaudou Game,Pas la peine,20,214272,0.82,0.788,-5.81,0.0392,0.0599,1.52E-05,0.222,0.8,122.712,4
Kiko Dinucci e Bando Afro Macarrônico,Santa Bamba,19,208013,0.734,0.463,-9.349,0.0395,0.695,0.000153,0.112,0.828,85.988,4
Breakestra,Posed To Be - Instrumental,21,213666,0.783,0.864,-8.554,0.0388,0.00106,0.868,0.166,0.687,104.356,4
Criolo,Duas de Cinco,20,224880,0.658,0.718,-8.128,0.076,0.0446,0.0036,0.2,0.514,80.112,4
Criolo,Subirusdoistiozin (Instrumental),19,210280,0.787,0.385,-7.672,0.0566,0.0194,0.879,0.208,0.448,86.456,4
Romperayo,Tuntuna Rebajada,20,241375,0.7,0.713,-9.615,0.0357,0.834,0.936,0.106,0.934,83.493,4
Jorge Drexler,Al Otro Lado Del Río (342 Amazônia ao Vivo no Circo Voador),21,189386,0.705,0.435,-12.185,0.0927,0.597,0.00149,0.933,0.535,124.705,4
Star Feminine Band,Femme africaine,21,224568,0.517,0.834,-6.918,0.0676,0.13,0.627,0.0894,0.871,113.778,3
Lack Of Afro,The Importance of Elsewhere,21,243186,0.795,0.727,-9.737,0.0494,0.155,0.0112,0.131,0.826,108.036,4
Plastilina Mosh,Mjlm,23,240466,0.739,0.854,-3.464,0.0738,0.133,8.09E-06,0.16,0.792,126.39,4
Samuca e a Selva,Jussara,19,226642,0.806,0.685,-5.217,0.0578,0.0521,0,0.0662,0.967,104.011,4
The Budos Band,The Proposition,21,172506,0.507,0.905,-7.304,0.0629,0.0967,0.431,0.369,0.579,97.327,4
BaianaSystem,Amendoim Pão de Mel,22,206349,0.648,0.855,-6.381,0.0487,0.0218,0.0472,0.172,0.698,148.022,4
Orchestra Baobab,Aduna Diaroul Niawo,21,257906,0.585,0.6,-4.554,0.0605,0.603,3.90E-06,0.126,0.816,85.91,4
Greatman Takit,Story,20,190546,0.845,0.849,-5.77,0.163,0.711,0,0.329,0.808,106.873,4
The New Mastersounds;Eddie Roberts,Georgie Famous,22,218106,0.442,0.804,-9.555,0.0806,0.0115,0.854,0.162,0.589,150.144,4
Samuca e a Selva,Reflertar,19,198722,0.663,0.478,-8.649,0.0279,0.114,0.000515,0.124,0.386,149.957,4
Los Amigos Invisibles,Burundanga,22,299400,0.759,0.914,-7.616,0.0374,0.0186,0.803,0.342,0.727,109.998,4
Jorge Drexler,Fractura de escafoides tarsiano derecho - Cara B,21,208026,0.481,0.442,-20.759,0.868,0.507,0.0139,0.983,0.709,151.445,4
The Budos Band,Mark of the Unnamed,21,239693,0.622,0.797,-8.958,0.0312,0.117,0.909,0.16,0.795,114.822,4
Euforquestra;Kyle Hollingsworth,Instant Coffee (feat. Kyle Hollingsworth),19,306200,0.717,0.777,-4.229,0.0744,0.239,0.725,0.162,0.792,101.941,4
The New Mastersounds,You Mess Me Up,22,128973,0.573,0.995,-3.365,0.0621,0.116,0.972,0.176,0.921,98.171,4
BaianaSystem;BNegão,Systema Fobica,22,394840,0.795,0.63,-9.01,0.1,0.119,3.42E-05,0.0663,0.343,93.006,4
Orquestra Brasileira de Música Jamaicana,Cotidiano,21,208885,0.803,0.661,-10.578,0.0369,0.544,0.402,0.0563,0.96,140.018,4
Jackie Mittoo,Henry the Great,20,212493,0.937,0.5,-11.622,0.198,0.544,0.861,0.104,0.711,101.665,4
Los Amigos Invisibles,All Day Today,22,263320,0.75,0.932,-5.68,0.0718,0.00341,0.0823,0.344,0.82,124.012,4
Calle 13,La Vuelta Al Mundo,70,234133,0.748,0.538,-9.943,0.222,0.159,1.62E-06,0.167,0.779,124.974,4
Letta Mbulu,Nomalizo,51,311866,0.86,0.41,-13.625,0.0473,0.306,0.000669,0.0424,0.653,98.269,4
Eben,Victory,41,230505,0.751,0.697,-3.45,0.111,0.372,0,0.149,0.879,125.924,4
Ali Farka Touré;Toumani Diabaté,Sabu Yerkoy,10,248986,0.599,0.364,-12.63,0.0333,0.787,0.0658,0.0614,0.697,81.317,4
The Dynamics,Move on Up,53,359213,0.836,0.709,-9.135,0.0352,0.154,0.392,0.0894,0.969,145.952,4
Fela Kuti,Zombie,41,745653,0.672,0.942,-5.145,0.186,0.386,0.0142,0.384,0.574,131.45,4
Ikebe Shakedown,Dram,50,243693,0.595,0.765,-8.626,0.0574,0.056,0.851,0.169,0.736,149.58,4
El Michels Affair;Piya Malik,Murkit Gem,42,192404,0.536,0.632,-10.067,0.0641,0.599,0.921,0.159,0.566,117.796,4
Matata,Gimme Some Lovin',20,170026,0.831,0.658,-12.597,0.054,0.415,0.0297,0.148,0.961,116.698,4
Jungle Fire,Snake Pit - Stove Mix,19,245818,0.806,0.716,-5.483,0.081,0.14,0.892,0.182,0.87,124.778,4
The Dynamics,Rock It,19,189920,0.814,0.824,-9.559,0.036,0.219,0.898,0.0869,0.902,129.01,4
Buyepongo,Musica Alegre,19,288733,0.794,0.736,-5.008,0.0872,0.27,0.000972,0.0734,0.872,126.032,4
Voilaaa;Lass,Mandjou,19,323278,0.843,0.801,-8.712,0.0385,0.0195,0.116,0.12,0.908,116.017,4
BaianaSystem;Bule Bule;Rapadura,Oxe,21,198466,0.793,0.913,-3.816,0.116,0.324,3.25E-06,0.092,0.533,108.013,4
QUITAPENAS,Tranquilidad,19,209723,0.555,0.904,-7.099,0.0543,0.0734,0.0178,0.307,0.932,146.4,4
Oba Reengy,Increase Comes From You,19,168030,0.811,0.37,-10.857,0.238,0.369,0.433,0.108,0.549,112.012,3
Plastilina Mosh,Magic Fever,22,291373,0.61,0.808,-5.957,0.0549,0.0952,0.44,0.362,0.556,137.086,4
Lack Of Afro;Wayne Gidden,A Time For,21,274720,0.642,0.673,-9.835,0.0497,0.404,0.000119,0.139,0.835,93.881,4
Ikebe Shakedown,Unqualified,19,204853,0.599,0.907,-5.236,0.0299,0.101,0.394,0.285,0.866,122.843,4
Ricardo Lemvo,Africa Havana Paris,19,295333,0.756,0.629,-8.176,0.0348,0.608,2.93E-05,0.0976,0.932,156.029,4
Los Amigos Invisibles,Mami Te Extraño,22,201080,0.806,0.561,-6.081,0.0556,0.0517,0.0102,0.7,0.808,135.02,4
Lafayette Afro Rock Band,Conga - Remastered,19,301617,0.705,0.83,-9.266,0.0946,0.0659,0.00445,0.078,0.602,119.099,4
The New Mastersounds;Eddie Roberts;Lamar Williams Jr.,Before,21,244560,0.58,0.549,-12.382,0.0379,0.166,0.000344,0.0907,0.629,144.091,4
Kiko Dinucci e Bando Afro Macarrônico,Rainha das Cabeças,19,167293,0.73,0.736,-6.807,0.0404,0.763,0.00369,0.119,0.937,139.961,4
Afrocidade,Topo do Mundo,19,185864,0.744,0.863,-4.424,0.0375,0.0242,0.000183,0.151,0.676,132.983,4
Criolo,Bogotá (Instrumental),19,280546,0.751,0.882,-7.125,0.0603,0.00323,0.875,0.137,0.872,122.037,4
Jorge Drexler,La trama y el desenlace,21,246013,0.578,0.49,-7.965,0.0343,0.0929,5.72E-05,0.119,0.72,150.016,4
Foli Griô Orquestra;DJ Vinimax;Cebolinha do Passinho,Aquecimento Caboclo Roxo,19,479204,0.633,0.79,-7.266,0.102,0.42,0.473,0.064,0.867,127.623,4
Ricardo Lemvo;Makina Loca,Boom Boom Tarará,19,287026,0.778,0.871,-6.088,0.0366,0.35,0.00915,0.0628,0.961,123.06,4
Ondatrópica,Malaria,21,220280,0.647,0.798,-9.506,0.0384,0.125,0.0132,0.819,0.906,109.897,4
Lack Of Afro;Wax;Herbal T,Back in Business,21,226515,0.815,0.925,-6.041,0.103,0.0594,0,0.128,0.898,116.057,4
Plastilina Mosh,Naranjada,23,216933,0.739,0.886,-5.927,0.12,0.553,0.0112,0.307,0.814,145.02,4
BaianaSystem,Dança de Airumã,21,227986,0.683,0.852,-4.568,0.0654,0.179,0.00309,0.296,0.635,108.033,4
Brownout;Brown Sabbath;Aaron Behrens,Sabbath Bloody Sabbath,19,341765,0.332,0.786,-8.419,0.045,0.00182,0.00185,0.142,0.724,143.4,4
Plastilina Mosh,Toll Free,22,201746,0.746,0.722,-5.389,0.0545,0.031,0,0.641,0.889,138.153,4
Newen Afrobeat,Cántaros,19,432213,0.698,0.63,-8.342,0.0496,0.239,0.519,0.087,0.855,100.014,4
Mulatu Astatke;The Heliocentrics,An Epic Story,20,301133,0.389,0.672,-8.768,0.0688,0.302,0.79,0.345,0.584,173.954,4
Jor'dan Armstrong;Lowell Pye,Miracle,20,230225,0.307,0.68,-4.153,0.074,0.58,2.05E-06,0.102,0.224,74.151,5
Los Amigos Invisibles,El Baile Del Sobón,22,226146,0.735,0.92,-7.772,0.269,0.0104,3.20E-05,0.699,0.68,154.988,4
Samuca e a Selva,Chama Arteira,19,262000,0.694,0.731,-5.111,0.0411,0.0856,2.80E-05,0.305,0.62,125.769,4
BaianaSystem;Mulú,Lucro/Descomprimindo (Mulú Remix),21,190066,0.853,0.607,-7.932,0.138,0.00186,0.00339,0.0897,0.187,104.984,4
William Onyeabor,The Moon and The Sun,20,560280,0.616,0.838,-6.462,0.0562,0.279,0.00596,0.124,0.849,145.936,3
Plastilina Mosh,Oxidados,20,145253,0.463,0.996,-6.017,0.0821,0.000356,0.847,0.139,0.671,182.069,4
Plastilina Mosh,Afroman,23,221266,0.644,0.883,-8.481,0.0884,0.638,2.58E-05,0.0952,0.783,104.159,4
Pat Kalla;Le Super Mojo;Bosq,Canette - Bosq Remix,19,373515,0.852,0.699,-9.888,0.0717,0.104,0.0129,0.0767,0.941,123.018,4
Orquestra Brasileira de Música Jamaicana,Águas de Março,20,179866,0.851,0.498,-7.259,0.0427,0.741,0.888,0.162,0.896,129.1,4
Los Amigos Invisibles,Mi Linda,22,226333,0.727,0.897,-6.356,0.0422,0.0159,0.00999,0.286,0.897,135.087,4
Calle 13;Rubén Blades;La Chilinga,La Perla (feat. Rubén Blades & La Chilinga),22,416133,0.735,0.681,-7.757,0.316,0.673,0,0.0584,0.968,90.003,4
Calle 13;Julian Assange;Tom Morello;Kamilya Jubran,"Multi-Viral (feat. Julian Assange, Tom Morello & Kamilya Jubran)",21,260877,0.501,0.963,-3.768,0.265,0.0516,0,0.307,0.656,165.128,4
Metá Metá,Oranian,21,238811,0.561,0.561,-6.909,0.044,0.77,9.30E-05,0.188,0.701,106.187,4
Limoblaze;Ada Ehi,Gold,0,174146,0.479,0.719,-7.075,0.109,0.214,4.85E-05,0.166,0.699,113.017,4
Eben,Jesus at the Centre,41,369529,0.489,0.557,-6.027,0.0379,0.0329,0,0.208,0.11,135.907,4
ST-Saint,4:ME,18,226586,0.637,0.671,-6.762,0.231,0.0869,0,0.665,0.593,97.602,4
El Michels Affair;Piya Malik,Unathi,43,213749,0.524,0.65,-7.307,0.0415,0.0954,0.00655,0.126,0.826,107.493,4
Ali Farka Touré;Toumani Diabaté,56,10,417186,0.448,0.411,-10.141,0.0292,0.807,0.807,0.121,0.471,89.475,4
TJ Cream;Edz,Many Are Called,19,206958,0.882,0.722,-8.223,0.107,0.57,0,0.118,0.941,140.028,4
Iconili,Mulato,18,199080,0.635,0.752,-7.316,0.0343,0.00616,0.851,0.226,0.832,121.92,4
Hektombe,La Negra,18,359045,0.717,0.683,-10.197,0.0433,0.0364,0.00564,0.104,0.594,113.016,4
Sharyn,Mercy,18,243377,0.765,0.434,-8.515,0.096,0.366,0,0.0978,0.267,141.939,4
Qyubi,Woso,19,238001,0.778,0.619,-10.109,0.0692,0.623,0.000922,0.144,0.684,102.017,4
Calle 13;Totó La Momposina;Susana Baca;Maria Rita,"Latinoamérica (feat. Totó la Momposina, Susana Baca & Maria Rita)",64,301426,0.691,0.805,-6.81,0.0947,0.59,0,0.0975,0.866,142.503,3
Eddie Neblett,River,19,232586,0.569,0.704,-10.146,0.109,0.13,0,0.0725,0.865,104.725,4
Victor Rice,La Mura,20,186909,0.545,0.608,-8.642,0.0309,0.409,0.881,0.312,0.975,141.849,4
The Dynamics,After Laughter Comes Tears,19,284102,0.791,0.358,-12.384,0.0645,0.291,0.00644,0.156,0.78,83.007,4
BANTU;Megaloh;Ghanaian Stallion,Cash and Carry - Remix,19,237301,0.846,0.814,-4.997,0.227,0.0553,0,0.114,0.784,114.886,4
La Cumbia Chicharra,Rita,18,202640,0.754,0.434,-10.196,0.0664,0.0989,9.01E-05,0.133,0.946,86.01,4
Soothsayers,Nothing Can Stop Us,18,229719,0.78,0.758,-7.629,0.0353,0.159,0.00466,0.1,0.911,111.038,4
Jor'dan Armstrong,EMOTIONS,19,253815,0.484,0.572,-6.248,0.106,0.245,0,0.177,0.397,138.342,4
Voilaaa;Renaud Bilombo,Tomowa,19,330372,0.902,0.75,-8.803,0.0492,0.101,0.0957,0.0506,0.964,121.989,4
Voilaaa;Sir Jean;Patchworks,Spies Are Watching Me - Patchworks Remix,18,468693,0.861,0.671,-8.737,0.0711,0.0424,0.219,0.0543,0.961,127.015,4
Romperayo,Asi No Se Puede Muchaches,19,240640,0.736,0.885,-5.579,0.0485,0.0684,0.822,0.0923,0.832,112.01,4
OQuadro,Evolui (Bem Aventurados),19,247560,0.851,0.772,-6.516,0.136,0.0462,0,0.15,0.922,93.521,4
Calle 13,Pi-di-di-di,21,211080,0.817,0.676,-5.619,0.312,0.0509,0,0.139,0.64,94.943,4
Newen Afrobeat,Vuela Junto a Mí,18,395720,0.795,0.904,-7.685,0.0547,0.339,0.0589,0.108,0.85,100.045,4
Afrocidade;Nildes Bomfim,Canoeiro (vinheta),19,36006,0.573,0.92,-8.486,0.61,0.786,0,0.87,0.4,110.488,4
Gyedu-Blay Ambolley,Walk 4 Ground,19,457539,0.798,0.728,-6.235,0.0345,0.0437,0.462,0.348,0.822,120.001,4
Metá Metá,Exu,20,107624,0.643,0.507,-6.524,0.0511,0.927,0.854,0.0736,0.611,116.743,4
Euforquestra;Alan Evans,That Woman (Congo Sanchez Remix) [feat. Alan Evans],18,301346,0.735,0.721,-6.701,0.0557,0.271,0.000204,0.325,0.792,93,4
Money Chicha,Chicha Negra,19,254238,0.452,0.853,-6.06,0.0337,0.0139,0.893,0.21,0.937,97.222,4
Ikebe Shakedown,Tame the Beats,18,202466,0.826,0.744,-8.207,0.0528,0.396,0.901,0.0672,0.977,144.981,4
Calle 13,Intro Crónica De Un Nacimiento,21,95733,0.429,0.456,-9.763,0.121,0.529,0,0.178,0.485,93.678,1
The Bongo Hop;Maikcel,Nowa - Radio Edit,19,218087,0.742,0.919,-6.173,0.0724,0.3,2.92E-05,0.0303,0.96,99.906,4
Jackie Mittoo,Deeper and Deeper,19,170120,0.577,0.593,-8.646,0.289,0.859,0.768,0.0981,0.536,78.238,4
The Budos Band,Trail of Tears,20,162360,0.532,0.641,-6.999,0.0274,0.0235,0.922,0.103,0.604,96.142,4
Jor'dan Armstrong,I'm Wit It,20,217720,0.82,0.587,-6.91,0.0736,0.231,0,0.117,0.55,100.014,4
Newen Afrobeat,Nación Nueva,18,579760,0.668,0.75,-6.718,0.049,0.0175,0.231,0.13,0.705,134.96,4
Manu Dibango;Cuarteto Patria,Son de la Loma,19,259160,0.485,0.741,-4.425,0.0294,0.317,0.000579,0.0683,0.936,103.72,4
El Hijo De La Cumbia;La Dame Blanche,Che Revolution (feat. La Dame Blanche),19,220183,0.735,0.919,-4.58,0.0571,0.0371,9.37E-05,0.139,0.155,109.022,4
Samuca e a Selva,Só,19,229854,0.757,0.84,-7.052,0.0375,0.0278,0.0335,0.147,0.734,112.081,4
Jor'dan Armstrong,Higher,19,267910,0.765,0.888,-5.344,0.172,0.27,0,0.263,0.625,120.042,4
BaianaSystem;Céu,O Que Não Me Destrói Me Fortalece,21,233894,0.739,0.582,-6.831,0.0309,0.0496,0.00175,0.11,0.674,119.028,4
Warsaw Afrobeat Orchestra;Bosq,Only Now - Bosq Remix,18,400000,0.788,0.917,-6.353,0.0414,0.117,0.741,0.0843,0.747,108.991,4
Jorge Drexler,Era de amar,20,239026,0.697,0.632,-7.845,0.0342,0.608,0.00364,0.0925,0.792,74.359,4
Ernest Ranglin,Five Thirty,19,389106,0.751,0.279,-14.352,0.066,0.0933,0.868,0.119,0.41,138.848,4
Samuca e a Selva;Liniker,O Trem Azul,19,283950,0.718,0.458,-8.916,0.135,0.382,0.000813,0.0666,0.569,170.92,4
Calle 13,Fiesta de Locos,21,267533,0.775,0.922,-4.866,0.287,0.285,0,0.0989,0.712,105.085,4
Los Amigos Invisibles,Groupie,21,280440,0.761,0.756,-7.656,0.0354,0.00953,0.017,0.126,0.702,126.122,4
Plastilina Mosh,Human Disco Ball,19,214960,0.795,0.989,-7.986,0.0461,0.000324,0.425,0.0319,0.926,125.028,4
Plastilina Mosh,Encendedor,21,156920,0.647,0.855,-9.225,0.0776,0.000331,0.809,0.687,0.816,107.859,4
The New Mastersounds,On the Border,20,251186,0.78,0.934,-4.843,0.0426,0.118,0.738,0.0588,0.879,102.038,4
Ali Farka Touré;Toumani Diabaté,Warbé,10,291226,0.601,0.247,-17.785,0.045,0.938,0.872,0.363,0.373,148.516,4
Höröyá,Gri Gri Bá Dön,18,345022,0.767,0.837,-4.364,0.0487,0.0981,0.918,0.0555,0.493,135.972,4
El Michels Affair;Lee Fields;The Shacks,Tearz,49,151926,0.75,0.382,-8.466,0.0312,0.29,0.298,0.279,0.454,97.226,4
Ali Farka Touré;Toumani Diabaté,Doudou,9,287146,0.404,0.397,-11.112,0.0371,0.848,0.725,0.156,0.69,171.012,3
Ali Farka Touré,Savane,9,463920,0.764,0.282,-10.46,0.0652,0.77,0.0833,0.0592,0.504,135.736,4
Ali Farka Touré;Toumani Diabaté,Be Mankan,9,306960,0.583,0.206,-12.297,0.0416,0.9,0.38,0.123,0.483,123.362,3
William Onyeabor;Hot Chip,Atomic Bomb - William Onyeabor vs. Hot Chip,44,436236,0.834,0.56,-10.062,0.0439,0.0145,0.282,0.446,0.78,125.798,4
Calle 13,La Crema,21,241240,0.579,0.748,-5.933,0.192,0.273,0,0.15,0.722,91.944,4
Rehmahz;Oba Reengy,By My Side,18,150334,0.614,0.629,-5.336,0.228,0.307,3.11E-05,0.163,0.755,90.524,4
Sharyn,Anyway,18,274297,0.541,0.31,-9.523,0.0479,0.813,3.66E-05,0.308,0.324,137.956,4
Lefties Soul Connection,The Waddle,20,182234,0.641,0.837,-5.248,0.0583,0.0497,0.943,0.14,0.813,86.177,4
Marizu,Stay Here,19,196363,0.575,0.441,-9.141,0.0552,0.806,0.000432,0.108,0.665,98.868,4
Sambabook;Criolo,Tiê,18,236733,0.668,0.516,-9.196,0.0726,0.645,0,0.0987,0.858,89.252,4
TJ Cream;Marko,Hard Talk,19,130750,0.682,0.569,-6.317,0.286,0.206,0,0.0896,0.546,151.09,4
Calle 13,Se Vale To-To,21,230306,0.699,0.739,-6.256,0.0641,0.00428,3.65E-06,0.076,0.429,175.979,4
Jorge Drexler,Paisaje lunar,20,176173,0.699,0.503,-11.113,0.0473,0.841,0.000362,0.11,0.664,152.933,3
J Prince,Let Jesus Row,18,212000,0.813,0.83,-5.57,0.199,0.0389,0,0.0975,0.809,113.985,4
Alogte Oho & His Sounds of Joy,Allema Timba,18,279595,0.631,0.458,-8.889,0.0327,0.384,0.0316,0.186,0.945,141.12,4
Oba Reengy,Save Me From Myself,18,197718,0.418,0.657,-5.355,0.217,0.328,0,0.139,0.364,87.384,4
Bacao Rhythm & Steel Band,Beetham Highway Ride,18,187570,0.831,0.758,-4.227,0.0761,0.107,0.92,0.068,0.902,96.293,4
Soothsayers;Village Cuts,Good Vibration - Village Cuts Remix,18,299124,0.86,0.676,-9.245,0.363,0.268,0.134,0.094,0.602,94.025,4
Romperayo,Tacutun,17,186666,0.785,0.671,-7.913,0.15,0.019,0.748,0.203,0.601,122.966,4
Mandrill,Mandrill,19,260360,0.536,0.734,-14.068,0.0584,0.0785,0.712,0.181,0.689,133.655,4
Los Pirañas,Palermo's Grunch,18,308864,0.55,0.871,-4.931,0.0436,0.0483,0.815,0.177,0.888,131.439,4
Jungle Fire,Chalupa,17,283440,0.643,0.808,-7.507,0.0474,0.32,0.885,0.111,0.931,116.886,4
Letta Mbulu,Noma Themba,19,206066,0.734,0.411,-8.984,0.0253,0.656,0.000775,0.0924,0.532,90.629,4
Jungle Fire;Felipe Gordon,Atómico - Felipe Gordon Remix - Single Edit,18,271761,0.748,0.816,-9.181,0.0342,0.0265,0.9,0.283,0.715,120.996,4
Morbo y Mambo,la espada de cadorna,18,262773,0.513,0.845,-8.334,0.0565,0.0152,0.848,0.345,0.706,130.117,4
Voilaaa;Pat Kalla,Des promesses,18,423668,0.83,0.785,-9.46,0.0382,0.00709,0.0301,0.0878,0.833,134.019,4
The Bamboos,The Ghost,19,217733,0.688,0.763,-8.545,0.0294,0.0111,1.30E-05,0.218,0.713,99.022,4
Lack Of Afro,Rusty,20,237026,0.611,0.973,-6.378,0.0555,0.0637,0.682,0.0851,0.898,100.403,4
Pacific Express;Jonathan Bulter,Look at the Smile,18,197600,0.688,0.638,-11.181,0.0801,0.0149,0,0.102,0.958,97.743,4
A Mose;Nolly,Confirm,18,145610,0.853,0.576,-9.167,0.157,0.0218,0.00219,0.0906,0.642,104.012,4
William Onyeabor;The Vaccines;John Hill;Rich Costey,Do You Want a Man - Heaven & Hell Remix,18,145773,0.603,0.921,-3.555,0.0931,0.198,0.00035,0.133,0.816,122.978,4
The Sorcerers,Escape from the Catacombs,18,183783,0.595,0.721,-7.033,0.0537,0.428,0.864,0.156,0.831,166.305,4
Nomade Orquestra;Edgar,Ocidentes Acontecem,18,343306,0.454,0.743,-6.306,0.0394,0.124,0.00373,0.665,0.471,132.043,1
Juanafé;La Flor del Recuerdo,Si Tu Me Quisieras,19,172157,0.659,0.53,-10.444,0.0347,0.743,2.09E-06,0.189,0.726,126.031,3
Manu Dibango;Cuarteto Patria,Carnaval,18,350906,0.44,0.739,-4.719,0.0327,0.294,0.0028,0.05,0.927,101.033,4
Thee Commons,Cumbia Del Sol,18,195265,0.606,0.914,-3.337,0.029,0.00457,5.36E-06,0.203,0.944,96.243,4
Afrocidade,Novos Mundos,18,240000,0.816,0.88,-4.251,0.0503,0.165,0,0.106,0.752,120.079,4
Orgone;Cyril Neville,I Sold My Heart to the Junkman,20,301059,0.534,0.672,-7.066,0.0477,0.00784,0.000598,0.156,0.819,102.071,4
The Souljazz Orchestra,Soleil Couchant,18,225953,0.618,0.831,-7.018,0.0802,0.429,0.321,0.168,0.92,126.058,4
Eddie Neblett,Motives - What Have We Come Here to Do Church?,18,196259,0.715,0.698,-5.12,0.357,0.377,0,0.0803,0.661,84.653,4
King Sunny Ade,Ja Fun Mi - Instrumental,19,433426,0.464,0.683,-12.301,0.0415,0.165,0.591,0.232,0.833,105.437,4
Newen Afrobeat,Qué Sabemos,18,625066,0.677,0.799,-6.388,0.0473,0.0397,0.144,0.0797,0.775,125.041,4
Calle 13,Baile De Los Pobres,21,207160,0.501,0.82,-6.617,0.291,0.0868,2.62E-06,0.113,0.427,179.996,4
Jackie Mittoo,Drum Song,20,264133,0.696,0.415,-12.57,0.0379,0.169,0.847,0.0888,0.637,95.801,4
Samuca e a Selva,Imensidão,18,196343,0.758,0.803,-4.762,0.0329,0.0336,4.08E-06,0.203,0.791,108.015,4
Los Amigos Invisibles,Las Lycras del Avila,21,181493,0.691,0.624,-8.47,0.0358,0.32,0.67,0.0869,0.734,132.297,4
Los Amigos Invisibles,Mostro,21,160200,0.853,0.799,-5.904,0.0344,0.159,0.0204,0.782,0.798,125.015,4
Calle 13;Silvio Rodríguez,Ojos Color Sol (feat. Silvio Rodríguez),68,215813,0.582,0.443,-7.816,0.0436,0.664,0,0.0703,0.452,78.071,4
Los Amigos Invisibles,La Que Me Gusta,71,239626,0.721,0.833,-7.469,0.0777,0.122,0.000115,0.135,0.549,100.005,4
CalledOut Music,My Prayer (Yahweh),42,217446,0.583,0.31,-14.911,0.159,0.688,0,0.104,0.563,140.974,4
The Bamboos,I Don't Wanna Stop,50,249200,0.69,0.775,-5.116,0.0306,0.119,0.000533,0.125,0.962,93.241,4
Angeloh,Use Me,18,204638,0.581,0.491,-7.539,0.111,0.281,0,0.0943,0.877,126.273,5
Calle 13,Un Beso de Desayuno,20,290666,0.537,0.854,-5.375,0.15,0.295,0,0.0684,0.786,84.894,4
La BOA,Vuelo Antillano,18,266986,0.771,0.735,-7.033,0.0376,0.0142,0.763,0.319,0.95,107.975,4
Bacao Rhythm & Steel Band,Love Like This - 45 Edit,18,205457,0.91,0.837,-2.343,0.0856,0.427,0.898,0.0516,0.969,101.494,4
IFÁ;Okwei V. Odili,Suffer,18,336053,0.718,0.748,-9.315,0.0367,0.0885,5.72E-05,0.0779,0.963,99.014,4
IFÁ;Okwei V. Odili,Axé!,18,359173,0.712,0.728,-8.818,0.0366,0.0867,0.142,0.107,0.965,115.967,4
Eddie Neblett,Forgiveness,18,207674,0.496,0.594,-7.131,0.294,0.437,0,0.244,0.73,172.031,4
Bacao Rhythm & Steel Band,Kaiso Noir (Bonus Track),18,240464,0.815,0.618,-8.167,0.0515,0.0231,0.824,0.142,0.964,119.882,4
Whitefield Brothers,Thunderbird,18,242626,0.709,0.978,-4.67,0.0441,0.026,0.851,0.266,0.744,94.391,3
Brownout;Brown Sabbath,Into the Void,19,388877,0.34,0.729,-5.995,0.0401,0.0134,0.833,0.112,0.415,154.28,4
Los Amigos Invisibles,Playa Azul,21,279800,0.629,0.745,-8.188,0.04,0.229,0.266,0.0624,0.704,175.979,4
Abayomy Afrobeat Orquestra,Eru,17,421645,0.565,0.906,-7.053,0.0957,0.0553,0.0266,0.0975,0.84,133.283,4
Los Amigos Invisibles,Something,21,215205,0.695,0.714,-4.386,0.0611,0.00374,0.000302,0.177,0.77,116.035,4
Los Amigos Invisibles,Domingo Echao,20,154906,0.86,0.457,-9.046,0.0702,0.0598,0.584,0.102,0.672,114.972,4
BaianaSystem;Mateus Aleluia,Pangeia,19,202645,0.743,0.631,-7.35,0.026,0.29,0.752,0.7,0.686,110.034,4
El Michels Affair,Yennicita,18,188960,0.44,0.682,-6.555,0.0575,0.0422,0.907,0.103,0.397,168.385,3
Voilaaa,C'est le voyage,18,257706,0.868,0.806,-7.644,0.0568,0.304,0.0201,0.105,0.941,121.918,4
Orgone,Nasty Hats,19,218226,0.745,0.82,-7.176,0.0449,0.0177,0.607,0.104,0.962,93.978,4
Lefties Soul Connection,It's Your Thing / Hey Pocky a-Way,19,302506,0.508,0.882,-4.505,0.121,0.0351,0.00264,0.178,0.842,170.223,4
Hugh Masekela;Black Coffee,Stimela (Coal Train) - Black Coffee Remix,17,452666,0.818,0.942,-8.364,0.0589,0.126,0.546,0.0665,0.735,123.015,4
Abayomy Afrobeat Orquestra,Obatalá,17,412300,0.577,0.773,-5.597,0.0525,0.0709,0.00663,0.071,0.469,93.111,4
Cymande,Losin' Ground,18,263400,0.77,0.3,-14.659,0.237,0.232,7.92E-05,0.104,0.707,93.169,4
The Dynamics,The Creator Has a Masterplan,18,293626,0.781,0.601,-7.788,0.0286,0.322,0.0028,0.0933,0.822,121.001,4
Los Amigos Invisibles,Arepa 3000,20,155173,0.661,0.877,-6.969,0.0326,0.0252,0.729,0.161,0.911,110.111,3
Jorge Drexler,El valle de las leñas amarillas,18,353946,0.794,0.4,-9.849,0.034,0.855,0.55,0.141,0.437,108.622,3
BaianaSystem;Mahal Pita,Playsom (Mahal Pita Remix),20,155853,0.696,0.686,-8.207,0.0653,0.00899,0.000956,0.116,0.477,128.102,4
Jor'dan Armstrong;Tim Bowman Jr.,Pull Me Through,19,242428,0.669,0.754,-4.809,0.0875,0.339,0,0.646,0.543,118.091,4
Ricardo Lemvo,Tata Masamba,18,284826,0.807,0.696,-8.106,0.0341,0.714,4.57E-06,0.247,0.931,91.029,4
The Bamboos,My Baby's Cheating - I Sure Got the Feeling,19,223280,0.716,0.947,-6.244,0.0761,0.0548,0.000769,0.345,0.805,101.628,4
Orgone,Karma Sutra,19,228173,0.651,0.949,-5.316,0.0497,0.019,0.85,0.11,0.963,98.336,4
Femi Kuti,Sorry Sorry - Old School Afro Dub,18,444159,0.763,0.871,-8.779,0.055,0.0238,0.14,0.438,0.618,101.199,4
BaianaSystem,Vinheta Baiana,19,82760,0.427,0.59,-12.379,0.0645,0.82,0.834,0.241,0.722,121.578,4
The Shaolin Afronauts,Baie de Sangareya,18,254106,0.605,0.74,-7.875,0.0385,0.0772,0.911,0.194,0.745,102.605,4
Newen Afrobeat,P.D.T.N. (Prostituto de Transnacional),18,402386,0.68,0.777,-5.853,0.0317,0.0808,0.522,0.161,0.425,105.052,3
Fela Kuti,Lady,18,828586,0.747,0.858,-8.081,0.0544,0.302,8.49E-05,0.115,0.536,106.693,4
Manoel Cordeiro,Cumbia da Simone,18,184832,0.721,0.777,-5.589,0.0362,0.504,0.85,0.128,0.782,114.014,4
Orlando Julius;The Heliocentrics,Love Thy Neighbour,19,258333,0.628,0.93,-6.005,0.088,0.00866,0.804,0.103,0.699,108.168,4
The New Mastersounds;Jeff Franca;Lamar Williams Jr.,Taking Me Down,20,281986,0.692,0.854,-8.608,0.0804,0.333,0.774,0.265,0.782,95.026,4
The Poets Of Rhythm,The Plan,18,186226,0.782,0.935,-5.135,0.0632,0.127,0.0184,0.17,0.853,123.248,4
Ondatrópica,Cumbia Espacial,20,244594,0.705,0.859,-9.539,0.0501,0.373,0.78,0.158,0.754,91.263,4
Metá Metá,Rainha das Cabeças,19,230739,0.359,0.953,-5.549,0.0773,0.299,5.97E-05,0.112,0.658,98.935,3
Jorge Drexler,Vaivén,19,170693,0.696,0.388,-9.831,0.0352,0.902,0.000169,0.154,0.539,155.018,3
Orquestra Brasileira de Música Jamaicana,Pagode Russo,19,146906,0.751,0.868,-4.753,0.032,0.708,0.587,0.116,0.985,150.052,4
William Onyeabor,Let's Fall in Love,18,439280,0.713,0.958,-4.755,0.0605,0.461,0.952,0.109,0.961,131.462,4
Plastilina Mosh,Pornoshop,21,211160,0.635,0.822,-7.123,0.0378,0.000989,0.114,0.247,0.601,103.05,4
Jackie Mittoo,Stereo Freeze,19,185506,0.679,0.648,-9.967,0.0424,0.000521,0.0273,0.0871,0.952,102.627,4
Kutiman;Dekel,My Everything,41,238577,0.594,0.552,-5.97,0.0254,0.105,0.000816,0.1,0.52,110.038,4
Limoblaze;Johnny Drille,This Loving,38,156831,0.564,0.483,-7.82,0.167,0.53,3.09E-06,0.0679,0.569,101.095,4
Manu Dibango,Coconut,44,131045,0.652,0.84,-7.198,0.0305,0.145,0.136,0.0468,0.955,113.623,4
La Cumbia Chicharra,¿ Quien Es ?,17,204360,0.79,0.647,-9.688,0.0475,0.602,0.862,0.0605,0.967,93.99,4
Limoblaze;Ada Ehi,Good God,37,215733,0.285,0.513,-7.324,0.0545,0.656,0,0.127,0.221,82.303,4
TJ Cream;First Fire;Marko,Everyday,17,188683,0.522,0.727,-5.118,0.0965,0.633,0,0.366,0.714,93.37,4
Rehmahz;Limoblaze,Victory,18,216868,0.672,0.437,-8.284,0.336,0.486,0,0.149,0.411,126.599,5
Elikem Kofi,Fever,17,200124,0.766,0.696,-7.859,0.128,0.0988,4.73E-05,0.557,0.521,107.977,4
Dos Santos,El Pescador,17,213186,0.562,0.722,-5.625,0.028,0.0132,0.897,0.114,0.887,100.747,4
Angeloh,What You Want,17,237918,0.77,0.584,-5.837,0.102,0.288,0,0.0926,0.669,114.96,4
Zé Bigode Orquestra,Tikulafe,17,295219,0.641,0.77,-8.25,0.0394,0.0631,0.549,0.108,0.643,121.956,4
Whitefield Brothers,Yakuba,18,194813,0.809,0.946,-4.464,0.0617,0.192,0.798,0.0577,0.911,90.73,4
Orquestra Voadora,Amor,18,197746,0.664,0.875,-4.688,0.139,0.0917,0.449,0.132,0.626,104.925,4
Menahan Street Band,Make the Road By Walking,51,183213,0.615,0.76,-8.393,0.0317,0.0186,0.053,0.0825,0.902,90.847,4
Limoblaze,Eledumare,17,200412,0.709,0.854,-5.016,0.247,0.492,0,0.11,0.816,103.018,4
Foli Griô Orquestra;Carlos Malta;Dofono de Omulu;Ekedi Nicinha,Awo,17,494532,0.594,0.716,-6.656,0.0472,0.217,0.0533,0.0539,0.931,133.407,4
Orgone,Do Your Thing,18,241200,0.586,0.702,-6.324,0.0482,0.553,0.00312,0.0943,0.69,143.434,4
Chief Checker,Africa Irie,17,342013,0.745,0.587,-8.101,0.163,0.0329,0.273,0.0922,0.86,131.977,4
Mandrill,I Refuse To Smile,18,247760,0.544,0.697,-7.36,0.0323,0.205,0.000121,0.193,0.654,87.557,4
Zé Bigode Orquestra,Vai C Bom,18,193887,0.615,0.874,-6.186,0.0531,0.176,1.66E-05,0.0536,0.389,189.944,4
Criolo,Ainda Há Tempo,18,318360,0.58,0.8,-7.528,0.345,0.281,0,0.0708,0.483,81.303,4
Gyedu-Blay Ambolley,Ketan,17,357074,0.644,0.823,-6.564,0.0518,0.145,0.194,0.12,0.508,104.967,4
Jor'dan Armstrong,WRONGS,18,192277,0.534,0.631,-8.067,0.119,0.272,0,0.0961,0.506,126.018,4
Lo'Jo;Vincent Ségal;Robert Wyatt,Tout est fragile,17,255735,0.66,0.57,-8.677,0.0612,0.473,0,0.0687,0.808,120.104,4
Ikebe Shakedown,Don't Contradict,17,236053,0.776,0.961,-5.986,0.0406,0.53,0.905,0.0897,0.942,136.005,4
Pat Kalla;Le Super Mojo,Président,17,347772,0.774,0.719,-8.976,0.0486,0.0181,0.128,0.0781,0.89,132.025,4
The Shaolin Afronauts,Sissoko,17,246106,0.705,0.547,-9.558,0.0391,0.025,0.807,0.0814,0.655,120.336,4
Ikebe Shakedown,Five Points,17,203760,0.511,0.678,-9.048,0.0775,0.0387,0.926,0.0543,0.83,82.041,4
Jor'dan Armstrong,Came Up,19,199876,0.72,0.441,-9.626,0.172,0.668,3.96E-05,0.116,0.309,96.01,4
Cymande,For Baby Ooh,18,137400,0.817,0.211,-16.785,0.136,0.948,2.62E-06,0.11,0.71,112.21,4
Samuca e a Selva,Coragem,17,268181,0.802,0.644,-6.115,0.0511,0.0866,2.38E-06,0.529,0.813,124.029,4
El Michels Affair,Yennicita - Alternate Version,18,184560,0.619,0.585,-11.715,0.106,0.00463,0.882,0.35,0.642,167.942,4
BaianaSystem,Lucro/Descomprimindo,19,246280,0.713,0.825,-5.44,0.0335,0.147,0.00095,0.212,0.68,100.04,4
The Mauskovic Dance Band,Tuto Bay,18,209805,0.716,0.511,-12.005,0.0792,0.00678,0.906,0.0633,0.929,133.028,4
Ernest Ranglin,Surfing,19,225133,0.793,0.436,-7.624,0.0666,0.132,0.0143,0.0651,0.821,142.011,4
Afrocidade,Caju,18,31824,0.343,0.472,-17.477,0.401,0.314,2.26E-06,0.866,0.764,93.945,3
Orchestra Baobab,Boulmamine,18,355933,0.649,0.618,-11.815,0.0418,0.737,0.163,0.098,0.752,139.307,4
The Bamboos,Tighten Up,18,230960,0.569,0.949,-4.694,0.0502,0.0224,0.862,0.0701,0.968,131.921,4
BaianaSystem;Claudia Manzo,Capucha,20,174680,0.737,0.934,-4.171,0.147,0.162,6.58E-05,0.233,0.614,104.965,4
Newen Afrobeat,Voráz,18,327493,0.679,0.774,-8.074,0.0467,0.218,0.183,0.087,0.932,145.009,4
BaianaSystem;ÀTTØØXXÁ,Calamatraca (ÀTTØØXXÁ Remix),19,182773,0.748,0.626,-6.909,0.212,0.0135,4.66E-05,0.0385,0.44,149.933,4
Breakestra,Back At The Boathouse,18,171704,0.763,0.925,-3.819,0.0406,0.0533,0.893,0.102,0.761,98.51,4
Newen Afrobeat,No Les Creeré,18,258662,0.746,0.829,-6.49,0.0603,0.153,4.90E-05,0.144,0.834,117.714,4
The Budos Band,Tomahawk,19,209213,0.514,0.85,-6.281,0.0371,0.00179,0.804,0.358,0.684,110.897,3
William Onyeabor,Atomic Bomb,17,480146,0.761,0.382,-8.703,0.035,0.0279,0.00676,0.0562,0.966,116.887,4
Los Amigos Invisibles,Esto Es Lo Que Hay,20,445727,0.589,0.789,-7.194,0.0697,0.496,0.00134,0.771,0.312,104.178,4
Plastilina Mosh,Jonaz Goes to Hollywood,21,244786,0.677,0.925,-5.607,0.343,0.178,6.78E-06,0.186,0.396,102.52,4
Jorge Drexler,Edén,18,177946,0.643,0.311,-12.188,0.0671,0.921,0.0477,0.111,0.773,137.278,4
Jorge Drexler,Equipaje,18,239360,0.785,0.393,-9.533,0.0429,0.928,0.218,0.0978,0.333,126.776,4
Hugh Masekela,Grazing In The Grass,19,156946,0.673,0.697,-6.953,0.0271,0.518,0.831,0.256,0.911,107.46,4
Eben;Nathaniel Bassey,No One Like You,40,317675,0.652,0.529,-5.761,0.0464,0.357,2.05E-05,0.235,0.488,129.861,4
Bacao Rhythm & Steel Band,PIMP,49,194972,0.672,0.858,-5.233,0.145,0.456,0.811,0.104,0.963,166.689,4
El Michels Affair;Piya Malik,Zaharila,31,221097,0.378,0.596,-6.61,0.0316,0.0788,0.000628,0.488,0.501,81.873,4
The Poets Of Rhythm,Plus Plus,17,306160,0.723,0.722,-7.085,0.0708,0.0218,0.686,0.219,0.604,95.558,4
Jor'dan Armstrong,Favor,18,277600,0.467,0.615,-6.037,0.0686,0.0881,0,0.194,0.45,142.076,4
Ocote Soul Sounds;Chico Mann;Quantic,A Pesar La Vida,18,197500,0.496,0.753,-6.673,0.139,0.0204,0.0547,0.363,0.456,99.876,4
Morbo y Mambo,442,17,354253,0.558,0.819,-4.246,0.0401,0.000621,0.921,0.0898,0.276,132.005,4
The Sorcerers,The People of the Forest,17,223619,0.86,0.548,-7.875,0.107,0.573,0.859,0.162,0.905,138.786,4
TJ Cream;Beloved Music,Wisdom Seeker,18,223529,0.825,0.68,-6.816,0.156,0.135,0,0.109,0.722,96.029,4
Manu Dibango,Groovy Flute,47,153097,0.678,0.845,-9.412,0.0392,0.791,0.782,0.0637,0.965,104.653,4
Marizu,Amazing,17,183946,0.508,0.483,-6.883,0.0418,0.639,0,0.0902,0.523,133.207,5
Nomade Orquestra,Samurai,17,358947,0.603,0.67,-8.638,0.0446,0.504,0.824,0.081,0.314,94.01,4
Ocote Soul Sounds,Coconut Rock,16,195952,0.796,0.904,-10.571,0.106,0.503,0.531,0.675,0.762,88.001,4
Sharyn;Triple O,Life,17,249102,0.666,0.565,-9.782,0.389,0.0722,0,0.104,0.263,180.071,4
La Misa Negra,Tierra,17,74520,0.629,0.577,-6.696,0.0412,0.0259,0.784,0.078,0.193,120.042,4
Maga Bo;BNegão,Tempos Insanos,18,123901,0.871,0.889,-7.84,0.394,0.0218,4.07E-05,0.336,0.557,99.926,4
Calle 13,A Limpiar El Sucio,20,253426,0.618,0.825,-6.014,0.29,0.484,0,0.139,0.896,79.439,4
The Poets Of Rhythm,The Jaunt,18,190680,0.739,0.58,-6.879,0.0669,0.173,0.811,0.0761,0.626,108.304,4
Bacao Rhythm & Steel Band,Touchdown,18,154624,0.81,0.621,-6.077,0.0472,0.0264,0.816,0.201,0.837,95.911,4
Metá Metá,Ossanyn,18,283308,0.454,0.636,-7.768,0.0314,0.271,0.824,0.108,0.455,138.448,4
Whitefield Brothers,Sol Walk,18,211226,0.7,0.933,-4.084,0.0605,0.166,0.195,0.0501,0.863,115.711,4
Jor'dan Armstrong,God Got Me,18,175856,0.787,0.726,-5.637,0.164,0.0719,0.00313,0.087,0.407,107.024,4
Ocote Soul Sounds,Agua Santa,16,247320,0.718,0.872,-5.572,0.0486,0.397,0.531,0.111,0.949,164.013,4
Voilaaa,Manu écoute ça...,17,270193,0.851,0.776,-6.162,0.0737,0.29,0.027,0.0371,0.907,118.019,4
The Sugarman 3,Sugar's Boogaloo,18,187933,0.62,0.559,-7.15,0.0311,0.661,0.577,0.0661,0.625,127.721,5
The Poets Of Rhythm,Guiding Resolution,17,214706,0.639,0.638,-8.087,0.0434,0.228,0.807,0.0931,0.936,101.687,4
Voilaaa,Jungle Fire,17,378020,0.81,0.612,-11.387,0.0571,0.156,0.925,0.22,0.598,116.803,4
The Mighty Imperials;Joseph Henry,"Soul Buster, Pt. 1",17,219760,0.601,0.968,-8.814,0.0426,0.0643,0.597,0.285,0.88,105.657,4
Romperayo,El Busetero Buscapleitos,17,260580,0.434,0.87,-7.957,0.0354,0.0146,0.78,0.225,0.898,124.228,4
El Michels Affair,Ocho Rios,18,155306,0.775,0.688,-7.105,0.0471,0.0791,0.847,0.129,0.529,94.62,4
Criolo,Mariô (Instrumental),16,218600,0.724,0.585,-6.768,0.0919,0.00692,0.8,0.1,0.516,89.933,4
Jackie Mittoo,Drum Ting,19,259917,0.735,0.637,-9.044,0.15,0.715,0.915,0.179,0.964,83.352,4
Jor'dan Armstrong,Friends,18,202277,0.742,0.668,-3.871,0.0313,0.0152,0,0.156,0.806,97.009,4
El Hijo De La Cumbia,Cumbia Regional,17,209711,0.576,0.887,-2.424,0.0325,0.00013,0.0642,0.165,0.592,109.957,4
Lack Of Afro;Emma Noble,Fires Glow,19,242940,0.633,0.681,-10.054,0.0343,0.38,0.016,0.665,0.622,110.004,4
Los Amigos Invisibles,Pipi,20,133920,0.631,0.609,-8.221,0.0656,0.000932,0.61,0.157,0.702,174.968,4
Juanafé;La Flor del Recuerdo,Mi Último Fracaso,18,265086,0.457,0.332,-10.365,0.0356,0.791,8.22E-06,0.102,0.305,164.096,3
Los Amigos Invisibles,Masturbation Session,20,293386,0.843,0.822,-6.455,0.0865,0.0221,0.0158,0.182,0.86,117.971,4
The New Mastersounds,Burnt Back,19,224095,0.537,0.903,-6.951,0.0503,0.452,0.852,0.126,0.843,111.801,4
BaianaSystem,Frevofoguete,18,206066,0.482,0.714,-8.796,0.0532,0.0127,0.903,0.107,0.656,155.103,4
Zé Bigode Orquestra;Guinu,Alfazema Y Guiné (feat. Guinu),17,118388,0.875,0.761,-5.556,0.0576,0.162,0,0.256,0.912,129.911,4
BaianaSystem;Thiago França,Reza Frevo,18,96766,0.451,0.983,-7.436,0.347,0.0909,0.982,0.107,0.378,161.108,4
Los Amigos Invisibles,Yo No Se,20,132284,0.56,0.822,-9.234,0.032,0.256,0.712,0.561,0.962,131.774,4
Calle 13,Electro Movimiento,19,196986,0.803,0.86,-6.522,0.135,0.0782,4.45E-05,0.128,0.534,109.966,4
Newen Afrobeat,Come y Calla,17,540346,0.795,0.857,-7.772,0.0492,0.526,0.457,0.0968,0.845,97.01,4
Ebo Taylor;Uhuru-Yenzu,Love and Death,18,499733,0.804,0.92,-7.478,0.0563,0.158,0.0797,0.0743,0.811,108.979,4
Plastilina Mosh,Tiki Fiesta,19,187173,0.768,0.688,-9.079,0.0431,0.103,0.73,0.113,0.4,125.112,4
Metá Metá,Man Feriman,18,460120,0.475,0.76,-6.128,0.0405,0.276,0.000137,0.367,0.359,109.977,4
Plastilina Mosh,Te Lo Juro Por Madonna (Si Omba Ta Gueno),19,181026,0.517,0.966,-5.724,0.0568,0.000439,0.0864,0.123,0.711,98.14,4
Los Amigos Invisibles,Mango Cool,19,174293,0.527,0.883,-6.799,0.0316,0.0204,0.755,0.0913,0.828,155.135,4
Kutiman,Mix Tel Aviv,36,277438,0.751,0.688,-8.023,0.0436,0.102,0.84,0.0799,0.403,120.96,4
Akalé Wubé,Mata,44,230853,0.569,0.496,-11.423,0.0674,0.393,0.924,0.11,0.808,82.822,4
TB1,Thank You,39,235826,0.775,0.808,-2.038,0.0465,0.113,0,0.0628,0.912,115.011,4
Louis Pascal,Life of Grace,34,205973,0.59,0.491,-9.304,0.233,0.0128,4.71E-05,0.143,0.253,193.616,4
Jungle Fire,Comencemos (Let's Start),44,152600,0.666,0.903,-6.462,0.0456,0.23,0.616,0.151,0.913,111.84,4
Oneness Of Juju,Breezin',17,329333,0.616,0.476,-11.388,0.0536,0.687,0.599,0.0991,0.862,80.318,4
Becca Folkes,He Turned It,17,243408,0.663,0.872,-5.162,0.0692,0.0221,8.37E-05,0.0806,0.585,97,4
Greyboy,Omega,19,64693,0.755,0.876,-8.079,0.0729,0.014,0.826,0.0641,0.894,108.383,4
Ikebe Shakedown,Rio Grande,46,230986,0.445,0.605,-7.509,0.0304,0.25,0.76,0.321,0.692,162.588,4
The Shaolin Afronauts,"Abyssinian Suite, Pt. 4",41,292228,0.526,0.762,-12.783,0.0401,0.0183,0.511,0.0664,0.867,110.086,4
TJ Cream;Ozoro,Haven`t You Heard?,17,189048,0.865,0.443,-11.879,0.414,0.148,0,0.0609,0.738,160.001,4
Jaron Nurse,Uncommon Girl,17,144065,0.908,0.631,-9.078,0.0543,0.128,0.000897,0.165,0.819,110.048,4
Maga Bo;Mestre Camaleão,É da Nossa Cor,17,195386,0.668,0.873,-3.887,0.0558,0.422,0,0.355,0.771,116.968,4
Victor Rice,The Demander,18,138817,0.678,0.785,-8.721,0.044,0.00941,0.811,0.17,0.995,141.557,4
Sharyn,Burn Brighter / Like I do,17,204661,0.855,0.662,-7.488,0.0618,0.33,0.00172,0.573,0.487,113.003,4
Jlyricz,Searching,16,190714,0.552,0.424,-6.649,0.0722,0.604,0,0.0849,0.596,204.128,3
Speedometer,Funky Amigo,17,203414,0.862,0.673,-9.92,0.0492,0.0568,0.796,0.0737,0.823,113.427,4
Jungle Fire,Culebro,16,234333,0.581,0.871,-7.66,0.042,0.00707,0.713,0.0724,0.91,118.497,4
Monomono,Give The Beggar A Chance,16,357266,0.548,0.721,-8.986,0.0386,0.503,0.00013,0.468,0.947,163.452,3
Eddie Neblett,100% Worship,17,216893,0.718,0.73,-11.053,0.512,0.447,0,0.0711,0.932,120.145,4
Tony Allen With Africa 70,Jealousy,17,683893,0.866,0.636,-12.801,0.134,0.222,0.558,0.131,0.859,99.615,4
Hugh Masekela,Been Such A Long Time Gone,18,239426,0.538,0.663,-9.609,0.0364,0.236,0.00175,0.084,0.699,106.814,4
Girma Bèyènè;Akalé Wubé,Bèmèlkesh Aydèlèm,18,568506,0.76,0.626,-12.927,0.0789,0.562,0.221,0.0804,0.857,99.991,4
Ikebe Shakedown,Sakonsa,16,152040,0.603,0.984,-6.256,0.0377,0.174,0.851,0.131,0.922,131.249,4
Jungle Fire,Village Hustle,16,240400,0.785,0.874,-8.122,0.0485,0.0782,0.816,0.0728,0.962,120.102,4
Niña Dioz;Shigeto,Nubes (feat. Shigeto),19,184991,0.891,0.855,-3.991,0.0922,0.0234,0.0215,0.0799,0.527,115,4
Ikebe Shakedown,The Viking,16,273280,0.732,0.967,-6.559,0.0514,0.332,0.882,0.0555,0.755,110.103,4
Tony Allen,Ewa,17,251146,0.692,0.884,-8.655,0.0632,0.0317,0.885,0.087,0.19,112.976,4
Geraldo Pino;The Heartbeats,Black Woman Experience - Mixed,17,170493,0.719,0.736,-12.658,0.0506,0.447,0.933,0.121,0.372,123.326,4
BaianaSystem;Bule Bule,Vixe,18,66866,0.535,0.636,-6.285,0.044,0.877,0.000381,0.227,0.526,111.069,4
Tony Allen;Ty,Woman To Man,17,287560,0.898,0.801,-7.586,0.0845,0.0105,0.000312,0.125,0.724,115.028,4
Mulatu Astatke,Hager Fiker,17,368546,0.677,0.684,-12.91,0.0504,0.953,0.884,0.0885,0.948,92.185,4
Tony Allen,Ise Nla,18,319533,0.774,0.907,-9.914,0.04,0.304,0.064,0.136,0.962,110,4
El Rego;Kill Emil,E Nan Mian Nuku,17,235102,0.753,0.877,-7.837,0.0434,0.00721,0.247,0.0695,0.866,97.985,4
Tony Allen,Tiger's Skip,17,231640,0.727,0.481,-10.002,0.0554,0.0266,0.821,0.094,0.451,147.327,4
BaianaSystem;Buguinha Dub;Antonio Carlos & Jocafi;Orquestra Afrosinfônica,Água (Adubada),18,206848,0.486,0.586,-8.539,0.032,0.638,0.59,0.966,0.393,96.954,4
William Onyeabor,When The Going Is Smooth & Good,17,773800,0.826,0.629,-6.158,0.0486,0.357,0.38,0.0967,0.54,128.164,4
The Budos Band,Smoke Gets In...,18,222906,0.513,0.347,-13.798,0.0293,0.000155,0.894,0.0895,0.279,107.468,4
Orchestra Baobab,Clementine Jam,18,300413,0.545,0.664,-8.202,0.0508,0.0655,0.0642,0.113,0.333,96.602,4
Los Amigos Invisibles,Que Rico,20,146076,0.556,0.75,-8.921,0.043,0.276,0.0793,0.455,0.715,130.915,4
Bixiga 70,Balboa Dub,17,264973,0.644,0.831,-8.835,0.0343,0.221,0.895,0.127,0.759,126.061,4
Samuca e a Selva,Vermelhos de Ciclos,16,242000,0.753,0.728,-6.071,0.0563,0.0159,0.0652,0.107,0.59,144.003,3
Los Amigos Invisibles,Como Sabes Tú,19,219226,0.5,0.926,-5.52,0.0398,0.000692,0.722,0.157,0.732,74.973,4
Jorge Drexler,Tatuaje,18,301413,0.532,0.571,-7.792,0.0282,0.6,0.0955,0.341,0.215,79.529,4
Samuca e a Selva,Amor de Índio,17,275149,0.57,0.386,-13.635,0.121,0.646,8.95E-05,0.18,0.316,150.141,3
Hugh Masekela,Marketplace,18,331040,0.696,0.249,-17.176,0.0559,0.678,1.56E-05,0.472,0.558,92.286,4
Hugh Masekela,Chileshe,17,378893,0.656,0.85,-3.685,0.0317,0.415,0.000192,0.207,0.443,88.955,4
Mulatu Astatke;The Heliocentrics,Chinese New Year,17,226400,0.57,0.698,-10.008,0.0348,0.224,0.857,0.153,0.715,116.416,5
Antibalas,Talkatif,16,576133,0.695,0.942,-6.379,0.0774,0.206,0.301,0.298,0.851,136.029,4
Plastilina Mosh,Savage Sucker Boy Featuring Pocahontas Freaky Groove,19,212893,0.324,0.826,-8.127,0.144,0.00703,7.85E-06,0.682,0.588,128.375,4
Lara George,Dansaki,39,324572,0.701,0.94,-2.963,0.0497,0.0619,0.0288,0.0962,0.945,139.497,3
The Dynamics,Move on Up,48,292571,0.845,0.769,-7.838,0.036,0.146,0.355,0.0917,0.969,145.985,4
El Michels Affair,Ala Vida,42,232357,0.647,0.386,-10.388,0.0571,0.67,0.906,0.146,0.491,80.833,4
Jorge Drexler,La edad del cielo,56,219493,0.668,0.261,-13.003,0.0405,0.588,0.000391,0.116,0.282,147.446,4
Nomo,Discontinued,16,482786,0.394,0.73,-8.74,0.0679,0.0437,0.854,0.179,0.795,85.866,4
The Budos Band,T.I.B.W.F.,52,160600,0.674,0.607,-7.76,0.057,0.0124,0.87,0.147,0.712,77.845,4
A Mose,Faraway,16,171702,0.701,0.739,-5.209,0.0585,0.0855,0.00369,0.0887,0.247,100.981,4
Girma Bèyènè;Akalé Wubé,Enkèn Yèlélèbesh,45,238440,0.74,0.492,-8.72,0.0366,0.589,0.000796,0.119,0.893,128.648,4
Buyepongo,Cantarito,17,324986,0.571,0.783,-7.893,0.0561,0.317,0.579,0.131,0.866,121.39,4
J Prince,Must Reach,17,184800,0.808,0.778,-4.791,0.0807,0.198,0,0.101,0.613,100.009,4
Calle 13,El Avión Se Cae,19,257693,0.759,0.78,-8.007,0.0385,0.0024,0.0506,0.321,0.51,125.05,4
Assagai,Telephone Girl,17,214533,0.604,0.52,-12.658,0.08,0.0758,7.95E-05,0.089,0.966,102.502,4
Bacao Rhythm & Steel Band,Represent,17,199398,0.717,0.513,-7.916,0.0337,0.00956,0.813,0.112,0.79,92.968,4
Morbo y Mambo,Chori 95,17,251453,0.472,0.821,-6.471,0.0415,0.000143,0.792,0.121,0.519,95.93,4
J Prince,Blood,17,216442,0.85,0.902,-5.441,0.257,0.13,1.73E-05,0.0867,0.836,127.968,4
Bacao Rhythm & Steel Band,Tender Trap,17,213631,0.69,0.707,-3.826,0.0986,0.16,0.773,0.0373,0.746,94.275,4
Lack Of Afro,The Outsider,49,227346,0.681,0.838,-6.538,0.0797,0.0874,0.49,0.348,0.456,112.608,4
Voilaaa;Rama Traore,Tu Mens Devant Moi,17,247255,0.817,0.601,-11.881,0.0424,0.0685,0.00666,0.0719,0.847,129.971,4
Orgone,Sweet Feet,18,229633,0.766,0.722,-7.949,0.0549,0.0335,1.01E-05,0.0791,0.842,122.369,4
Voilaaa;Lass;JKriv,Ku La Foon - JKriv Remix,16,398280,0.811,0.598,-11.6,0.0634,0.0561,0.268,0.0476,0.86,119.998,4
The Funkees,Akula Owu Onyeara,39,448914,0.701,0.702,-10.323,0.122,0.525,0.0486,0.235,0.885,110.721,4
Los Pirañas,Puerta del sol,16,270090,0.573,0.856,-7.321,0.0392,0.0736,0.79,0.0889,0.929,103.748,4
Ebo Taylor;Pat Thomas;Henrik Schwarz,Eye Nyam Nam 'A' Mensuro - Henrik Schwarz Blend,49,563866,0.761,0.626,-12.634,0.0421,0.0172,0.634,0.0879,0.715,124.024,4
Voilaaa;Pat Kalla,Faut Pas Dire Des Choses Comme Ça,16,275162,0.738,0.717,-13.001,0.391,0.473,1.39E-05,0.21,0.936,134.668,4
Buena Onda Reggae Club,Song for Rollins,16,219346,0.841,0.577,-7.544,0.0438,0.238,0.86,0.0571,0.843,90.522,4
Timoneki,Donde Vas,16,271457,0.564,0.62,-7.976,0.0399,0.0443,0.0133,0.0798,0.487,180.008,4
The Daktaris,Upside Down,16,254920,0.66,0.807,-8.557,0.0531,0.103,0.662,0.0688,0.754,113.893,4
Brownout;Brown Sabbath;Alex Maas,Hand of Doom,17,463991,0.379,0.543,-8.478,0.0445,0.0418,0.000456,0.109,0.377,146.446,4
Nomade Orquestra;Edgar,Constante Mesmice,16,307493,0.743,0.643,-6.578,0.0434,0.0462,0.0775,0.0694,0.591,128.029,4
Eddie Neblett,Stepping Out,17,256391,0.75,0.705,-9.782,0.101,0.198,1.13E-06,0.0862,0.815,119.898,4
Vaudou Game,Tata fatiguée,17,223350,0.76,0.667,-6.134,0.0536,0.306,0.000189,0.089,0.946,109.774,4
La Misa Negra,Vení Pa’ Ca,16,219466,0.646,0.486,-6.628,0.0539,0.00135,0.000892,0.68,0.931,160.104,4
Lack Of Afro,Beautiful Here,17,232546,0.833,0.675,-9.076,0.0413,0.0493,0.822,0.1,0.442,110.865,4
Plastilina Mosh,Nordic Laser,17,141333,0.364,0.977,-4.196,0.0649,0.000498,0.896,0.12,0.293,147.087,4
Lack Of Afro;Camila Recchio;Wax,You Could Do Better,18,159975,0.701,0.704,-5.541,0.0335,0.115,8.85E-06,0.0402,0.71,96.067,4
Calle 13,Cabe-c-o,19,213253,0.733,0.732,-5.761,0.277,0.447,0,0.122,0.777,91.928,4
Manu Dibango,Soul Saxes Meeting,17,178428,0.636,0.826,-7.486,0.0585,0.461,0.271,0.141,0.731,102.809,4
Jor'dan Armstrong;DIXSON,No Way (feat. Darius Scott),18,314315,0.481,0.596,-8.075,0.0431,0.0864,0,0.377,0.348,99.96,4
Ebo Taylor,Mind Your Own Business,18,313866,0.622,0.907,-9.021,0.047,0.0381,0.0902,0.0819,0.825,125.77,4
Lafayette Afro Rock Band,I Love Music - Remastered,17,430986,0.512,0.851,-6.583,0.0301,0.000473,0.922,0.056,0.73,132.212,4
The Poets Of Rhythm,It Came Over Me,17,208933,0.438,0.393,-8.877,0.0276,0.41,5.59E-05,0.312,0.533,60.587,4
Jorge Drexler,Radar,18,247586,0.575,0.771,-5.977,0.0395,0.199,0.00019,0.0882,0.696,77.394,4
Jor'dan Armstrong,Reverse Effect,17,306372,0.704,0.486,-7.189,0.193,0.36,0,0.0915,0.415,139.957,4
Mulatu Astatke,I Faram Gami I Faram - taken from Mulatu Steps Ahead,17,333400,0.538,0.593,-7.798,0.0388,0.871,0.878,0.0596,0.741,86.564,4
Orgone,It's What You Do,17,374853,0.746,0.811,-9.713,0.035,0.157,0.814,0.0703,0.914,109.133,4
Samuca e a Selva,Sincronia,16,212683,0.791,0.546,-8.81,0.0436,0.034,0.0211,0.0464,0.843,100.064,4
Mulatu Astatke;The Heliocentrics,Live From Tigre Lounge,17,174053,0.656,0.809,-8.175,0.073,0.000881,0.886,0.105,0.872,132.404,4
Jorge Drexler,Bienvenida,18,297973,0.789,0.532,-8.555,0.0459,0.54,0.159,0.107,0.904,112.732,4
Jorge Drexler,No te creas,17,231893,0.623,0.803,-5.523,0.0327,0.438,4.58E-05,0.165,0.645,126.61,4
Los Amigos Invisibles,Quiero Desintegrar a Tu Novio,19,206400,0.778,0.739,-5.56,0.0628,0.294,0.000187,0.218,0.923,107.967,4
Ali Farka Touré;Toumani Diabaté,Kana Kassy,8,250013,0.583,0.44,-8.75,0.0313,0.803,0.813,0.105,0.594,101.799,4
Bola Johnson,Lagos Sisi,44,203040,0.718,0.626,-9.049,0.0604,0.147,0.00207,0.0994,0.662,107.288,4
Fela Kuti;Afrika 70,Expensive Shit,36,793200,0.612,0.876,-7.668,0.11,0.22,0.399,0.0863,0.677,123.866,4
Azarel;Leor,Who Am I (Psalm 8:4),16,182608,0.733,0.342,-15.834,0.284,0.102,0.00699,0.146,0.484,184.058,4
The Bamboos;Washington,The Wilhelm Scream,47,268040,0.565,0.621,-5.62,0.0264,0.00773,0.0324,0.257,0.403,150.036,4
Edem Evangelist,Knocking on Your Door,16,194403,0.696,0.769,-4.457,0.0433,0.553,0.16,0.325,0.896,98.031,4
Nkumba System;Mamani Keïta,Paisano,16,238201,0.66,0.717,-10.441,0.0559,0.407,4.44E-05,0.0536,0.964,165.259,3
Menahan Street Band,Home Again,52,202240,0.587,0.732,-8.097,0.0317,0.055,0.924,0.247,0.747,96.848,4
Chico Mann;Captain Planet,Ariwoko,16,249451,0.72,0.837,-5.98,0.0504,0.168,0.0629,0.124,0.922,81.997,4
Rehmahz;Oba Reengy,Manasseh,16,151354,0.631,0.602,-10.398,0.0451,0.486,0.177,0.601,0.25,102.08,4
Tony Allen;Damon Albarn;Ty,Every Season,46,247306,0.751,0.735,-6.358,0.0775,0.0626,3.05E-05,0.052,0.721,163.852,4
Jlyricz,Enjoyment,15,181900,0.803,0.41,-7.662,0.0886,0.252,9.94E-05,0.122,0.678,90.006,4
Jungle Fire,Quémalo,16,220986,0.574,0.893,-6.784,0.0668,0.077,0.895,0.192,0.504,95.437,4
Becca Folkes,Grateful,16,252029,0.74,0.835,-5.857,0.0518,0.00098,0.0789,0.0616,0.862,119.975,4
Timoneki,Alma,17,259353,0.522,0.62,-8.016,0.0649,0.0564,2.47E-05,0.217,0.19,139.837,4
cacique'97,Jorge de Capadócia,16,355946,0.78,0.818,-8.631,0.0511,0.19,0.00634,0.174,0.934,114.989,4
Jaron Nurse,Keep It Clean,16,225071,0.56,0.644,-5.826,0.131,0.515,0,0.116,0.875,82.505,4
Vaudou Game,Locataire,16,223480,0.743,0.872,-9.258,0.0438,0.195,0.834,0.112,0.89,118.904,4
Grupo Fantasma,Gimme Some,16,297346,0.736,0.976,-6.19,0.0487,0.261,0.531,0.596,0.95,128.019,4
Joshua Ali,Blanket,18,213804,0.851,0.865,-5.779,0.138,0.232,0,0.182,0.957,99.972,4
Mandrill,Happy Beat,17,318160,0.767,0.823,-7.006,0.0764,0.138,0.000522,0.123,0.812,107.857,4
Grupo Fantasma,El Sabio Soy Yo,16,235760,0.675,0.731,-6.186,0.0368,0.247,6.17E-06,0.571,0.897,95.1,4
São Paulo Ska Jazz;Zem Audu,Skaramouche,17,201560,0.692,0.917,-5.15,0.124,0.0379,0.82,0.134,0.394,101.821,4
Dele Ojo,Bouncing Bona,16,180320,0.711,0.776,-5.148,0.184,0.477,0.501,0.0593,0.842,116.388,4
Brownout;Brown Sabbath,Snowblind,17,375112,0.438,0.737,-6.648,0.0335,0.00038,0.00358,0.339,0.402,113.957,4
Buena Onda Reggae Club,Song for Rollins,16,219346,0.841,0.577,-7.544,0.0438,0.238,0.86,0.0571,0.843,90.522,4
The Polyversal Souls;Sir Frank Karikari,Odo Agye Gye Me,16,217652,0.813,0.693,-7.32,0.281,0.162,2.61E-05,0.168,0.854,114.206,4
The Mauskovic Dance Band,Analog Fruit,17,193900,0.605,0.749,-9.748,0.0432,0.419,0.0712,0.2,0.964,143.065,4
Höröyá,Mansa Fela,15,344410,0.746,0.881,-6.687,0.135,0.0335,0.694,0.329,0.586,130.988,4
Ikebe Shakedown,Not Another Drop (Reprise),16,82400,0.729,0.752,-12.385,0.0409,0.00632,0.884,0.0594,0.939,105.512,4
Africania,Cachoeira,16,348066,0.698,0.707,-10.331,0.0551,0.516,0.733,0.316,0.636,99.009,4
Orquestra Voadora,Expensive Shit,17,327066,0.833,0.727,-7.346,0.0806,0.324,0.667,0.0575,0.657,123.028,4
Tony Allen,African Man,17,303133,0.692,0.98,-4.335,0.0776,0.106,0.795,0.285,0.686,114.956,4
A Mose;Marizu,Follow me,17,201069,0.506,0.621,-9.928,0.0623,0.326,0.000928,0.0977,0.761,97.109,4
Criolo,Freguês da Meia Noite (Instrumental),15,251346,0.538,0.379,-10.031,0.035,0.222,0.774,0.111,0.533,175.949,4
Tony Allen;T$unami811,Très magnifique,17,203120,0.725,0.875,-7.267,0.276,0.0513,0.227,0.0923,0.725,155.057,4
Juanafé;Los Celestinos,Fiesta,17,220781,0.586,0.754,-8.357,0.108,0.284,0,0.951,0.814,156.831,3
The Bamboos;Kylie Auldist,What I Know,17,247693,0.747,0.77,-5.169,0.0525,0.029,5.96E-05,0.149,0.86,97.99,4
Plastilina Mosh,Graceland,18,217333,0.627,0.856,-8.674,0.0326,0.0203,0.911,0.872,0.777,96.963,4
Orchestra Baobab,Cabral,17,507053,0.657,0.419,-5.986,0.0595,0.139,0.139,0.0767,0.602,166.588,3
Jorge Drexler,Veneno,17,203733,0.535,0.344,-10.61,0.0337,0.816,0.000192,0.34,0.275,152.381,4
Plastilina Mosh,Millionaire,19,210746,0.815,0.757,-7.126,0.122,0.0776,0.251,0.0626,0.891,93.571,4
Wganda Kenya,Yoro,17,224426,0.797,0.69,-7.565,0.0511,0.0805,0.00972,0.0613,0.705,114.097,4
Jackie Mittoo,Drum Song,18,264133,0.694,0.412,-12.59,0.0371,0.166,0.818,0.0835,0.623,95.805,4
Ondatrópica,Ska Fuentes,17,261950,0.685,0.811,-5.319,0.0422,0.674,0.919,0.122,0.953,122.915,4
Jackie Mittoo,Hot Tamale,18,143773,0.684,0.399,-8.089,0.117,0.233,0.52,0.047,0.754,92.906,4
Orquestra Brasileira de Música Jamaicana,Tico-Tico no Fubá,17,246893,0.832,0.724,-5.64,0.05,0.704,0.384,0.146,0.954,131.949,4
Los Amigos Invisibles,Voltaren's Dream,18,268600,0.698,0.765,-8.764,0.0303,0.0888,0.825,0.0906,0.332,100.012,4
Calle 13;Rubén Blades;La Chilinga,La Perla (feat. Rubén Blades & La Chilinga),18,416133,0.735,0.681,-7.757,0.316,0.673,0,0.0584,0.968,90.003,4
Wganda Kenya,El Caterete,17,254720,0.55,0.921,-6.961,0.0496,0.377,2.37E-05,0.312,0.76,117.833,4
Monophonics;Kelly Finnigan,It's Only Us,48,298973,0.477,0.615,-6.504,0.026,0.482,0.0308,0.644,0.472,86.472,4
Whitefield Brothers,Safari Strut,46,199572,0.677,0.862,-5.016,0.0536,0.416,0.859,0.0967,0.902,109.965,4
Monophonics,La La La Love Me,47,200600,0.546,0.54,-5.879,0.0288,0.0292,0,0.11,0.453,87.967,3
Gil Joe,Thanksgiving,17,173531,0.771,0.809,-5.36,0.048,0.214,0,0.0631,0.873,101.066,4
Monomono,Tire Loma Da Nigbehin,16,286480,0.598,0.576,-9.442,0.0551,0.767,0.00182,0.128,0.494,107.997,4
Kutiman;Elif Çağlar,Remotely Close: Silkyway,16,230998,0.755,0.612,-9.645,0.0405,0.0203,0.258,0.118,0.645,110.019,4
Greyboy;Bing Ji Ling,So Good,18,190786,0.808,0.364,-10.472,0.103,0.0363,0.000203,0.0656,0.692,87.07,4
Menahan Street Band;Saundra Williams,There's a New Day Coming,17,143120,0.382,0.507,-8.179,0.0323,0.787,0.0124,0.235,0.494,135.787,4
El Michels Affair,Blind Love,16,177173,0.584,0.629,-12.071,0.0429,0.0148,0.109,0.241,0.519,150.745,4
Jor'dan Armstrong,IN,17,168209,0.664,0.622,-5.619,0.0475,0.249,0,0.115,0.282,79.972,4
J Prince,Good oh,16,225388,0.83,0.842,-4.391,0.139,0.136,0.00397,0.0614,0.768,118.023,4
Marizu,I Am,16,184800,0.631,0.764,-4.298,0.0364,0.818,0,0.203,0.764,100.056,4
El Rego,Djobime,15,155786,0.532,0.56,-8.493,0.177,0.0098,0.02,0.101,0.827,142.651,4
Bacao Rhythm & Steel Band,Look Out Baby (Here I Come) (Bonus Track),16,142353,0.64,0.984,-7.348,0.0556,0.123,0.705,0.107,0.775,113.508,4
The Daktaris,Voodoo Soul Stew,16,267360,0.822,0.68,-6.997,0.211,0.441,0.0513,0.0645,0.965,100.244,4
Ikebe Shakedown,The Ally,16,189240,0.641,0.57,-8.242,0.0285,0.0997,0.911,0.0721,0.81,107.927,4
The Souljazz Orchestra,Agbara,16,301986,0.683,0.923,-6.454,0.0491,0.204,0.834,0.334,0.892,120.004,4
Lafayette Afro Rock Band,Baba Hya - Remastered,16,329365,0.436,0.915,-5.147,0.151,0.405,0.88,0.0748,0.776,88.39,4
The Sorcerers,Beneath the City of the Monkey God,16,244440,0.63,0.198,-8.782,0.0338,0.397,0.852,0.0894,0.342,60.402,4
Lack Of Afro;Elliott Cole,Back to the Day,18,189296,0.712,0.604,-7.726,0.0854,0.375,0,0.0534,0.874,97.938,4
Lack Of Afro;Herbal T,One World,17,235974,0.677,0.746,-10.734,0.127,0.171,9.93E-06,0.101,0.71,97.075,4
Bacao Rhythm & Steel Band,Getting Nasty,16,177952,0.622,0.551,-8.458,0.0388,0.135,0.814,0.0804,0.661,95.124,4
Niña Dioz;Ceci Bastida;Lido Pimienta,Tambalea (feat. Lido Pimienta & Ceci Bastida),19,241966,0.791,0.575,-5.222,0.0877,0.171,0,0.101,0.661,135.958,4
Gilles Peterson's Havana Cultura Band,Me Queda Voz,16,206040,0.77,0.799,-5.728,0.168,0.0628,0,0.0733,0.689,86.964,4
Manu Dibango,Tropical Garden,16,502693,0.615,0.397,-17.526,0.0859,0.301,0.886,0.0277,0.916,169,4
Vaudou Game,Chérie Nye,16,270173,0.748,0.808,-6.1,0.0311,0.501,0.364,0.0848,0.974,142.363,4
Manu Dibango,Ba-Kuba,16,233002,0.535,0.658,-8.559,0.0316,0.235,0.806,0.248,0.911,107.382,4
La Misa Negra,Me Voy Pa’ Porce,16,246226,0.605,0.732,-6.681,0.0737,0.0186,1.65E-06,0.051,0.793,178.022,4
Vaudou Game,Elle décide,16,222493,0.772,0.857,-6.858,0.0389,0.462,0.0102,0.076,0.977,111.367,4
Speedometer;Ria Currie,You've Made Me So Very Happy featuring Ria Currie,17,236013,0.678,0.71,-6.068,0.039,0.0262,2.53E-06,0.119,0.897,99.136,4
Fela Kuti,Shuffering and Shmiling,16,745386,0.825,0.837,-6.752,0.0989,0.315,0.00014,0.0604,0.495,123.02,4
William Onyeabor,Better Change Your Mind - Mixed,16,153306,0.803,0.67,-9.929,0.0738,0.123,0.00629,0.331,0.87,117.457,4
The Souljazz Orchestra,Tambour à deux peaux,16,238805,0.719,0.828,-7.509,0.0364,0.0935,0.152,0.149,0.96,104.036,4
Los Amigos Invisibles,Cara E' Pasmao',19,202346,0.715,0.925,-3.932,0.0316,0.0155,0.0779,0.158,0.898,103.006,4
The New Mastersounds,Freckles,50,223600,0.787,0.834,-6.16,0.0311,0.145,0.802,0.0929,0.961,113.337,4
BaianaSystem;Buguinha Dub;Orquestra Afrosinfônica,Fogo (Adubado),17,130602,0.67,0.632,-7.291,0.0282,0.0559,0.881,0.28,0.589,94.031,4
Meridian Brothers,"Yo Soy Tu Padre, Yo Te Fabriqué",16,319213,0.645,0.551,-10.301,0.103,0.594,0.00532,0.0746,0.774,96.225,4
Los Amigos Invisibles,Goldmember,18,57786,0.583,0.954,-4.263,0.0426,0.0007,0.839,0.349,0.689,133.959,4
Plastilina Mosh,International Stereo (Bassass),19,175560,0.663,0.895,-7.837,0.0498,0.000249,0.121,0.181,0.9,133.704,4
Manu Dibango,Soul Fiesta,16,128985,0.58,0.984,-5.592,0.0384,0.367,0.751,0.115,0.5,136.671,4
Jor'dan Armstrong,No Nah,17,232610,0.757,0.673,-6.553,0.0372,0.0213,0,0.284,0.639,100.024,4
Manu Dibango;Cuarteto Patria,Yerberito,16,298293,0.697,0.723,-6.606,0.0303,0.198,0.00058,0.0807,0.895,124.604,4
William Onyeabor,The Moon and the Sun,16,560280,0.615,0.838,-6.449,0.0546,0.275,0.00465,0.115,0.85,145.961,3
Los Amigos Invisibles,Cuchi-cuchi,19,321541,0.566,0.778,-7.04,0.058,0.362,0.101,0.985,0.362,125.423,4
The New Mastersounds,Cigar Time,18,413480,0.601,0.616,-10.865,0.0322,0.677,0.831,0.117,0.798,112.775,4
Los Amigos Invisibles,Dame el Mambo,19,268580,0.74,0.866,-5.414,0.0622,0.00709,0.0512,0.0831,0.797,119.98,4
Antibalas,Hypocrite,16,306106,0.7,0.94,-6.782,0.0554,0.476,0.841,0.106,0.828,114.15,4
Meridian Brothers,La Gitana Me Ha Dejado - Salsa Electrónica,16,405653,0.762,0.512,-8.633,0.239,0.772,0.00183,0.183,0.576,96.428,4
Los Amigos Invisibles,Reino Animal,19,238373,0.733,0.862,-5.813,0.0604,0.287,0.000532,0.466,0.745,107.981,4
Los Amigos Invisibles,Hopeless Romance,19,252853,0.691,0.921,-4.138,0.0403,0.0753,0.0794,0.0514,0.597,116.001,4
