name,ease of  business,education expedenture (% of gdp),gdp,health expedenture (% of gdp),industry % of GDP,Inflation Rate,Service % of economy,Uenmployment,GDP Per Capita,Populatoin Density,agriculture (% of gdp)
Afghanistan,40.717968,13.67010111,14151970481,10.90257973,20.49490898,6.124619936,48.30275328,8.804142857,344.0893111,62.9978418,27.50112665
Albania,64.76366,11.67296846,18882095518,6.093392246,21.43325105,6.725202715,47.29261504,11.808,6802.804519,96.5437913,18.62803245
Algeria,46.736176,15.35461712,1.91913E+11,5.03545021,42.29743377,9.265515516,42.20155105,11.55,4273.922183,18.85311563,11.38408397
American Samoa,0,0,601100000,0,0,0,0,0,13577.12375,221.365,0
Andorra,0,10.63990803,3352032737,6.521148341,11.92156863,0,78.13960784,0,41992.79336,169.8382979,0.495686275
Angola,39.344634,6.640471935,1.06714E+11,2.956530186,44.87639955,45.99352955,41.5760078,10.209,2998.501158,28.5465525,13.64910946
Antigua and Barbuda,59.596168,10.29309654,1757603704,5.06586881,21.30299461,7.531078346,65.58298019,0,18745.17351,213.0977273,1.85732679
Argentina,57.686538,14.63031242,6.3277E+11,8.83831249,23.4032965,0,53.02244929,6.491,13686.00867,16.62884117,6.444169171
Armenia,71.79071,11.39057098,19502783988,8.299488044,25.56104473,8.64091109,55.27343253,12.557,7014.206592,93.49256893,10.36437471
Aruba,0,20.61175957,2618521874,0,13.32319599,2.355868969,77.6369467,0,24599.76395,591.3611111,0.019014827
Australia,80.657646,13.5487594,1.67542E+12,8.83534511,27.87599754,6.594096713,62.42794118,3.661,64491.42989,3.355922581,3.172688693
Austria,78.773098,10.56043057,4.714E+11,10.11081457,26.17703858,8.546869932,62.11085513,4.707,52131.44666,107.8044326,1.307900075
Azerbaijan,69.973916,13.00018597,78721058824,3.006628736,55.93614983,13.85225901,32.19670646,5.462,7736.701232,117.4944111,4.764552127
Bahamas,58.387126,9.911515236,12897400000,5.069233031,8.24197125,5.605406336,79.39507187,10.056,31458.30081,29.53775216,0.572983702
Bahrain,70.123204,9.295536041,44390820479,3.953291239,47.8868999,3.625741043,47.93511226,1.399,30152.03468,1949.977483,0.257617475
Bangladesh,42.200396,11.91945839,4.60201E+11,2.57941362,33.9200805,7.696954372,51.03808268,4.699,2688.30395,1155.17165,11.21760104
Barbados,57.738316,15.54376221,5637914515,6.653863157,14.19367087,3.665280265,72.61489461,8.203,20018.51515,654.9651163,1.491158432
Belarus,72.714854,12.28588289,72793457588,5.644072306,33.18684879,15.20967527,48.27615037,4.17,7904.856243,44.35780288,7.708466145
Belgium,73.350558,11.85320432,5.78604E+11,9.87331245,20.72203389,9.597511729,68.25745164,5.631,49582.82536,382.2288241,0.659979813
Belize,55.354768,20.33755934,2824081836,5.382367565,15.87174207,1.33441566,59.22167937,9.687,6968.361585,17.64353505,7.599203649
Benin,50.81442,18.95328863,17401746309,2.857870239,17.01771681,1.350778636,46.89366165,1.654,1303.222014,116.354688,26.89644607
Bermuda,0,13.5179739,7550500000,0,7.049556922,0,90.17597327,0,118845.6211,38.09525441,0.43679512
Bhutan,65.512594,19.65393448,1510240200,3.907508997,40.06288577,5.639166714,38.30985635,3.604,1930.130422,20.21116392,17.68214985
Bolivia,50.835038,10.79161167,43068885673,5.557799748,27.02024674,1.746328729,46.75256955,4.419,3523.273733,11.12719147,11.52585739 
Bosnia and Herzegovina,65.005126,0,24527507288,8.991118522,25.21484826,14.02084408,53.73739144,14.053,7585.375002,63.14247217,4.712026053
Botswana,65.840802,18.92718845,20352322157,6.0189694,37.40124703,11.66556748,55.87295098,20.684,7737.654681,4.521506541,1.75881605
Brazil,56.827378,13.93618513,1.9201E+12,8.551063401,20.69762288,9.28010609,58.90998713,9.461,8917.673898,25.28409034,6.813181971
British Virgin Islands,0,14.32960224,0,0,0,0,0,0,0,208.7,0
Brunei Darussalam,65.537696,9.092996756,16681531646,2.247440662,67.92558548,3.682250306,32.52018254,7.203,37152.46624,77.81663778,1.096160297
Bulgaria,71.905592,10.81604853,89040398406,7.055295037,25.98597663,15.32525893,57.66068355,4.402,13772.47679,58.2451166,4.399447355
Burkina Faso,51.078568,21.95809746,18884619613,4.707103626,29.326267,14.29023543,40.91507779,5.175,832.8842657,82.68456714,20.40003439
Burundi,46.08327,20.63708305,3073414678,8.01927771,10.63778776,18.80087867,45.37360224,1.02,238.4418757,463.1540065,27.56671378 
Cabo Verde,53.973364,16.83806048,2314816792,4.713205077,16.80371244,1.578136483,56.67193332,13.57,3902.589049,147.1833747,3.688399698 
Cambodia,53.412624,12.71592726,29956769529,6.709669045,37.66749798,5.343702649,33.7353716,0.361,1786.560819,92.61954264,21.8692571
Cameroon,44.163128,12.57048321,44341646509,3.734955993,25.48003175,6.247677133,50.40849747,4.001,1588.478723,58.71305738,16.97843573
Canada,79.583546,12.08251174,2.13984E+12,10.15030857,26.86492749,6.802801153,64.60101441,5.209,54966.48884,3.940373188,1.823739108
Cayman Islands,0,12.52846432,4816765171,0,7.769469366,0.464618514,86.37678784,0,70106.90727,260.25,0.35215299
Central African Republic,33.344162,10.74205208,2382618615,5.212237369,19.04383597,5.583167352,40.56480868,6.363,427.0580963,8.955574818,29.33289326
Chad,36.086084,16.72261047,12704149842,4.777763174,49.46039202,5.788026878,26.19852754,1.412,716.8043812,13.80320483,22.59510249
Chile,71.9217,18.50933878,3.01025E+11,7.612986912,31.96952421,11.64386671,54.25886253,7.784,15355.5065,25.92264088,3.544385695
China,68.171342,11.9946636,1.79632E+13,4.553863559,39.92411382,1.973575557,52.77588829,4.886,12720.21564,147.1015053,7.299997885\
Colombia,69.272522,14.71510142,3.43939E+11,6.866690068,26.73398656,10.17723135,54.80478959,10.726,6630.282726,45.43594139,8.289409737
Comoros,46.875728,19.03499413,1242519407,5.578752291,9.080239623,3.191998997,50.24662771,8.811,1484.892465,449.6367544,36.41219601
Congo, Dem. Rep.,34.951698,18.40802383,58065953573,3.763110104,48.64819111,60.67470843,31.48239199,4.987,586.4642889,42.22435966,17.4404984
Congo, Rep.,38.598066,16.63486671,14615532210,2.146302774,36.24687109,3.043443347,48.48619768,21.795,2447.988989,17.45738012,8.531247463
Costa Rica,68.544866,22.40687857,68380838316,7.287283898,20.82867648,8.274774902,67.01520644,11.453,13198.82172,101.3860861,4.02189404
Cote d'Ivoire,54.661344,13.60931969,70018715017,4.431473311,21.98100708,5.276167243,53.69625854,2.637,2486.412194,87.33034175,16.71536749
Croatia,72.538236,8.960669209,70964606465,7.078808792,19.51472307,10.78058068,61.30694002,6.746,18413.23468,56.20006874,2.478577037
Cuba,0,15.12369855,65483366975,10.05615552,23.14367701,0,71.61677832,1.386,5840.372053,102.0359038,4.139642396
Curacao,0,12.41537476,2938579843,0,16.06588386,2.181541142,75.13807119,0,19591.05471,337.8288288,0.400788699
Cyprus,72.535918,15.35292407,28439052741,6.261494772,13.46915546,8.39548298,72.44251363,6.976,22724.19132,135.293214,1.650608745
Czechia,76.316346,9.930312838,2.90924E+11,6.89463302,30.68550416,15.10016515,57.89713795,2.37,27638.37328,133.4609652,2.11184499
Denmark,84.828798,14.60862782,3.95404E+11,9.790867415,20.87321982,7.696566999,66.30793557,4.172,66983.132,137.5358108,0.783992186
Djibouti,52.234374,19.52396029,3515109075,3.016357967,12.71386615,5.17980848,79.10506759,27.929,3136.11296,48.3124569,1.298542004
Dominica,61.096758,7.067325115,612048148.1,5.148089341,12.0893418,1.317248622,56.25676992,0,8414.536593,96.98266667,16.54917006
Dominican Republic,58.806852,22.44455719,1.13642E+11,4.61965334,33.06966487,8.811092093,54.4466646,7.121,10120.55116,230.7133963,5.787991236
Ecuador,57.491414,14.3392334,1.15049E+11,6.167611509,31.49225382,3.466169722,53.73269931,3.955,6391.282484,70.21492374,8.84162306
Egypt, Arab Rep.,56.908326,12.17214597,4.76748E+11,4.888612384,32.71143143,13.89566098,51.42884998,6.959,4295.407496,110.8294004,10.94575352
El Salvador,63.987628,18.47710037,32488720000,8.563611167,25.16538048,7.198616156,59.59763881,3.822,5127.321668,301.1593156,4.740845438
Equatorial Guinea,40.074176,0,11813908448,2.201277965,52.58181527,4.786717047,44.5103297,8.689,7053.467085,59.71151515,2.55829796
Eritrea,21.268866,5.601227403,1223860748,5.281036592,20.17219003,0,0,6.618,332.2068722,30.47552508,16.61947873
Estonia,80.683998,13.61406856,38100812959,5.943276383,24.01891887,19.39826341,61.45994146,5.851,28332.62909,29.70425051,2.515737559
Eswatini,58.430416,15.05323887,4854167638,7.14465298,37.04812671,6.822903055,49.16253209,24.389,4039.518036,69.22062212,10.02992115
Ethiopia,45.805204,23.8338112,1.26783E+11,4.237272695,22.72200725,12.9785302,36.55512034,4.018,1027.585918,109.1704538,37.63903107
Faroe Islands,0,15.92517047,2374113479,0,17.09116174,0,55.99270138,0,44718.6566,27.27248043,14.44934042
Fiji,61.653468,18.22403526,4943248200,3.313783805,17.63065554,4.520192664,50.29903763,4.334,5316.658385,50.89031199,9.164404413
Finland,80.081378,12.20921144,2.80826E+11,8.745029608,25.0919645,7.123507733,59.46137491,6.801,50536.62447,16.42331427,2.379264959
France,76.398452,9.670713329,2.78291E+12,10.84335114,17.38281834,5.222367484,70.31819195,7.445,40963.83734,123.7215474,1.804849789
French Polynesia,0,0,5652706617,0,0,0,0,13.098,18456.06985,88.23941227,4.515121298
Gabon,44.394724,13.352173,21071739228,2.972257705,57.39540067,4.231247983,33.14870655,21.469,8820.347338,8.925139164,5.647373791
Gambia,47.973268,14.01790047,2273060863,4.418312073,17.26163848,11.51311984,52.29598434,4.78,840.0101934,239.4683186,22.55026642
Georgia,81.867716,11.33337784,24605375420,7.82042265,21.54446723,11.89816542,59.89616763,11.311,6627.70698,53.26401722,6.087900159
Germany,79.49248,10.57005526,4.07219E+12,10.90196887,26.67731216,6.872574386,62.6827168,2.989,48432.45587,235.3547472,1.109321059
Ghana,58.759852,23.13866508,72838798788,3.682247685,31.51883064,31.2558951,44.09791995,3.867,2175.85977,140.3370657,18.78183903
 , , , , , , , , , , , 
 , , , , , , , , , , , 
 , , , , , , , , , , , 
 , , , , , , , , , , , 
 , , , , , , , , , , , 
 , , , , , , , , , , , 
 , , , , , , , , , , , 
 , , , , , , , , , , , 
 , , , , , , , , , , , 
 , , , , , , , , , , , 
 , , , , , , , , , , , 
 , , , , , , , , , , , 
 , , , , , , , , , , , 
 , , , , , , , , , , , 
 , , , , , , , , , , , 
 , , , , , , , , , , , 
 , , , , , , , , , , , 
 , , , , , , , , , , , 
 , , , , , , , , , , , 
 , , , , , , , , , , , 
 , , , , , , , , , , , 
 , , , , , , , , , , , 
Gibraltar,0,9.220170021,0,0,0,0,0,0,0,3264.9,0
 , , , , , , , , , , , 
 , , , , , , , , , , , 
 , , , , , , , , , , , 
 , , , , , , , , , , , 
 , , , , , , , , , , , 
 , , , , , , , , , , , 
 , , , , , , , , , , , 
 , , , , , , , , , , , 
 , , , , , , , , , , , 
 , , , , , , , , , , , 
 , , , , , , , , , , , 
 , , , , , , , , , , , 
 , , , , , , , , , , , 
 , , , , , , , , , , , 
 , , , , , , , , , , , 
 , , , , , , , , , , , 
 , , , , , , , , , , , 
 , , , , , , , , , , , 
 , , , , , , , , , , , 
 , , , , , , , , , , , 
 , , , , , , , , , , , 
 , , , , , , , , , , , 
Greece,67.39229,7.657411267,2.19066E+11,8.482977868,16.80569042,9.645259813,67.08750149,12.162,20732.05222,80.07374204,3.917607022
 , , , , , , , , , , , 
 , , , , , , , , , , , 
 , , , , , , , , , , , 
 , , , , , , , , , , , 
 , , , , , , , , , , , 
 , , , , , , , , , , , 
 , , , , , , , , , , , 
 , , , , , , , , , , , 
 , , , , , , , , , , , 
 , , , , , , , , , , , 
 , , , , , , , , , , , 
 , , , , , , , , , , , 
 , , , , , , , , , , , 
 , , , , , , , , , , , 
 , , , , , , , , , , , 
 , , , , , , , , , , , 
 , , , , , , , , , , , 
 , , , , , , , , , , , 
 , , , , , , , , , , , 
 , , , , , , , , , , , 
 , , , , , , , , , , , 
 , , , , , , , , , , , 
Greenland,0,18.59661929,2345473093,0,17.19406377,0,63.19045605,0,41394.84112,0.138046047,16.37079973
 , , , , , , , , , , , 
 , , , , , , , , , , , 
 , , , , , , , , , , , 
 , , , , , , , , , , , 
 , , , , , , , , , , , 
 , , , , , , , , , , , 
 , , , , , , , , , , , 
 , , , , , , , , , , , 
 , , , , , , , , , , , 
 , , , , , , , , , , , 
 , , , , , , , , , , , 
 , , , , , , , , , , , 
 , , , , , , , , , , , 
 , , , , , , , , , , , 
 , , , , , , , , , , , 
 , , , , , , , , , , , 
 , , , , , , , , , , , 
 , , , , , , , , , , , 
 , , , , , , , , , , , 
 , , , , , , , , , , , 
 , , , , , , , , , , , 
 , , , , , , , , , , , 
Grenada,53.422034,9.872722626,1256413185,5.26914256,15.14805993,1.906666687,62.93370817,0,10016.20869,368.9352941,4.324184931
 , , , , , , , , , , , 
 , , , , , , , , , , , 
 , , , , , , , , , , , 
 , , , , , , , , , , , 
 , , , , , , , , , , , 
 , , , , , , , , , , , 
 , , , , , , , , , , , 
 , , , , , , , , , , , 
 , , , , , , , , , , , 
 , , , , , , , , , , , 
 , , , , , , , , , , , 
 , , , , , , , , , , , 
 , , , , , , , , , , , 
 , , , , , , , , , , , 
 , , , , , , , , , , , 
 , , , , , , , , , , , 
 , , , , , , , , , , , 
 , , , , , , , , , , , 
 , , , , , , , , , , , 
 , , , , , , , , , , , 
 , , , , , , , , , , , 
 , , , , , , , , , , , 
Guam,0,0,5075850000,0,0,0,0,6.134,29549.58259,318.1,0
 , , , , , , , , , , , 
 , , , , , , , , , , , 
 , , , , , , , , , , , 
 , , , , , , , , , , , 
 , , , , , , , , , , , 
 , , , , , , , , , , , 
 , , , , , , , , , , , 
 , , , , , , , , , , , 
 , , , , , , , , , , , 
 , , , , , , , , , , , 
 , , , , , , , , , , , 
 , , , , , , , , , , , 
 , , , , , , , , , , , 
 , , , , , , , , , , , 
 , , , , , , , , , , , 
 , , , , , , , , , , , 
 , , , , , , , , , , , 
 , , , , , , , , , , , 
 , , , , , , , , , , , 
 , , , , , , , , , , , 
 , , , , , , , , , , , 
 , , , , , , , , , , , 
Guatemala,62.058124,19.3998909,95003333381,6.086884409,22.64955053,6.885128233,62.0391801,2.569,5473.208741,159.4075305,9.306532549
 , , , , , , , , , , , 
 , , , , , , , , , , , 
 , , , , , , , , , , , 
 , , , , , , , , , , , 
 , , , , , , , , , , , 
 , , , , , , , , , , , 
 , , , , , , , , , , , 
 , , , , , , , , , , , 
 , , , , , , , , , , , 
 , , , , , , , , , , , 
 , , , , , , , , , , , 
 , , , , , , , , , , , 
 , , , , , , , , , , , 
 , , , , , , , , , , , 
 , , , , , , , , , , , 
 , , , , , , , , , , , 
 , , , , , , , , , , , 
 , , , , , , , , , , , 
 , , , , , , , , , , , 
 , , , , , , , , , , , 
 , , , , , , , , , , , 
 , , , , , , , , , , , 
Guinea,47.14269,10.19935608,21227749389,4.213550726,28.83516912,10.493041,35.28852166,5.749,1531.656475,56.37086553,27.31991763
 , , , , , , , , , , , 
 , , , , , , , , , , , 
 , , , , , , , , , , , 
 , , , , , , , , , , , 
 , , , , , , , , , , , 
 , , , , , , , , , , , 
 , , , , , , , , , , , 
 , , , , , , , , , , , 
 , , , , , , , , , , , 
 , , , , , , , , , , , 
 , , , , , , , , , , , 
 , , , , , , , , , , , 
 , , , , , , , , , , , 
 , , , , , , , , , , , 
 , , , , , , , , , , , 
 , , , , , , , , , , , 
 , , , , , , , , , , , 
 , , , , , , , , , , , 
 , , , , , , , , , , , 
 , , , , , , , , , , , 
 , , , , , , , , , , , 
 , , , , , , , , , , , 
Guinea-Bissau,42.514344,11.49339702,1633559092,7.225550788,13.86446045,9.393838775,41.06594176,3.583,775.8289657,58.27749792,42.01985597
 , , , , , , , , , , , 
 , , , , , , , , , , , 
 , , , , , , , , , , , 
 , , , , , , , , , , , 
 , , , , , , , , , , , 
 , , , , , , , , , , , 
 , , , , , , , , , , , 
 , , , , , , , , , , , 
 , , , , , , , , , , , 
 , , , , , , , , , , , 
 , , , , , , , , , , , 
 , , , , , , , , , , , 
 , , , , , , , , , , , 
 , , , , , , , , , , , 
 , , , , , , , , , , , 
 , , , , , , , , , , , 
 , , , , , , , , , , , 
 , , , , , , , , , , , 
 , , , , , , , , , , , 
 , , , , , , , , , , , 
 , , , , , , , , , , , 
 , , , , , , , , , , , 
Guyana,55.033552,14.57171395,15357537068,4.01220644,25.40882127,3.937078257,39.98974728,12.358,18989.7902,3.762041215,26.11747769
 , , , , , , , , , , , 
 , , , , , , , , , , , 
 , , , , , , , , , , , 
 , , , , , , , , , , , 
 , , , , , , , , , , , 
 , , , , , , , , , , , 
 , , , , , , , , , , , 
 , , , , , , , , , , , 
 , , , , , , , , , , , 
 , , , , , , , , , , , 
 , , , , , , , , , , , 
 , , , , , , , , , , , 
 , , , , , , , , , , , 
 , , , , , , , , , , , 
 , , , , , , , , , , , 
 , , , , , , , , , , , 
 , , , , , , , , , , , 
 , , , , , , , , , , , 
 , , , , , , , , , , , 
 , , , , , , , , , , , 
 , , , , , , , , , , , 
 , , , , , , , , , , , 
Haiti,38.349214,13.12404442,20253551885,4.077935161,29.34113803,33.98393195,48.16746537,14.836,1748.257132,417.4773333,20.27534931
 , , , , , , , , , , , 
 , , , , , , , , , , , 
 , , , , , , , , , , , 
 , , , , , , , , , , , 
 , , , , , , , , , , , 
 , , , , , , , , , , , 
 , , , , , , , , , , , 
 , , , , , , , , , , , 
 , , , , , , , , , , , 
 , , , , , , , , , , , 
 , , , , , , , , , , , 
 , , , , , , , , , , , 
 , , , , , , , , , , , 
 , , , , , , , , , , , 
 , , , , , , , , , , , 
 , , , , , , , , , , , 
 , , , , , , , , , , , 
 , , , , , , , , , , , 
 , , , , , , , , , , , 
 , , , , , , , , , , , 
 , , , , , , , , , , , 
 , , , , , , , , , , , 
Honduras,55.99769,13.50414085,31717700115,7.757914435,26.25433344,9.089639115,56.38440988,7.099,3040.17308,92.74477731,12.57248573
 , , , , , , , , , , , 
 , , , , , , , , , , , 
 , , , , , , , , , , , 
 , , , , , , , , , , , 
 , , , , , , , , , , , 
 , , , , , , , , , , , 
 , , , , , , , , , , , 
 , , , , , , , , , , , 
 , , , , , , , , , , , 
 , , , , , , , , , , , 
 , , , , , , , , , , , 
 , , , , , , , , , , , 
 , , , , , , , , , , , 
 , , , , , , , , , , , 
 , , , , , , , , , , , 
 , , , , , , , , , , , 
 , , , , , , , , , , , 
 , , , , , , , , , , , 
 , , , , , , , , , , , 
 , , , , , , , , , , , 
 , , , , , , , , , , , 
 , , , , , , , , , , , 
"Hong Kong SAR, China",84.906668,20.48508821,3.59839E+11,0,7.789818162,1.881367072,88.97256726,5.058,48983.6238,6660.683908,0.069265617
 , , , , , , , , , , , 
 , , , , , , , , , , , 
 , , , , , , , , , , , 
 , , , , , , , , , , , 
 , , , , , , , , , , , 
 , , , , , , , , , , , 
 , , , , , , , , , , , 
 , , , , , , , , , , , 
 , , , , , , , , , , , 
 , , , , , , , , , , , 
 , , , , , , , , , , , 
 , , , , , , , , , , , 
 , , , , , , , , , , , 
 , , , , , , , , , , , 
 , , , , , , , , , , , 
 , , , , , , , , , , , 
 , , , , , , , , , , , 
 , , , , , , , , , , , 
 , , , , , , , , , , , 
 , , , , , , , , , , , 
 , , , , , , , , , , , 
 , , , , , , , , , , , 
Hungary,72.35731,9.887038049,1.78789E+11,7.198799179,25.78178472,14.60814395,56.41245405,3.423,18463.20852,104.0901322,2.74790798
 , , , , , , , , , , , 
 , , , , , , , , , , , 
 , , , , , , , , , , , 
 , , , , , , , , , , , 
 , , , , , , , , , , , 
 , , , , , , , , , , , 
 , , , , , , , , , , , 
 , , , , , , , , , , , 
 , , , , , , , , , , , 
 , , , , , , , , , , , 
 , , , , , , , , , , , 
 , , , , , , , , , , , 
 , , , , , , , , , , , 
 , , , , , , , , , , , 
 , , , , , , , , , , , 
 , , , , , , , , , , , 
 , , , , , , , , , , , 
 , , , , , , , , , , , 
 , , , , , , , , , , , 
 , , , , , , , , , , , 
 , , , , , , , , , , , 
 , , , , , , , , , , , 
Iceland,78.989322,15.43137087,27841648044,8.671932915,21.34000562,8.308755116,64.39712547,3.809,72902.97995,3.70776699,4.070241249
 , , , , , , , , , , , 
 , , , , , , , , , , , 
 , , , , , , , , , , , 
 , , , , , , , , , , , 
 , , , , , , , , , , , 
 , , , , , , , , , , , 
 , , , , , , , , , , , 
 , , , , , , , , , , , 
 , , , , , , , , , , , 
 , , , , , , , , , , , 
 , , , , , , , , , , , 
 , , , , , , , , , , , 
 , , , , , , , , , , , 
 , , , , , , , , , , , 
 , , , , , , , , , , , 
 , , , , , , , , , , , 
 , , , , , , , , , , , 
 , , , , , , , , , , , 
 , , , , , , , , , , , 
 , , , , , , , , , , , 
 , , , , , , , , , , , 
 , , , , , , , , , , , 
India,61.98211,14.06250685,3.38509E+12,3.54577463,25.62080669,6.699034141,48.58282463,7.33,2388.621198,431.1107649,16.61835277
 , , , , , , , , , , , 
 , , , , , , , , , , , 
 , , , , , , , , , , , 
 , , , , , , , , , , , 
 , , , , , , , , , , , 
 , , , , , , , , , , , 
 , , , , , , , , , , , 
 , , , , , , , , , , , 
 , , , , , , , , , , , 
 , , , , , , , , , , , 
 , , , , , , , , , , , 
 , , , , , , , , , , , 
 , , , , , , , , , , , 
 , , , , , , , , , , , 
 , , , , , , , , , , , 
 , , , , , , , , , , , 
 , , , , , , , , , , , 
 , , , , , , , , , , , 
 , , , , , , , , , , , 
 , , , , , , , , , , , 
 , , , , , , , , , , , 
 , , , , , , , , , , , 
Indonesia,66.280608,16.75891736,1.3191E+12,2.668208917,41.42929595,4.209463834,41.79085399,3.554,4787.999308,144.0669532,12.39965922
 , , , , , , , , , , , 
 , , , , , , , , , , , 
 , , , , , , , , , , , 
 , , , , , , , , , , , 
 , , , , , , , , , , , 
 , , , , , , , , , , , 
 , , , , , , , , , , , 
 , , , , , , , , , , , 
 , , , , , , , , , , , 
 , , , , , , , , , , , 
 , , , , , , , , , , , 
 , , , , , , , , , , , 
 , , , , , , , , , , , 
 , , , , , , , , , , , 
 , , , , , , , , , , , 
 , , , , , , , , , , , 
 , , , , , , , , , , , 
 , , , , , , , , , , , 
 , , , , , , , , , , , 
 , , , , , , , , , , , 
 , , , , , , , , , , , 
 , , , , , , , , , , , 
"Iran, Islamic Rep.",56.79356,20.93096815,3.88544E+11,5.866489296,40.21873279,19.43624426,46.93987079,10.964,4387.825715,50.74095063,12.46061745
 , , , , , , , , , , , 
 , , , , , , , , , , , 
 , , , , , , , , , , , 
 , , , , , , , , , , , 
 , , , , , , , , , , , 
 , , , , , , , , , , , 
 , , , , , , , , , , , 
 , , , , , , , , , , , 
 , , , , , , , , , , , 
 , , , , , , , , , , , 
 , , , , , , , , , , , 
 , , , , , , , , , , , 
 , , , , , , , , , , , 
 , , , , , , , , , , , 
 , , , , , , , , , , , 
 , , , , , , , , , , , 
 , , , , , , , , , , , 
 , , , , , , , , , , , 
 , , , , , , , , , , , 
 , , , , , , , , , , , 
 , , , , , , , , , , , 
 , , , , , , , , , , , 
Iraq,44.196292,13.5,2.64182E+11,3.356173146,62.74905988,4.994765964,34.78876319,15.547,5937.195466,101.9411374,2.851425262
 , , , , , , , , , , , 
 , , , , , , , , , , , 
 , , , , , , , , , , , 
 , , , , , , , , , , , 
 , , , , , , , , , , , 
 , , , , , , , , , , , 
 , , , , , , , , , , , 
 , , , , , , , , , , , 
 , , , , , , , , , , , 
 , , , , , , , , , , , 
 , , , , , , , , , , , 
 , , , , , , , , , , , 
 , , , , , , , , , , , 
 , , , , , , , , , , , 
 , , , , , , , , , , , 
 , , , , , , , , , , , 
 , , , , , , , , , , , 
 , , , , , , , , , , , 
 , , , , , , , , , , , 
 , , , , , , , , , , , 
 , , , , , , , , , , , 
 , , , , , , , , , , , 
Ireland,79.833916,12.91261859,5.29245E+11,8.033543478,41.0525833,7.80737541,52.30012346,4.362,104038.9461,72.38173022,1.080178518
 , , , , , , , , , , , 
 , , , , , , , , , , , 
 , , , , , , , , , , , 
 , , , , , , , , , , , 
 , , , , , , , , , , , 
 , , , , , , , , , , , 
 , , , , , , , , , , , 
 , , , , , , , , , , , 
 , , , , , , , , , , , 
 , , , , , , , , , , , 
 , , , , , , , , , , , 
 , , , , , , , , , , , 
 , , , , , , , , , , , 
 , , , , , , , , , , , 
 , , , , , , , , , , , 
 , , , , , , , , , , , 
 , , , , , , , , , , , 
 , , , , , , , , , , , 
 , , , , , , , , , , , 
 , , , , , , , , , , , 
 , , , , , , , , , , , 
 , , , , , , , , , , , 
Isle of Man,0,0,5187908009,0,8.338818889,0,93.31413424,0,61381.55928,148.2789474,0.472057658
 , , , , , , , , , , , 
 , , , , , , , , , , , 
 , , , , , , , , , , , 
 , , , , , , , , , , , 
 , , , , , , , , , , , 
 , , , , , , , , , , , 
 , , , , , , , , , , , 
 , , , , , , , , , , , 
 , , , , , , , , , , , 
 , , , , , , , , , , , 
 , , , , , , , , , , , 
 , , , , , , , , , , , 
 , , , , , , , , , , , 
 , , , , , , , , , , , 
 , , , , , , , , , , , 
 , , , , , , , , , , , 
 , , , , , , , , , , , 
 , , , , , , , , , , , 
 , , , , , , , , , , , 
 , , , , , , , , , , , 
 , , , , , , , , , , , 
 , , , , , , , , , , , 
Israel,74.638542,14.16098109,5.22033E+11,7.140523093,20.2376014,4.393596659,68.06418721,3.476,54659.75396,432.7412778,1.61704094
 , , , , , , , , , , , 
 , , , , , , , , , , , 
 , , , , , , , , , , , 
 , , , , , , , , , , , 
 , , , , , , , , , , , 
 , , , , , , , , , , , 
 , , , , , , , , , , , 
 , , , , , , , , , , , 
 , , , , , , , , , , , 
 , , , , , , , , , , , 
 , , , , , , , , , , , 
 , , , , , , , , , , , 
 , , , , , , , , , , , 
 , , , , , , , , , , , 
 , , , , , , , , , , , 
 , , , , , , , , , , , 
 , , , , , , , , , , , 
 , , , , , , , , , , , 
 , , , , , , , , , , , 
 , , , , , , , , , , , 
 , , , , , , , , , , , 
 , , , , , , , , , , , 
Italy,72.51951,8.705833367,2.01043E+12,8.562253365,23.03198129,8.201289912,64.79331993,8.094,34157.99012,194.8457656,1.960114681
 , , , , , , , , , , , 
 , , , , , , , , , , , 
 , , , , , , , , , , , 
 , , , , , , , , , , , 
 , , , , , , , , , , , 
 , , , , , , , , , , , 
 , , , , , , , , , , , 
 , , , , , , , , , , , 
 , , , , , , , , , , , 
 , , , , , , , , , , , 
 , , , , , , , , , , , 
 , , , , , , , , , , , 
 , , , , , , , , , , , 
 , , , , , , , , , , , 
 , , , , , , , , , , , 
 , , , , , , , , , , , 
 , , , , , , , , , , , 
 , , , , , , , , , , , 
 , , , , , , , , , , , 
 , , , , , , , , , , , 
 , , , , , , , , , , , 
 , , , , , , , , , , , 
Jamaica,67.836,17.77496253,17097760745,5.290184316,19.92208154,10.34956884,58.32848884,6.049,6047.216464,257.2681529,8.099365102
 , , , , , , , , , , , 
 , , , , , , , , , , , 
 , , , , , , , , , , , 
 , , , , , , , , , , , 
 , , , , , , , , , , , 
 , , , , , , , , , , , 
 , , , , , , , , , , , 
 , , , , , , , , , , , 
 , , , , , , , , , , , 
 , , , , , , , , , , , 
 , , , , , , , , , , , 
 , , , , , , , , , , , 
 , , , , , , , , , , , 
 , , , , , , , , , , , 
 , , , , , , , , , , , 
 , , , , , , , , , , , 
 , , , , , , , , , , , 
 , , , , , , , , , , , 
 , , , , , , , , , , , 
 , , , , , , , , , , , 
 , , , , , , , , , , , 
 , , , , , , , , , , , 
Japan,77.904454,8.254857714,4.23114E+12,9.186331158,28.91181715,2.497702782,69.72223974,2.641,33815.31727,331.0748364,1.131828598
 , , , , , , , , , , , 
 , , , , , , , , , , , 
 , , , , , , , , , , , 
 , , , , , , , , , , , 
 , , , , , , , , , , , 
 , , , , , , , , , , , 
 , , , , , , , , , , , 
 , , , , , , , , , , , 
 , , , , , , , , , , , 
 , , , , , , , , , , , 
 , , , , , , , , , , , 
 , , , , , , , , , , , 
 , , , , , , , , , , , 
 , , , , , , , , , , , 
 , , , , , , , , , , , 
 , , , , , , , , , , , 
 , , , , , , , , , , , 
 , , , , , , , , , , , 
 , , , , , , , , , , , 
 , , , , , , , , , , , 
 , , , , , , , , , , , 
 , , , , , , , , , , , 
Jordan,60.789308,10.85520935,47451499859,8.192823433,24.4570963,4.229155689,61.18914082,17.874,4204.50564,126.6817163,4.667691102
 , , , , , , , , , , , 
 , , , , , , , , , , , 
 , , , , , , , , , , , 
 , , , , , , , , , , , 
 , , , , , , , , , , , 
 , , , , , , , , , , , 
 , , , , , , , , , , , 
 , , , , , , , , , , , 
 , , , , , , , , , , , 
 , , , , , , , , , , , 
 , , , , , , , , , , , 
 , , , , , , , , , , , 
 , , , , , , , , , , , 
 , , , , , , , , , , , 
 , , , , , , , , , , , 
 , , , , , , , , , , , 
 , , , , , , , , , , , 
 , , , , , , , , , , , 
 , , , , , , , , , , , 
 , , , , , , , , , , , 
 , , , , , , , , , , , 
 , , , , , , , , , , , 
 , , , , , , , , , , , 
 , , , , , , , , , , , 
 , , , , , , , , , , , 
 , , , , , , , , , , , 
 , , , , , , , , , , , 
 , , , , , , , , , , , 
 , , , , , , , , , , , 
 , , , , , , , , , , , 
 , , , , , , , , , , , 
 , , , , , , , , , , , 
 , , , , , , , , , , , 
 , , , , , , , , , , , 
 , , , , , , , , , , , 
 , , , , , , , , , , , 
 , , , , , , , , , , , 
 , , , , , , , , , , , 
 , , , , , , , , , , , 
 , , , , , , , , , , , 
 , , , , , , , , , , , 
 , , , , , , , , , , , 
 , , , , , , , , , , , 
 , , , , , , , , , , , 
Kazakhstan,76.049054,14.81666209,2.20623E+11,3.258450542,34.54168979,8.204693868,52.60665886,5.008,11243.67123,7.200982893,5.188944619
 , , , , , , , , , , , 
 , , , , , , , , , , , 
 , , , , , , , , , , , 
 , , , , , , , , , , , 
 , , , , , , , , , , , 
 , , , , , , , , , , , 
 , , , , , , , , , , , 
 , , , , , , , , , , , 
 , , , , , , , , , , , 
 , , , , , , , , , , , 
 , , , , , , , , , , , 
 , , , , , , , , , , , 
 , , , , , , , , , , , 
 , , , , , , , , , , , 
 , , , , , , , , , , , 
 , , , , , , , , , , , 
 , , , , , , , , , , , 
 , , , , , , , , , , , 
 , , , , , , , , , , , 
 , , , , , , , , , , , 
 , , , , , , , , , , , 
 , , , , , , , , , , , 
Kenya,66.0809,21.22661826,1.1342E+11,4.085009416,17.65622358,7.656874561,55.05813736,5.502,2099.301938,93.09145373,21.16571691
 , , , , , , , , , , , 
 , , , , , , , , , , , 
 , , , , , , , , , , , 
 , , , , , , , , , , , 
 , , , , , , , , , , , 
 , , , , , , , , , , , 
 , , , , , , , , , , , 
 , , , , , , , , , , , 
 , , , , , , , , , , , 
 , , , , , , , , , , , 
 , , , , , , , , , , , 
 , , , , , , , , , , , 
 , , , , , , , , , , , 
 , , , , , , , , , , , 
 , , , , , , , , , , , 
 , , , , , , , , , , , 
 , , , , , , , , , , , 
 , , , , , , , , , , , 
 , , , , , , , , , , , 
 , , , , , , , , , , , 
 , , , , , , , , , , , 
 , , , , , , , , , , , 
Kiribati,46.40435,18.89857292,223352943.2,10.76146925,11.29162901,1.833698488,61.71054995,0,1701.970123,162.0148148,24.00578141
 , , , , , , , , , , , 
 , , , , , , , , , , , 
 , , , , , , , , , , , 
 , , , , , , , , , , , 
 , , , , , , , , , , , 
 , , , , , , , , , , , 
 , , , , , , , , , , , 
 , , , , , , , , , , , 
 , , , , , , , , , , , 
 , , , , , , , , , , , 
 , , , , , , , , , , , 
 , , , , , , , , , , , 
 , , , , , , , , , , , 
 , , , , , , , , , , , 
 , , , , , , , , , , , 
 , , , , , , , , , , , 
 , , , , , , , , , , , 
 , , , , , , , , , , , 
 , , , , , , , , , , , 
 , , , , , , , , , , , 
 , , , , , , , , , , , 
 , , , , , , , , , , , 
"Korea, Dem. People's Rep.",0,0,0,0,0,0,0,2.962,0,216.2719097,0
 , , , , , , , , , , , 
 , , , , , , , , , , , 
 , , , , , , , , , , , 
 , , , , , , , , , , , 
 , , , , , , , , , , , 
 , , , , , , , , , , , 
 , , , , , , , , , , , 
 , , , , , , , , , , , 
 , , , , , , , , , , , 
 , , , , , , , , , , , 
 , , , , , , , , , , , 
 , , , , , , , , , , , 
 , , , , , , , , , , , 
 , , , , , , , , , , , 
 , , , , , , , , , , , 
 , , , , , , , , , , , 
 , , , , , , , , , , , 
 , , , , , , , , , , , 
 , , , , , , , , , , , 
 , , , , , , , , , , , 
 , , , , , , , , , , , 
 , , , , , , , , , , , 
"Korea, Rep.",83.796322,14.37538569,1.66525E+12,5.84117081,31.75751815,5.087887608,58.24294126,2.788,32254.62472,516.4484009,1.586389096
 , , , , , , , , , , , 
 , , , , , , , , , , , 
 , , , , , , , , , , , 
 , , , , , , , , , , , 
 , , , , , , , , , , , 
 , , , , , , , , , , , 
 , , , , , , , , , , , 
 , , , , , , , , , , , 
 , , , , , , , , , , , 
 , , , , , , , , , , , 
 , , , , , , , , , , , 
 , , , , , , , , , , , 
 , , , , , , , , , , , 
 , , , , , , , , , , , 
 , , , , , , , , , , , 
 , , , , , , , , , , , 
 , , , , , , , , , , , 
 , , , , , , , , , , , 
 , , , , , , , , , , , 
 , , , , , , , , , , , 
 , , , , , , , , , , , 
 , , , , , , , , , , , 
Kuwait,62.475876,11.30794892,1.84558E+11,3.201475314,62.27715931,3.09422745,50.41681192,2.482,43233.48909,239.5551627,0.394187624
 , , , , , , , , , , , 
 , , , , , , , , , , , 
 , , , , , , , , , , , 
 , , , , , , , , , , , 
 , , , , , , , , , , , 
 , , , , , , , , , , , 
 , , , , , , , , , , , 
 , , , , , , , , , , , 
 , , , , , , , , , , , 
 , , , , , , , , , , , 
 , , , , , , , , , , , 
 , , , , , , , , , , , 
 , , , , , , , , , , , 
 , , , , , , , , , , , 
 , , , , , , , , , , , 
 , , , , , , , , , , , 
 , , , , , , , , , , , 
 , , , , , , , , , , , 
 , , , , , , , , , , , 
 , , , , , , , , , , , 
 , , , , , , , , , , , 
 , , , , , , , , , , , 
Kyrgyz Republic,63.635672,17.11798256,10930644915,6.383433456,24.03936028,13.92290932,52.06804195,4.567,1606.668075,34.02507108,12.12043662
 , , , , , , , , , , , 
 , , , , , , , , , , , 
 , , , , , , , , , , , 
 , , , , , , , , , , , 
 , , , , , , , , , , , 
 , , , , , , , , , , , 
 , , , , , , , , , , , 
 , , , , , , , , , , , 
 , , , , , , , , , , , 
 , , , , , , , , , , , 
 , , , , , , , , , , , 
 , , , , , , , , , , , 
 , , , , , , , , , , , 
 , , , , , , , , , , , 
 , , , , , , , , , , , 
 , , , , , , , , , , , 
 , , , , , , , , , , , 
 , , , , , , , , , , , 
 , , , , , , , , , , , 
 , , , , , , , , , , , 
 , , , , , , , , , , , 
 , , , , , , , , , , , 
Lao PDR,49.57051,11.7178028,15724383783,2.973713829,33.55454104,22.95622251,41.24952942,2.633,2088.377182,31.79676943,14.62718976
 , , , , , , , , , , , 
 , , , , , , , , , , , 
 , , , , , , , , , , , 
 , , , , , , , , , , , 
 , , , , , , , , , , , 
 , , , , , , , , , , , 
 , , , , , , , , , , , 
 , , , , , , , , , , , 
 , , , , , , , , , , , 
 , , , , , , , , , , , 
 , , , , , , , , , , , 
 , , , , , , , , , , , 
 , , , , , , , , , , , 
 , , , , , , , , , , , 
 , , , , , , , , , , , 
 , , , , , , , , , , , 
 , , , , , , , , , , , 
 , , , , , , , , , , , 
 , , , , , , , , , , , 
 , , , , , , , , , , , 
 , , , , , , , , , , , 
 , , , , , , , , , , , 
Latvia,80.065268,14.15644088,41153912663,5.880552429,20.8558038,17.31028302,62.08008688,6.429,21851.1052,29.15726776,5.123117829
 , , , , , , , , , , , 
 , , , , , , , , , , , 
 , , , , , , , , , , , 
 , , , , , , , , , , , 
 , , , , , , , , , , , 
 , , , , , , , , , , , 
 , , , , , , , , , , , 
 , , , , , , , , , , , 
 , , , , , , , , , , , 
 , , , , , , , , , , , 
 , , , , , , , , , , , 
 , , , , , , , , , , , 
 , , , , , , , , , , , 
 , , , , , , , , , , , 
 , , , , , , , , , , , 
 , , , , , , , , , , , 
 , , , , , , , , , , , 
 , , , , , , , , , , , 
 , , , , , , , , , , , 
 , , , , , , , , , , , 
 , , , , , , , , , , , 
 , , , , , , , , , , , 
Lebanon,54.45721,7.219792667,34590455762,8.145424593,14.90773769,20.91529347,72.43542039,12.635,6300.929017,525.3338756,3.980871647
 , , , , , , , , , , , 
 , , , , , , , , , , , 
 , , , , , , , , , , , 
 , , , , , , , , , , , 
 , , , , , , , , , , , 
 , , , , , , , , , , , 
 , , , , , , , , , , , 
 , , , , , , , , , , , 
 , , , , , , , , , , , 
 , , , , , , , , , , , 
 , , , , , , , , , , , 
 , , , , , , , , , , , 
 , , , , , , , , , , , 
 , , , , , , , , , , , 
 , , , , , , , , , , , 
 , , , , , , , , , , , 
 , , , , , , , , , , , 
 , , , , , , , , , , , 
 , , , , , , , , , , , 
 , , , , , , , , , , , 
 , , , , , , , , , , , 
 , , , , , , , , , , , 
Lesotho,57.974298,14.65384007,2553459763,8.336430005,24.93907822,8.271803899,49.59564964,18.039,1107.395298,75.94944005,3.508109574
 , , , , , , , , , , , 
 , , , , , , , , , , , 
 , , , , , , , , , , , 
 , , , , , , , , , , , 
 , , , , , , , , , , , 
 , , , , , , , , , , , 
 , , , , , , , , , , , 
 , , , , , , , , , , , 
 , , , , , , , , , , , 
 , , , , , , , , , , , 
 , , , , , , , , , , , 
 , , , , , , , , , , , 
 , , , , , , , , , , , 
 , , , , , , , , , , , 
 , , , , , , , , , , , 
 , , , , , , , , , , , 
 , , , , , , , , , , , 
 , , , , , , , , , , , 
 , , , , , , , , , , , 
 , , , , , , , , , , , 
 , , , , , , , , , , , 
 , , , , , , , , , , , 
Liberia,42.058992,11.18867588,4001047150,8.280213503,21.39439921,10.55401238,37.21525751,3.634,754.5328769,47.61319027,36.19052577
 , , , , , , , , , , , 
 , , , , , , , , , , , 
 , , , , , , , , , , , 
 , , , , , , , , , , , 
 , , , , , , , , , , , 
 , , , , , , , , , , , 
 , , , , , , , , , , , 
 , , , , , , , , , , , 
 , , , , , , , , , , , 
 , , , , , , , , , , , 
 , , , , , , , , , , , 
 , , , , , , , , , , , 
 , , , , , , , , , , , 
 , , , , , , , , , , , 
 , , , , , , , , , , , 
 , , , , , , , , , , , 
 , , , , , , , , , , , 
 , , , , , , , , , , , 
 , , , , , , , , , , , 
 , , , , , , , , , , , 
 , , , , , , , , , , , 
 , , , , , , , , , , , 
Libya,32.603984,0,45752336036,3.672418753,80.30803163,1.733198982,25.4693938,20.68,6716.095985,3.871660207,1.597219234
 , , , , , , , , , , , 
 , , , , , , , , , , , 
 , , , , , , , , , , , 
 , , , , , , , , , , , 
 , , , , , , , , , , , 
 , , , , , , , , , , , 
 , , , , , , , , , , , 
 , , , , , , , , , , , 
 , , , , , , , , , , , 
 , , , , , , , , , , , 
 , , , , , , , , , , , 
 , , , , , , , , , , , 
 , , , , , , , , , , , 
 , , , , , , , , , , , 
 , , , , , , , , , , , 
 , , , , , , , , , , , 
 , , , , , , , , , , , 
 , , , , , , , , , , , 
 , , , , , , , , , , , 
 , , , , , , , , , , , 
 , , , , , , , , , , , 
 , , , , , , , , , , , 
Liechtenstein,64.84815,0,5048408234,0,41.07456704,0,53.73604236,0,128370.0316,245.79375,0.145960033
 , , , , , , , , , , , 
 , , , , , , , , , , , 
 , , , , , , , , , , , 
 , , , , , , , , , , , 
 , , , , , , , , , , , 
 , , , , , , , , , , , 
 , , , , , , , , , , , 
 , , , , , , , , , , , 
 , , , , , , , , , , , 
 , , , , , , , , , , , 
 , , , , , , , , , , , 
 , , , , , , , , , , , 
 , , , , , , , , , , , 
 , , , , , , , , , , , 
 , , , , , , , , , , , 
 , , , , , , , , , , , 
 , , , , , , , , , , , 
 , , , , , , , , , , , 
 , , , , , , , , , , , 
 , , , , , , , , , , , 
 , , , , , , , , , , , 
 , , , , , , , , , , , 
Lithuania,80.284528,13.52374606,70334299008,6.426910444,27.23659182,19.70504615,59.61796329,5.569,24826.79104,43.38710077,4.019704954
 , , , , , , , , , , , 
 , , , , , , , , , , , 
 , , , , , , , , , , , 
 , , , , , , , , , , , 
 , , , , , , , , , , , 
 , , , , , , , , , , , 
 , , , , , , , , , , , 
 , , , , , , , , , , , 
 , , , , , , , , , , , 
 , , , , , , , , , , , 
 , , , , , , , , , , , 
 , , , , , , , , , , , 
 , , , , , , , , , , , 
 , , , , , , , , , , , 
 , , , , , , , , , , , 
 , , , , , , , , , , , 
 , , , , , , , , , , , 
 , , , , , , , , , , , 
 , , , , , , , , , , , 
 , , , , , , , , , , , 
 , , , , , , , , , , , 
 , , , , , , , , , , , 
Luxembourg,69.421058,9.613328616,82274812251,5.995116927,12.26817582,6.336008078,78.42340974,4.698,126426.0899,251.2640927,0.245201223
 , , , , , , , , , , , 
 , , , , , , , , , , , 
 , , , , , , , , , , , 
 , , , , , , , , , , , 
 , , , , , , , , , , , 
 , , , , , , , , , , , 
 , , , , , , , , , , , 
 , , , , , , , , , , , 
 , , , , , , , , , , , 
 , , , , , , , , , , , 
 , , , , , , , , , , , 
 , , , , , , , , , , , 
 , , , , , , , , , , , 
 , , , , , , , , , , , 
 , , , , , , , , , , , 
 , , , , , , , , , , , 
 , , , , , , , , , , , 
 , , , , , , , , , , , 
 , , , , , , , , , , , 
 , , , , , , , , , , , 
 , , , , , , , , , , , 
 , , , , , , , , , , , 
"Macao SAR, China",0,13.8027029,21979475561,0,7.826738745,1.045028024,88.97122912,2.627,31617.5019,23814.8907,0
 , , , , , , , , , , , 
 , , , , , , , , , , , 
 , , , , , , , , , , , 
 , , , , , , , , , , , 
 , , , , , , , , , , , 
 , , , , , , , , , , , 
 , , , , , , , , , , , 
 , , , , , , , , , , , 
 , , , , , , , , , , , 
 , , , , , , , , , , , 
 , , , , , , , , , , , 
 , , , , , , , , , , , 
 , , , , , , , , , , , 
 , , , , , , , , , , , 
 , , , , , , , , , , , 
 , , , , , , , , , , , 
 , , , , , , , , , , , 
 , , , , , , , , , , , 
 , , , , , , , , , , , 
 , , , , , , , , , , , 
 , , , , , , , , , , , 
 , , , , , , , , , , , 
Madagascar,45.159238,13.85359287,14954967604,4.551276332,22.43360183,8.16059032,47.98662022,2.142,505.0355276,50.43198098,22.39696445
 , , , , , , , , , , , 
 , , , , , , , , , , , 
 , , , , , , , , , , , 
 , , , , , , , , , , , 
 , , , , , , , , , , , 
 , , , , , , , , , , , 
 , , , , , , , , , , , 
 , , , , , , , , , , , 
 , , , , , , , , , , , 
 , , , , , , , , , , , 
 , , , , , , , , , , , 
 , , , , , , , , , , , 
 , , , , , , , , , , , 
 , , , , , , , , , , , 
 , , , , , , , , , , , 
 , , , , , , , , , , , 
 , , , , , , , , , , , 
 , , , , , , , , , , , 
 , , , , , , , , , , , 
 , , , , , , , , , , , 
 , , , , , , , , , , , 
 , , , , , , , , , , , 
Malawi,56.750768,15.83300281,13164667627,5.30259234,18.34640477,20.95396973,54.91226316,5.614,645.1586921,172.2258356,21.76208759
 , , , , , , , , , , , 
 , , , , , , , , , , , 
 , , , , , , , , , , , 
 , , , , , , , , , , , 
 , , , , , , , , , , , 
 , , , , , , , , , , , 
 , , , , , , , , , , , 
 , , , , , , , , , , , 
 , , , , , , , , , , , 
 , , , , , , , , , , , 
 , , , , , , , , , , , 
 , , , , , , , , , , , 
 , , , , , , , , , , , 
 , , , , , , , , , , , 
 , , , , , , , , , , , 
 , , , , , , , , , , , 
 , , , , , , , , , , , 
 , , , , , , , , , , , 
 , , , , , , , , , , , 
 , , , , , , , , , , , 
 , , , , , , , , , , , 
 , , , , , , , , , , , 
Malaysia,79.692252,20.20475769,4.06306E+11,3.285618862,39.19927913,3.378698625,50.81928414,3.73,11971.9276,102.637567,8.927887404
 , , , , , , , , , , , 
 , , , , , , , , , , , 
 , , , , , , , , , , , 
 , , , , , , , , , , , 
 , , , , , , , , , , , 
 , , , , , , , , , , , 
 , , , , , , , , , , , 
 , , , , , , , , , , , 
 , , , , , , , , , , , 
 , , , , , , , , , , , 
 , , , , , , , , , , , 
 , , , , , , , , , , , 
 , , , , , , , , , , , 
 , , , , , , , , , , , 
 , , , , , , , , , , , 
 , , , , , , , , , , , 
 , , , , , , , , , , , 
 , , , , , , , , , , , 
 , , , , , , , , , , , 
 , , , , , , , , , , , 
 , , , , , , , , , , , 
 , , , , , , , , , , , 
Maldives,52.919894,12.9808651,6189865408,8.649430888,10.45471708,2.333143376,72.97937797,4.883,11817.52393,1745.956667,5.805912127
 , , , , , , , , , , , 
 , , , , , , , , , , , 
 , , , , , , , , , , , 
 , , , , , , , , , , , 
 , , , , , , , , , , , 
 , , , , , , , , , , , 
 , , , , , , , , , , , 
 , , , , , , , , , , , 
 , , , , , , , , , , , 
 , , , , , , , , , , , 
 , , , , , , , , , , , 
 , , , , , , , , , , , 
 , , , , , , , , , , , 
 , , , , , , , , , , , 
 , , , , , , , , , , , 
 , , , , , , , , , , , 
 , , , , , , , , , , , 
 , , , , , , , , , , , 
 , , , , , , , , , , , 
 , , , , , , , , , , , 
 , , , , , , , , , , , 
 , , , , , , , , , , , 
Mali,52.368452,16.65947051,18827176532,4.561876808,19.96299727,1.825657558,35.64092363,2.762,833.2972552,18.21784565,36.42129848
 , , , , , , , , , , , 
 , , , , , , , , , , , 
 , , , , , , , , , , , 
 , , , , , , , , , , , 
 , , , , , , , , , , , 
 , , , , , , , , , , , 
 , , , , , , , , , , , 
 , , , , , , , , , , , 
 , , , , , , , , , , , 
 , , , , , , , , , , , 
 , , , , , , , , , , , 
 , , , , , , , , , , , 
 , , , , , , , , , , , 
 , , , , , , , , , , , 
 , , , , , , , , , , , 
 , , , , , , , , , , , 
 , , , , , , , , , , , 
 , , , , , , , , , , , 
 , , , , , , , , , , , 
 , , , , , , , , , , , 
 , , , , , , , , , , , 
 , , , , , , , , , , , 
Malta,64.782142,14.23379123,17765270015,8.392614164,12.34182857,6.153756219,78.80790543,2.813,33940.9496,1635.678125,0.951867995
 , , , , , , , , , , , 
 , , , , , , , , , , , 
 , , , , , , , , , , , 
 , , , , , , , , , , , 
 , , , , , , , , , , , 
 , , , , , , , , , , , 
 , , , , , , , , , , , 
 , , , , , , , , , , , 
 , , , , , , , , , , , 
 , , , , , , , , , , , 
 , , , , , , , , , , , 
 , , , , , , , , , , , 
 , , , , , , , , , , , 
 , , , , , , , , , , , 
 , , , , , , , , , , , 
 , , , , , , , , , , , 
 , , , , , , , , , , , 
 , , , , , , , , , , , 
 , , , , , , , , , , , 
 , , , , , , , , , , , 
 , , , , , , , , , , , 
 , , , , , , , , , , , 
Marshall Islands,50.847296,27.88399944,279667900,15.01804642,12.72965069,0,72.39736573,0,6727.799562,230.9388889,12.20301991
 , , , , , , , , , , , 
 , , , , , , , , , , , 
 , , , , , , , , , , , 
 , , , , , , , , , , , 
 , , , , , , , , , , , 
 , , , , , , , , , , , 
 , , , , , , , , , , , 
 , , , , , , , , , , , 
 , , , , , , , , , , , 
 , , , , , , , , , , , 
 , , , , , , , , , , , 
 , , , , , , , , , , , 
 , , , , , , , , , , , 
 , , , , , , , , , , , 
 , , , , , , , , , , , 
 , , , , , , , , , , , 
 , , , , , , , , , , , 
 , , , , , , , , , , , 
 , , , , , , , , , , , 
 , , , , , , , , , , , 
 , , , , , , , , , , , 
 , , , , , , , , , , , 
Mauritania,47.905572,10.43512249,10375460680,3.243413177,34.65471314,9.525266286,39.7652279,11.109,2190.700205,4.595070341,19.20328984
 , , , , , , , , , , , 
 , , , , , , , , , , , 
 , , , , , , , , , , , 
 , , , , , , , , , , , 
 , , , , , , , , , , , 
 , , , , , , , , , , , 
 , , , , , , , , , , , 
 , , , , , , , , , , , 
 , , , , , , , , , , , 
 , , , , , , , , , , , 
 , , , , , , , , , , , 
 , , , , , , , , , , , 
 , , , , , , , , , , , 
 , , , , , , , , , , , 
 , , , , , , , , , , , 
 , , , , , , , , , , , 
 , , , , , , , , , , , 
 , , , , , , , , , , , 
 , , , , , , , , , , , 
 , , , , , , , , , , , 
 , , , , , , , , , , , 
 , , , , , , , , , , , 
Mauritius,78.642456,16.36288825,12898307089,4.474712927,18.36973554,10.77375122,65.78929359,7.234,10216.29474,618.8838235,3.39052051
 , , , , , , , , , , , 
 , , , , , , , , , , , 
 , , , , , , , , , , , 
 , , , , , , , , , , , 
 , , , , , , , , , , , 
 , , , , , , , , , , , 
 , , , , , , , , , , , 
 , , , , , , , , , , , 
 , , , , , , , , , , , 
 , , , , , , , , , , , 
 , , , , , , , , , , , 
 , , , , , , , , , , , 
 , , , , , , , , , , , 
 , , , , , , , , , , , 
 , , , , , , , , , , , 
 , , , , , , , , , , , 
 , , , , , , , , , , , 
 , , , , , , , , , , , 
 , , , , , , , , , , , 
 , , , , , , , , , , , 
 , , , , , , , , , , , 
 , , , , , , , , , , , 
Mexico,72.243328,19.31049678,1.41419E+12,5.58503185,32.13003972,7.896276192,58.76841895,3.308,11091.30543,64.90813039,4.149909258
 , , , , , , , , , , , 
 , , , , , , , , , , , 
 , , , , , , , , , , , 
 , , , , , , , , , , , 
 , , , , , , , , , , , 
 , , , , , , , , , , , 
 , , , , , , , , , , , 
 , , , , , , , , , , , 
 , , , , , , , , , , , 
 , , , , , , , , , , , 
 , , , , , , , , , , , 
 , , , , , , , , , , , 
 , , , , , , , , , , , 
 , , , , , , , , , , , 
 , , , , , , , , , , , 
 , , , , , , , , , , , 
 , , , , , , , , , , , 
 , , , , , , , , , , , 
 , , , , , , , , , , , 
 , , , , , , , , , , , 
 , , , , , , , , , , , 
 , , , , , , , , , , , 
"Micronesia, Fed. Sts.",48.097198,18.00053896,427094119.1,11.63634486,4.853662349,5.408743755,66.80999851,0,3741.057769,163.0914286,22.46358128
 , , , , , , , , , , , 
 , , , , , , , , , , , 
 , , , , , , , , , , , 
 , , , , , , , , , , , 
 , , , , , , , , , , , 
 , , , , , , , , , , , 
 , , , , , , , , , , , 
 , , , , , , , , , , , 
 , , , , , , , , , , , 
 , , , , , , , , , , , 
 , , , , , , , , , , , 
 , , , , , , , , , , , 
 , , , , , , , , , , , 
 , , , , , , , , , , , 
 , , , , , , , , , , , 
 , , , , , , , , , , , 
 , , , , , , , , , , , 
 , , , , , , , , , , , 
 , , , , , , , , , , , 
 , , , , , , , , , , , 
 , , , , , , , , , , , 
 , , , , , , , , , , , 
Moldova,72.831246,18.72548026,14420947884,8.563535985,20.04254224,28.73729768,58.0309586,2.278,5562.613625,76.59151813,7.922414562
 , , , , , , , , , , , 
 , , , , , , , , , , , 
 , , , , , , , , , , , 
 , , , , , , , , , , , 
 , , , , , , , , , , , 
 , , , , , , , , , , , 
 , , , , , , , , , , , 
 , , , , , , , , , , , 
 , , , , , , , , , , , 
 , , , , , , , , , , , 
 , , , , , , , , , , , 
 , , , , , , , , , , , 
 , , , , , , , , , , , 
 , , , , , , , , , , , 
 , , , , , , , , , , , 
 , , , , , , , , , , , 
 , , , , , , , , , , , 
 , , , , , , , , , , , 
 , , , , , , , , , , , 
 , , , , , , , , , , , 
 , , , , , , , , , , , 
 , , , , , , , , , , , 
Monaco,0,6.54762586,5568611549,1.938383381,13.95829317,0,79.03091771,0,152694.3856,720.4132563,0
 , , , , , , , , , , , 
 , , , , , , , , , , , 
 , , , , , , , , , , , 
 , , , , , , , , , , , 
 , , , , , , , , , , , 
 , , , , , , , , , , , 
 , , , , , , , , , , , 
 , , , , , , , , , , , 
 , , , , , , , , , , , 
 , , , , , , , , , , , 
 , , , , , , , , , , , 
 , , , , , , , , , , , 
 , , , , , , , , , , , 
 , , , , , , , , , , , 
 , , , , , , , , , , , 
 , , , , , , , , , , , 
 , , , , , , , , , , , 
 , , , , , , , , , , , 
 , , , , , , , , , , , 
 , , , , , , , , , , , 
 , , , , , , , , , , , 
 , , , , , , , , , , , 
Mongolia,66.857072,17.63322067,16810883361,4.267669768,37.0112137,15.14795609,38.85990664,8.247,4946.754811,2.172702658,13.24639419
 , , , , , , , , , , , 
 , , , , , , , , , , , 
 , , , , , , , , , , , 
 , , , , , , , , , , , 
 , , , , , , , , , , , 
 , , , , , , , , , , , 
 , , , , , , , , , , , 
 , , , , , , , , , , , 
 , , , , , , , , , , , 
 , , , , , , , , , , , 
 , , , , , , , , , , , 
 , , , , , , , , , , , 
 , , , , , , , , , , , 
 , , , , , , , , , , , 
 , , , , , , , , , , , 
 , , , , , , , , , , , 
 , , , , , , , , , , , 
 , , , , , , , , , , , 
 , , , , , , , , , , , 
 , , , , , , , , , , , 
 , , , , , , , , , , , 
 , , , , , , , , , , , 
Montenegro,72.639338,0,6095978868,8.646737529,13.04202468,13.04030363,60.69879369,15.402,9893.515907,44.61687183,6.349287128
 , , , , , , , , , , , 
 , , , , , , , , , , , 
 , , , , , , , , , , , 
 , , , , , , , , , , , 
 , , , , , , , , , , , 
 , , , , , , , , , , , 
 , , , , , , , , , , , 
 , , , , , , , , , , , 
 , , , , , , , , , , , 
 , , , , , , , , , , , 
 , , , , , , , , , , , 
 , , , , , , , , , , , 
 , , , , , , , , , , , 
 , , , , , , , , , , , 
 , , , , , , , , , , , 
 , , , , , , , , , , , 
 , , , , , , , , , , , 
 , , , , , , , , , , , 
 , , , , , , , , , , , 
 , , , , , , , , , , , 
 , , , , , , , , , , , 
 , , , , , , , , , , , 
Morocco,70.17999,14.34683883,1.34182E+11,5.216980128,27.20623341,6.657042028,52.30477436,10.494,3582.190497,83.88303885,10.73427629
 , , , , , , , , , , , 
 , , , , , , , , , , , 
 , , , , , , , , , , , 
 , , , , , , , , , , , 
 , , , , , , , , , , , 
 , , , , , , , , , , , 
 , , , , , , , , , , , 
 , , , , , , , , , , , 
 , , , , , , , , , , , 
 , , , , , , , , , , , 
 , , , , , , , , , , , 
 , , , , , , , , , , , 
 , , , , , , , , , , , 
 , , , , , , , , , , , 
 , , , , , , , , , , , 
 , , , , , , , , , , , 
 , , , , , , , , , , , 
 , , , , , , , , , , , 
 , , , , , , , , , , , 
 , , , , , , , , , , , 
 , , , , , , , , , , , 
 , , , , , , , , , , , 
Mozambique,53.444526,19.16816394,17851491428,5.285017377,19.07930538,10.27940181,45.81627567,3.906,541.4544255,41.24386149,23.98159119
 , , , , , , , , , , , 
 , , , , , , , , , , , 
 , , , , , , , , , , , 
 , , , , , , , , , , , 
 , , , , , , , , , , , 
 , , , , , , , , , , , 
 , , , , , , , , , , , 
 , , , , , , , , , , , 
 , , , , , , , , , , , 
 , , , , , , , , , , , 
 , , , , , , , , , , , 
 , , , , , , , , , , , 
 , , , , , , , , , , , 
 , , , , , , , , , , , 
 , , , , , , , , , , , 
 , , , , , , , , , , , 
 , , , , , , , , , , , 
 , , , , , , , , , , , 
 , , , , , , , , , , , 
 , , , , , , , , , , , 
 , , , , , , , , , , , 
 , , , , , , , , , , , 
Myanmar,43.615794,9.416513014,59364362541,3.145602021,41.10529132,13.6654429,38.59040926,0.762619048,1095.70179,80.07701267,20.30430067
 , , , , , , , , , , , 
 , , , , , , , , , , , 
 , , , , , , , , , , , 
 , , , , , , , , , , , 
 , , , , , , , , , , , 
 , , , , , , , , , , , 
 , , , , , , , , , , , 
 , , , , , , , , , , , 
 , , , , , , , , , , , 
 , , , , , , , , , , , 
 , , , , , , , , , , , 
 , , , , , , , , , , , 
 , , , , , , , , , , , 
 , , , , , , , , , , , 
 , , , , , , , , , , , 
 , , , , , , , , , , , 
 , , , , , , , , , , , 
 , , , , , , , , , , , 
 , , , , , , , , , , , 
 , , , , , , , , , , , 
 , , , , , , , , , , , 
 , , , , , , , , , , , 
Namibia,60.786982,24.70692062,12607436976,9.475330672,27.98128989,6.081281141,55.52292926,20.846,4911.327635,3.114209805,8.583972882
 , , , , , , , , , , , 
 , , , , , , , , , , , 
 , , , , , , , , , , , 
 , , , , , , , , , , , 
 , , , , , , , , , , , 
 , , , , , , , , , , , 
 , , , , , , , , , , , 
 , , , , , , , , , , , 
 , , , , , , , , , , , 
 , , , , , , , , , , , 
 , , , , , , , , , , , 
 , , , , , , , , , , , 
 , , , , , , , , , , , 
 , , , , , , , , , , , 
 , , , , , , , , , , , 
 , , , , , , , , , , , 
 , , , , , , , , , , , 
 , , , , , , , , , , , 
 , , , , , , , , , , , 
 , , , , , , , , , , , 
 , , , , , , , , , , , 
 , , , , , , , , , , , 
Nauru,0,6.984492302,150922211,12.67438328,0,0.087774901,0,0,11913.65733,633.4,0
 , , , , , , , , , , , 
 , , , , , , , , , , , 
 , , , , , , , , , , , 
 , , , , , , , , , , , 
 , , , , , , , , , , , 
 , , , , , , , , , , , 
 , , , , , , , , , , , 
 , , , , , , , , , , , 
 , , , , , , , , , , , 
 , , , , , , , , , , , 
 , , , , , , , , , , , 
 , , , , , , , , , , , 
 , , , , , , , , , , , 
 , , , , , , , , , , , 
 , , , , , , , , , , , 
 , , , , , , , , , , , 
 , , , , , , , , , , , 
 , , , , , , , , , , , 
 , , , , , , , , , , , 
 , , , , , , , , , , , 
 , , , , , , , , , , , 
 , , , , , , , , , , , 
Nepal,60.111662,12.43792534,40828247302,4.301879668,12.02982262,6.284003046,52.28446045,11.119,1336.546047,207.5525207,21.06074864
 , , , , , , , , , , , 
 , , , , , , , , , , , 
 , , , , , , , , , , , 
 , , , , , , , , , , , 
 , , , , , , , , , , , 
 , , , , , , , , , , , 
 , , , , , , , , , , , 
 , , , , , , , , , , , 
 , , , , , , , , , , , 
 , , , , , , , , , , , 
 , , , , , , , , , , , 
 , , , , , , , , , , , 
 , , , , , , , , , , , 
 , , , , , , , , , , , 
 , , , , , , , , , , , 
 , , , , , , , , , , , 
 , , , , , , , , , , , 
 , , , , , , , , , , , 
 , , , , , , , , , , , 
 , , , , , , , , , , , 
 , , , , , , , , , , , 
 , , , , , , , , , , , 
Netherlands,75.876046,11.90035225,9.91115E+11,9.74522558,18.91326475,10.00120788,68.84207797,3.538,55985.40343,426.1941441,1.669808093
 , , , , , , , , , , , 
 , , , , , , , , , , , 
 , , , , , , , , , , , 
 , , , , , , , , , , , 
 , , , , , , , , , , , 
 , , , , , , , , , , , 
 , , , , , , , , , , , 
 , , , , , , , , , , , 
 , , , , , , , , , , , 
 , , , , , , , , , , , 
 , , , , , , , , , , , 
 , , , , , , , , , , , 
 , , , , , , , , , , , 
 , , , , , , , , , , , 
 , , , , , , , , , , , 
 , , , , , , , , , , , 
 , , , , , , , , , , , 
 , , , , , , , , , , , 
 , , , , , , , , , , , 
 , , , , , , , , , , , 
 , , , , , , , , , , , 
 , , , , , , , , , , , 
New Caledonia,0,0,8035172435,0,23.78437959,1.130659852,66.53291564,12.267,29030.89976,14.89666308,1.726520146
 , , , , , , , , , , , 
 , , , , , , , , , , , 
 , , , , , , , , , , , 
 , , , , , , , , , , , 
 , , , , , , , , , , , 
 , , , , , , , , , , , 
 , , , , , , , , , , , 
 , , , , , , , , , , , 
 , , , , , , , , , , , 
 , , , , , , , , , , , 
 , , , , , , , , , , , 
 , , , , , , , , , , , 
 , , , , , , , , , , , 
 , , , , , , , , , , , 
 , , , , , , , , , , , 
 , , , , , , , , , , , 
 , , , , , , , , , , , 
 , , , , , , , , , , , 
 , , , , , , , , , , , 
 , , , , , , , , , , , 
 , , , , , , , , , , , 
 , , , , , , , , , , , 
New Zealand,87.018468,15.94669752,2.47234E+11,8.8630867,21.84750991,7.17222476,64.53896542,3.253,48249.26402,19.14048784,5.816993131
 , , , , , , , , , , , 
 , , , , , , , , , , , 
 , , , , , , , , , , , 
 , , , , , , , , , , , 
 , , , , , , , , , , , 
 , , , , , , , , , , , 
 , , , , , , , , , , , 
 , , , , , , , , , , , 
 , , , , , , , , , , , 
 , , , , , , , , , , , 
 , , , , , , , , , , , 
 , , , , , , , , , , , 
 , , , , , , , , , , , 
 , , , , , , , , , , , 
 , , , , , , , , , , , 
 , , , , , , , , , , , 
 , , , , , , , , , , , 
 , , , , , , , , , , , 
 , , , , , , , , , , , 
 , , , , , , , , , , , 
 , , , , , , , , , , , 
 , , , , , , , , , , , 
Nicaragua,54.292616,20.93416188,15671583878,7.203798226,25.98944521,10.46742445,46.27069293,5.565,2255.425986,53.29747641,16.78432754
 , , , , , , , , , , , 
 , , , , , , , , , , , 
 , , , , , , , , , , , 
 , , , , , , , , , , , 
 , , , , , , , , , , , 
 , , , , , , , , , , , 
 , , , , , , , , , , , 
 , , , , , , , , , , , 
 , , , , , , , , , , , 
 , , , , , , , , , , , 
 , , , , , , , , , , , 
 , , , , , , , , , , , 
 , , , , , , , , , , , 
 , , , , , , , , , , , 
 , , , , , , , , , , , 
 , , , , , , , , , , , 
 , , , , , , , , , , , 
 , , , , , , , , , , , 
 , , , , , , , , , , , 
 , , , , , , , , , , , 
 , , , , , , , , , , , 
 , , , , , , , , , , , 
Niger,51.178864,16.77093048,13969605583,5.118977182,20.51438214,4.226217919,36.95581894,0.534,533.0287638,20.68506472,36.73255085
 , , , , , , , , , , , 
 , , , , , , , , , , , 
 , , , , , , , , , , , 
 , , , , , , , , , , , 
 , , , , , , , , , , , 
 , , , , , , , , , , , 
 , , , , , , , , , , , 
 , , , , , , , , , , , 
 , , , , , , , , , , , 
 , , , , , , , , , , , 
 , , , , , , , , , , , 
 , , , , , , , , , , , 
 , , , , , , , , , , , 
 , , , , , , , , , , , 
 , , , , , , , , , , , 
 , , , , , , , , , , , 
 , , , , , , , , , , , 
 , , , , , , , , , , , 
 , , , , , , , , , , , 
 , , , , , , , , , , , 
 , , , , , , , , , , , 
 , , , , , , , , , , , 
Nigeria,51.831352,7.033850233,4.77386E+11,3.602609713,30.77556872,18.84718778,44.0357677,5.761,2184.421493,236.575351,23.69187184
 , , , , , , , , , , , 
 , , , , , , , , , , , 
 , , , , , , , , , , , 
 , , , , , , , , , , , 
 , , , , , , , , , , , 
 , , , , , , , , , , , 
 , , , , , , , , , , , 
 , , , , , , , , , , , 
 , , , , , , , , , , , 
 , , , , , , , , , , , 
 , , , , , , , , , , , 
 , , , , , , , , , , , 
 , , , , , , , , , , , 
 , , , , , , , , , , , 
 , , , , , , , , , , , 
 , , , , , , , , , , , 
 , , , , , , , , , , , 
 , , , , , , , , , , , 
 , , , , , , , , , , , 
 , , , , , , , , , , , 
 , , , , , , , , , , , 
 , , , , , , , , , , , 
North Macedonia,80.04747,8.640879631,13563132057,7.230867545,22.94950569,14.20471732,58.80052306,15.081,6591.471292,80.03418903,8.124000447
 , , , , , , , , , , , 
 , , , , , , , , , , , 
 , , , , , , , , , , , 
 , , , , , , , , , , , 
 , , , , , , , , , , , 
 , , , , , , , , , , , 
 , , , , , , , , , , , 
 , , , , , , , , , , , 
 , , , , , , , , , , , 
 , , , , , , , , , , , 
 , , , , , , , , , , , 
 , , , , , , , , , , , 
 , , , , , , , , , , , 
 , , , , , , , , , , , 
 , , , , , , , , , , , 
 , , , , , , , , , , , 
 , , , , , , , , , , , 
 , , , , , , , , , , , 
 , , , , , , , , , , , 
 , , , , , , , , , , , 
 , , , , , , , , , , , 
 , , , , , , , , , , , 
Northern Mariana Islands,0,0,1019684211,0,0,0,0,0,20578.47895,107.7195652,0
 , , , , , , , , , , , 
 , , , , , , , , , , , 
 , , , , , , , , , , , 
 , , , , , , , , , , , 
 , , , , , , , , , , , 
 , , , , , , , , , , , 
 , , , , , , , , , , , 
 , , , , , , , , , , , 
 , , , , , , , , , , , 
 , , , , , , , , , , , 
 , , , , , , , , , , , 
 , , , , , , , , , , , 
 , , , , , , , , , , , 
 , , , , , , , , , , , 
 , , , , , , , , , , , 
 , , , , , , , , , , , 
 , , , , , , , , , , , 
 , , , , , , , , , , , 
 , , , , , , , , , , , 
 , , , , , , , , , , , 
 , , , , , , , , , , , 
 , , , , , , , , , , , 
Norway,82.478122,15.65722865,5.79267E+11,9.179398839,48.68651055,5.764123179,42.14938196,3.171,106148.7786,11.45047667,1.551989856
 , , , , , , , , , , , 
 , , , , , , , , , , , 
 , , , , , , , , , , , 
 , , , , , , , , , , , 
 , , , , , , , , , , , 
 , , , , , , , , , , , 
 , , , , , , , , , , , 
 , , , , , , , , , , , 
 , , , , , , , , , , , 
 , , , , , , , , , , , 
 , , , , , , , , , , , 
 , , , , , , , , , , , 
 , , , , , , , , , , , 
 , , , , , , , , , , , 
 , , , , , , , , , , , 
 , , , , , , , , , , , 
 , , , , , , , , , , , 
 , , , , , , , , , , , 
 , , , , , , , , , , , 
 , , , , , , , , , , , 
 , , , , , , , , , , , 
 , , , , , , , , , , , 
Oman,68.360054,11.31035393,1.14667E+11,3.306474039,56.9789701,2.811840975,44.4832795,2.327,25056.79486,14.78610016,1.840796923
 , , , , , , , , , , , 
 , , , , , , , , , , , 
 , , , , , , , , , , , 
 , , , , , , , , , , , 
 , , , , , , , , , , , 
 , , , , , , , , , , , 
 , , , , , , , , , , , 
 , , , , , , , , , , , 
 , , , , , , , , , , , 
 , , , , , , , , , , , 
 , , , , , , , , , , , 
 , , , , , , , , , , , 
 , , , , , , , , , , , 
 , , , , , , , , , , , 
 , , , , , , , , , , , 
 , , , , , , , , , , , 
 , , , , , , , , , , , 
 , , , , , , , , , , , 
 , , , , , , , , , , , 
 , , , , , , , , , , , 
 , , , , , , , , , , , 
 , , , , , , , , , , , 
Pakistan,54.454442,12.35114103,3.76533E+11,2.577350252,19.82276689,19.87385996,51.54517989,6.416,1596.662661,296.2251752,22.25063733
 , , , , , , , , , , , 
 , , , , , , , , , , , 
 , , , , , , , , , , , 
 , , , , , , , , , , , 
 , , , , , , , , , , , 
 , , , , , , , , , , , 
 , , , , , , , , , , , 
 , , , , , , , , , , , 
 , , , , , , , , , , , 
 , , , , , , , , , , , 
 , , , , , , , , , , , 
 , , , , , , , , , , , 
 , , , , , , , , , , , 
 , , , , , , , , , , , 
 , , , , , , , , , , , 
 , , , , , , , , , , , 
 , , , , , , , , , , , 
 , , , , , , , , , , , 
 , , , , , , , , , , , 
 , , , , , , , , , , , 
 , , , , , , , , , , , 
 , , , , , , , , , , , 
Palau,53.46772,14.57709796,214044363.6,11.05917722,11.17690371,12.35266384,75.21825074,0,11855.12953,39.25,3.644731605
 , , , , , , , , , , , 
 , , , , , , , , , , , 
 , , , , , , , , , , , 
 , , , , , , , , , , , 
 , , , , , , , , , , , 
 , , , , , , , , , , , 
 , , , , , , , , , , , 
 , , , , , , , , , , , 
 , , , , , , , , , , , 
 , , , , , , , , , , , 
 , , , , , , , , , , , 
 , , , , , , , , , , , 
 , , , , , , , , , , , 
 , , , , , , , , , , , 
 , , , , , , , , , , , 
 , , , , , , , , , , , 
 , , , , , , , , , , , 
 , , , , , , , , , , , 
 , , , , , , , , , , , 
 , , , , , , , , , , , 
 , , , , , , , , , , , 
 , , , , , , , , , , , 
Panama,65.867784,11.75980568,76522511781,7.343903269,26.16937047,2.857482822,68.1480128,8.789,17357.62863,58.47958525,2.619447509
 , , , , , , , , , , , 
 , , , , , , , , , , , 
 , , , , , , , , , , , 
 , , , , , , , , , , , 
 , , , , , , , , , , , 
 , , , , , , , , , , , 
 , , , , , , , , , , , 
 , , , , , , , , , , , 
 , , , , , , , , , , , 
 , , , , , , , , , , , 
 , , , , , , , , , , , 
 , , , , , , , , , , , 
 , , , , , , , , , , , 
 , , , , , , , , , , , 
 , , , , , , , , , , , 
 , , , , , , , , , , , 
 , , , , , , , , , , , 
 , , , , , , , , , , , 
 , , , , , , , , , , , 
 , , , , , , , , , , , 
 , , , , , , , , , , , 
 , , , , , , , , , , , 
Papua New Guinea,58.76709,8.349623799,30633444295,2.417350917,34.15051793,6.237551138,44.17664144,2.753,3020.269646,21.91387737,23.16139493
 , , , , , , , , , , , 
 , , , , , , , , , , , 
 , , , , , , , , , , , 
 , , , , , , , , , , , 
 , , , , , , , , , , , 
 , , , , , , , , , , , 
 , , , , , , , , , , , 
 , , , , , , , , , , , 
 , , , , , , , , , , , 
 , , , , , , , , , , , 
 , , , , , , , , , , , 
 , , , , , , , , , , , 
 , , , , , , , , , , , 
 , , , , , , , , , , , 
 , , , , , , , , , , , 
 , , , , , , , , , , , 
 , , , , , , , , , , , 
 , , , , , , , , , , , 
 , , , , , , , , , , , 
 , , , , , , , , , , , 
 , , , , , , , , , , , 
 , , , , , , , , , , , 
Paraguay,58.313838,10.94347382,41722295362,5.887107577,33.21138564,9.765566672,48.3097156,6.886,6153.055677,16.67050162,11.32977448
 , , , , , , , , , , , 
 , , , , , , , , , , , 
 , , , , , , , , , , , 
 , , , , , , , , , , , 
 , , , , , , , , , , , 
 , , , , , , , , , , , 
 , , , , , , , , , , , 
 , , , , , , , , , , , 
 , , , , , , , , , , , 
 , , , , , , , , , , , 
 , , , , , , , , , , , 
 , , , , , , , , , , , 
 , , , , , , , , , , , 
 , , , , , , , , , , , 
 , , , , , , , , , , , 
 , , , , , , , , , , , 
 , , , , , , , , , , , 
 , , , , , , , , , , , 
 , , , , , , , , , , , 
 , , , , , , , , , , , 
 , , , , , , , , , , , 
 , , , , , , , , , , , 
Peru,67.894132,18.22060204,2.42632E+11,4.829587345,32.85718866,8.333706301,51.57897996,3.661,7125.829235,26.49319805,7.090992305
 , , , , , , , , , , , 
 , , , , , , , , , , , 
 , , , , , , , , , , , 
 , , , , , , , , , , , 
 , , , , , , , , , , , 
 , , , , , , , , , , , 
 , , , , , , , , , , , 
 , , , , , , , , , , , 
 , , , , , , , , , , , 
 , , , , , , , , , , , 
 , , , , , , , , , , , 
 , , , , , , , , , , , 
 , , , , , , , , , , , 
 , , , , , , , , , , , 
 , , , , , , , , , , , 
 , , , , , , , , , , , 
 , , , , , , , , , , , 
 , , , , , , , , , , , 
 , , , , , , , , , , , 
 , , , , , , , , , , , 
 , , , , , , , , , , , 
 , , , , , , , , , , , 
Philippines,60.104746,15.41441917,4.04284E+11,3.86040706,29.22623722,5.821158112,61.22441299,2.238,3498.509816,385.1966967,9.549349895
 , , , , , , , , , , , 
 , , , , , , , , , , , 
 , , , , , , , , , , , 
 , , , , , , , , , , , 
 , , , , , , , , , , , 
 , , , , , , , , , , , 
 , , , , , , , , , , , 
 , , , , , , , , , , , 
 , , , , , , , , , , , 
 , , , , , , , , , , , 
 , , , , , , , , , , , 
 , , , , , , , , , , , 
 , , , , , , , , , , , 
 , , , , , , , , , , , 
 , , , , , , , , , , , 
 , , , , , , , , , , , 
 , , , , , , , , , , , 
 , , , , , , , , , , , 
 , , , , , , , , , , , 
 , , , , , , , , , , , 
 , , , , , , , , , , , 
 , , , , , , , , , , , 
Poland,77.15643,11.52328282,6.88177E+11,6.196334232,29.83298699,14.42945076,56.82302032,2.602,18321.28089,120.1259107,2.130732057
 , , , , , , , , , , , 
 , , , , , , , , , , , 
 , , , , , , , , , , , 
 , , , , , , , , , , , 
 , , , , , , , , , , , 
 , , , , , , , , , , , 
 , , , , , , , , , , , 
 , , , , , , , , , , , 
 , , , , , , , , , , , 
 , , , , , , , , , , , 
 , , , , , , , , , , , 
 , , , , , , , , , , , 
 , , , , , , , , , , , 
 , , , , , , , , , , , 
 , , , , , , , , , , , 
 , , , , , , , , , , , 
 , , , , , , , , , , , 
 , , , , , , , , , , , 
 , , , , , , , , , , , 
 , , , , , , , , , , , 
 , , , , , , , , , , , 
 , , , , , , , , , , , 
Portugal,76.48872,10.84957105,2.51945E+11,9.523304722,19.06927225,7.832691242,65.50200611,5.781,24274.51658,112.6047017,1.896351154
 , , , , , , , , , , , 
 , , , , , , , , , , , 
 , , , , , , , , , , , 
 , , , , , , , , , , , 
 , , , , , , , , , , , 
 , , , , , , , , , , , 
 , , , , , , , , , , , 
 , , , , , , , , , , , 
 , , , , , , , , , , , 
 , , , , , , , , , , , 
 , , , , , , , , , , , 
 , , , , , , , , , , , 
 , , , , , , , , , , , 
 , , , , , , , , , , , 
 , , , , , , , , , , , 
 , , , , , , , , , , , 
 , , , , , , , , , , , 
 , , , , , , , , , , , 
 , , , , , , , , , , , 
 , , , , , , , , , , , 
 , , , , , , , , , , , 
 , , , , , , , , , , , 
Puerto Rico,69.573292,21.24393845,1.13435E+11,0,46.2318442,0,52.55009926,5.971,35208.63719,363.2231116,0.661260918
 , , , , , , , , , , , 
 , , , , , , , , , , , 
 , , , , , , , , , , , 
 , , , , , , , , , , , 
 , , , , , , , , , , , 
 , , , , , , , , , , , 
 , , , , , , , , , , , 
 , , , , , , , , , , , 
 , , , , , , , , , , , 
 , , , , , , , , , , , 
 , , , , , , , , , , , 
 , , , , , , , , , , , 
 , , , , , , , , , , , 
 , , , , , , , , , , , 
 , , , , , , , , , , , 
 , , , , , , , , , , , 
 , , , , , , , , , , , 
 , , , , , , , , , , , 
 , , , , , , , , , , , 
 , , , , , , , , , , , 
 , , , , , , , , , , , 
 , , , , , , , , , , , 
Qatar,66.662066,11.717677,2.37296E+11,2.659774462,65.60685677,4.995275537,38.25551932,0.095,88046.32042,232.9405359,0.254855193
 , , , , , , , , , , , 
 , , , , , , , , , , , 
 , , , , , , , , , , , 
 , , , , , , , , , , , 
 , , , , , , , , , , , 
 , , , , , , , , , , , 
 , , , , , , , , , , , 
 , , , , , , , , , , , 
 , , , , , , , , , , , 
 , , , , , , , , , , , 
 , , , , , , , , , , , 
 , , , , , , , , , , , 
 , , , , , , , , , , , 
 , , , , , , , , , , , 
 , , , , , , , , , , , 
 , , , , , , , , , , , 
 , , , , , , , , , , , 
 , , , , , , , , , , , 
 , , , , , , , , , , , 
 , , , , , , , , , , , 
 , , , , , , , , , , , 
 , , , , , , , , , , , 
Romania,72.892224,10.03560579,3.01262E+11,5.144154481,28.8306111,13.79548874,57.45082294,5.436,15892.11853,79.51828128,4.459978758
 , , , , , , , , , , , 
 , , , , , , , , , , , 
 , , , , , , , , , , , 
 , , , , , , , , , , , 
 , , , , , , , , , , , 
 , , , , , , , , , , , 
 , , , , , , , , , , , 
 , , , , , , , , , , , 
 , , , , , , , , , , , 
 , , , , , , , , , , , 
 , , , , , , , , , , , 
 , , , , , , , , , , , 
 , , , , , , , , , , , 
 , , , , , , , , , , , 
 , , , , , , , , , , , 
 , , , , , , , , , , , 
 , , , , , , , , , , , 
 , , , , , , , , , , , 
 , , , , , , , , , , , 
 , , , , , , , , , , , 
 , , , , , , , , , , , 
 , , , , , , , , , , , 
 , , , , , , , , , , , 
 , , , , , , , , , , , 
 , , , , , , , , , , , 
 , , , , , , , , , , , 
 , , , , , , , , , , , 
 , , , , , , , , , , , 
 , , , , , , , , , , , 
 , , , , , , , , , , , 
 , , , , , , , , , , , 
 , , , , , , , , , , , 
 , , , , , , , , , , , 
 , , , , , , , , , , , 
 , , , , , , , , , , , 
 , , , , , , , , , , , 
 , , , , , , , , , , , 
 , , , , , , , , , , , 
 , , , , , , , , , , , 
 , , , , , , , , , , , 
 , , , , , , , , , , , 
 , , , , , , , , , , , 
 , , , , , , , , , , , 
 , , , , , , , , , , , 
Russian Federation,76.292522,11.22577562,2.24042E+12,5.240591753,32.7935316,9.925565841,53.97625194,6.548636364,15606.63824,8.395933852,3.901417713
 , , , , , , , , , , ,
 , , , , , , , , , , , 
 , , , , , , , , , , , 
 , , , , , , , , , , , 
 , , , , , , , , , , , 
 , , , , , , , , , , , 
 , , , , , , , , , , , 
 , , , , , , , , , , , 
 , , , , , , , , , , , 
 , , , , , , , , , , , 
 , , , , , , , , , , , 
 , , , , , , , , , , , 
 , , , , , , , , , , , 
 , , , , , , , , , , , 
 , , , , , , , , , , , 
 , , , , , , , , , , , 
 , , , , , , , , , , , 
 , , , , , , , , , , , 
 , , , , , , , , , , , 
 , , , , , , , , , , , 
 , , , , , , , , , , , 
 , , , , , , , , , , , 
Rwanda,71.791252,14.78939307,13312796765,6.728098812,21.23477312,17.68920956,46.49382832,13.009,966.3271101,523.0333333,24.89459792
 , , , , , , , , , , , 
 , , , , , , , , , , , 
 , , , , , , , , , , , 
 , , , , , , , , , , , 
 , , , , , , , , , , , 
 , , , , , , , , , , , 
 , , , , , , , , , , , 
 , , , , , , , , , , , 
 , , , , , , , , , , , 
 , , , , , , , , , , , 
 , , , , , , , , , , , 
 , , , , , , , , , , , 
 , , , , , , , , , , , 
 , , , , , , , , , , , 
 , , , , , , , , , , , 
 , , , , , , , , , , , 
 , , , , , , , , , , , 
 , , , , , , , , , , , 
 , , , , , , , , , , , 
 , , , , , , , , , , , 
 , , , , , , , , , , , 
 , , , , , , , , , , , 
Samoa,61.289418,14.80796331,832421565.4,5.147312153,11.43170219,10.96188223,70.53201236,10.313,3743.205679,78.30352113,9.937776737
 , , , , , , , , , , , 
 , , , , , , , , , , , 
 , , , , , , , , , , , 
 , , , , , , , , , , , 
 , , , , , , , , , , , 
 , , , , , , , , , , , 
 , , , , , , , , , , , 
 , , , , , , , , , , , 
 , , , , , , , , , , , 
 , , , , , , , , , , , 
 , , , , , , , , , , , 
 , , , , , , , , , , , 
 , , , , , , , , , , , 
 , , , , , , , , , , , 
 , , , , , , , , , , , 
 , , , , , , , , , , , 
 , , , , , , , , , , , 
 , , , , , , , , , , , 
 , , , , , , , , , , , 
 , , , , , , , , , , , 
 , , , , , , , , , , , 
 , , , , , , , , , , , 
San Marino,62.709892,11.64347672,1659326031,6.918663797,34.30434574,1.928488625,58.2115189,0,49296.67353,561,0.016652475
 , , , , , , , , , , , 
 , , , , , , , , , , , 
 , , , , , , , , , , , 
 , , , , , , , , , , , 
 , , , , , , , , , , , 
 , , , , , , , , , , , 
 , , , , , , , , , , , 
 , , , , , , , , , , , 
 , , , , , , , , , , , 
 , , , , , , , , , , , 
 , , , , , , , , , , , 
 , , , , , , , , , , , 
 , , , , , , , , , , , 
 , , , , , , , , , , , 
 , , , , , , , , , , , 
 , , , , , , , , , , , 
 , , , , , , , , , , , 
 , , , , , , , , , , , 
 , , , , , , , , , , , 
 , , , , , , , , , , , 
 , , , , , , , , , , , 
 , , , , , , , , , , , 
Sao Tome and Principe,44.533732,17.08632851,546680341.6,7.986595857,11.2561024,18.00563511,74.31260811,15.318,2404.258693,236.8541667,13.05511955
 , , , , , , , , , , , 
 , , , , , , , , , , , 
 , , , , , , , , , , , 
 , , , , , , , , , , , 
 , , , , , , , , , , , 
 , , , , , , , , , , , 
 , , , , , , , , , , , 
 , , , , , , , , , , , 
 , , , , , , , , , , , 
 , , , , , , , , , , , 
 , , , , , , , , , , , 
 , , , , , , , , , , , 
 , , , , , , , , , , , 
 , , , , , , , , , , , 
 , , , , , , , , , , , 
 , , , , , , , , , , , 
 , , , , , , , , , , , 
 , , , , , , , , , , , 
 , , , , , , , , , , , 
 , , , , , , , , , , , 
 , , , , , , , , , , , 
 , , , , , , , , , , , 
Saudi Arabia,63.082024,20.37931347,1.10815E+12,4.402426997,53.32827528,2.474073719,39.19894247,5.635,30436.2783,16.93677693,2.405839606
 , , , , , , , , , , , 
 , , , , , , , , , , , 
 , , , , , , , , , , , 
 , , , , , , , , , , , 
 , , , , , , , , , , , 
 , , , , , , , , , , , 
 , , , , , , , , , , , 
 , , , , , , , , , , , 
 , , , , , , , , , , , 
 , , , , , , , , , , , 
 , , , , , , , , , , , 
 , , , , , , , , , , , 
 , , , , , , , , , , , 
 , , , , , , , , , , , 
 , , , , , , , , , , , 
 , , , , , , , , , , , 
 , , , , , , , , , , , 
 , , , , , , , , , , , 
 , , , , , , , , , , , 
 , , , , , , , , , , , 
 , , , , , , , , , , , 
 , , , , , , , , , , , 
Senegal,53.50107,22.16598701,27684430244,4.114836693,24.54034237,9.696818991,49.7083478,3.434,1598.735991,88.03034416,15.7433958
 , , , , , , , , , , , 
 , , , , , , , , , , , 
 , , , , , , , , , , , 
 , , , , , , , , , , , 
 , , , , , , , , , , , 
 , , , , , , , , , , , 
 , , , , , , , , , , , 
 , , , , , , , , , , , 
 , , , , , , , , , , , 
 , , , , , , , , , , , 
 , , , , , , , , , , , 
 , , , , , , , , , , , 
 , , , , , , , , , , , 
 , , , , , , , , , , , 
 , , , , , , , , , , , 
 , , , , , , , , , , , 
 , , , , , , , , , , , 
 , , , , , , , , , , , 
 , , , , , , , , , , , 
 , , , , , , , , , , , 
 , , , , , , , , , , , 
 , , , , , , , , , , , 
Serbia,73.313744,9.44609499,63501748652,8.607031322,23.11398808,11.98151173,52.41401963,9.473,9393.628906,76.64539113,6.751864216
 , , , , , , , , , , , 
 , , , , , , , , , , , 
 , , , , , , , , , , , 
 , , , , , , , , , , , 
 , , , , , , , , , , , 
 , , , , , , , , , , , 
 , , , , , , , , , , , 
 , , , , , , , , , , , 
 , , , , , , , , , , , 
 , , , , , , , , , , , 
 , , , , , , , , , , , 
 , , , , , , , , , , , 
 , , , , , , , , , , , 
 , , , , , , , , , , , 
 , , , , , , , , , , , 
 , , , , , , , , , , , 
 , , , , , , , , , , , 
 , , , , , , , , , , , 
 , , , , , , , , , , , 
 , , , , , , , , , , , 
 , , , , , , , , , , , 
 , , , , , , , , , , , 
Seychelles,60.83552,10.6487627,1588406479,4.84011247,13.45740988,6.052111504,66.27887858,0,15874.54007,217.5217391,2.867099025
 , , , , , , , , , , , 
 , , , , , , , , , , , 
 , , , , , , , , , , , 
 , , , , , , , , , , , 
 , , , , , , , , , , , 
 , , , , , , , , , , , 
 , , , , , , , , , , , 
 , , , , , , , , , , , 
 , , , , , , , , , , , 
 , , , , , , , , , , , 
 , , , , , , , , , , , 
 , , , , , , , , , , , 
 , , , , , , , , , , , 
 , , , , , , , , , , , 
 , , , , , , , , , , , 
 , , , , , , , , , , , 
 , , , , , , , , , , , 
 , , , , , , , , , , , 
 , , , , , , , , , , , 
 , , , , , , , , , , , 
 , , , , , , , , , , , 
 , , , , , , , , , , , 
Sierra Leone,47.18167,19.7684348,3970343852,11.73723993,9.91598515,27.20828838,32.97604826,3.635,461.3611383,119.0279115,53.50862836
 , , , , , , , , , , , 
 , , , , , , , , , , , 
 , , , , , , , , , , , 
 , , , , , , , , , , , 
 , , , , , , , , , , , 
 , , , , , , , , , , , 
 , , , , , , , , , , , 
 , , , , , , , , , , , 
 , , , , , , , , , , , 
 , , , , , , , , , , , 
 , , , , , , , , , , , 
 , , , , , , , , , , , 
 , , , , , , , , , , , 
 , , , , , , , , , , , 
 , , , , , , , , , , , 
 , , , , , , , , , , , 
 , , , , , , , , , , , 
 , , , , , , , , , , , 
 , , , , , , , , , , , 
 , , , , , , , , , , , 
 , , , , , , , , , , , 
 , , , , , , , , , , , 
Singapore,85.589466,13.2804718,4.66789E+11,3.654665447,24.15695977,6.12106004,70.8533099,2.758,82807.64908,7952.802284,0.028109887
 , , , , , , , , , , , 
 , , , , , , , , , , , 
 , , , , , , , , , , , 
 , , , , , , , , , , , 
 , , , , , , , , , , , 
 , , , , , , , , , , , 
 , , , , , , , , , , , 
 , , , , , , , , , , , 
 , , , , , , , , , , , 
 , , , , , , , , , , , 
 , , , , , , , , , , , 
 , , , , , , , , , , , 
 , , , , , , , , , , , 
 , , , , , , , , , , , 
 , , , , , , , , , , , 
 , , , , , , , , , , , 
 , , , , , , , , , , , 
 , , , , , , , , , , , 
 , , , , , , , , , , , 
 , , , , , , , , , , , 
 , , , , , , , , , , , 
 , , , , , , , , , , , 
Sint Maarten (Dutch part),0,0,1571564246,0,9.771064941,2.271700323,72.85936842,0,36220.33801,1276.147059,0.091378894
 , , , , , , , , , , , 
 , , , , , , , , , , , 
 , , , , , , , , , , , 
 , , , , , , , , , , , 
 , , , , , , , , , , , 
 , , , , , , , , , , , 
 , , , , , , , , , , , 
 , , , , , , , , , , , 
 , , , , , , , , , , , 
 , , , , , , , , , , , 
 , , , , , , , , , , , 
 , , , , , , , , , , , 
 , , , , , , , , , , , 
 , , , , , , , , , , , 
 , , , , , , , , , , , 
 , , , , , , , , , , , 
 , , , , , , , , , , , 
 , , , , , , , , , , , 
 , , , , , , , , , , , 
 , , , , , , , , , , , 
 , , , , , , , , , , , 
 , , , , , , , , , , , 
Slovak Republic,75.21087,9.54606147,1.15469E+11,6.764694304,28.62859701,12.77414636,58.31153215,6.094,21258.11414,110.7799509,2.219211503
 , , , , , , , , , , , 
 , , , , , , , , , , , 
 , , , , , , , , , , , 
 , , , , , , , , , , , 
 , , , , , , , , , , , 
 , , , , , , , , , , , 
 , , , , , , , , , , , 
 , , , , , , , , , , , 
 , , , , , , , , , , , 
 , , , , , , , , , , , 
 , , , , , , , , , , , 
 , , , , , , , , , , , 
 , , , , , , , , , , , 
 , , , , , , , , , , , 
 , , , , , , , , , , , 
 , , , , , , , , , , , 
 , , , , , , , , , , , 
 , , , , , , , , , , , 
 , , , , , , , , , , , 
 , , , , , , , , , , , 
 , , , , , , , , , , , 
 , , , , , , , , , , , 
Slovenia,75.889958,11.23361449,62117768015,8.32188357,29.00999293,8.833698867,57.76882677,4.18,29457.40284,103.4344054,1.713871115
 , , , , , , , , , , , 
 , , , , , , , , , , , 
 , , , , , , , , , , , 
 , , , , , , , , , , , 
 , , , , , , , , , , , 
 , , , , , , , , , , , 
 , , , , , , , , , , , 
 , , , , , , , , , , , 
 , , , , , , , , , , , 
 , , , , , , , , , , , 
 , , , , , , , , , , , 
 , , , , , , , , , , , 
 , , , , , , , , , , , 
 , , , , , , , , , , , 
 , , , , , , , , , , , 
 , , , , , , , , , , , 
 , , , , , , , , , , , 
 , , , , , , , , , , , 
 , , , , , , , , , , , 
 , , , , , , , , , , , 
 , , , , , , , , , , , 
 , , , , , , , , , , , 
Solomon Islands,55.03578,25.10412502,1595710784,5.828167155,14.0684982,5.518129286,47.13024951,1.543,2203.18966,25.06134948,32.53043108
 , , , , , , , , , , , 
 , , , , , , , , , , , 
 , , , , , , , , , , , 
 , , , , , , , , , , , 
 , , , , , , , , , , , 
 , , , , , , , , , , , 
 , , , , , , , , , , , 
 , , , , , , , , , , , 
 , , , , , , , , , , , 
 , , , , , , , , , , , 
 , , , , , , , , , , , 
 , , , , , , , , , , , 
 , , , , , , , , , , , 
 , , , , , , , , , , , 
 , , , , , , , , , , , 
 , , , , , , , , , , , 
 , , , , , , , , , , , 
 , , , , , , , , , , , 
 , , , , , , , , , , , 
 , , , , , , , , , , , 
 , , , , , , , , , , , 
 , , , , , , , , , , , 
Somalia,20.116916,2.925256167,8126105600,0,0,0,0,20.047,461.77585,27.59701251,0
 , , , , , , , , , , , 
 , , , , , , , , , , , 
 , , , , , , , , , , , 
 , , , , , , , , , , , 
 , , , , , , , , , , , 
 , , , , , , , , , , , 
 , , , , , , , , , , , 
 , , , , , , , , , , , 
 , , , , , , , , , , , 
 , , , , , , , , , , , 
 , , , , , , , , , , , 
 , , , , , , , , , , , 
 , , , , , , , , , , , 
 , , , , , , , , , , , 
 , , , , , , , , , , , 
 , , , , , , , , , , , 
 , , , , , , , , , , , 
 , , , , , , , , , , , 
 , , , , , , , , , , , 
 , , , , , , , , , , , 
 , , , , , , , , , , , 
 , , , , , , , , , , , 
South Africa,66.137888,19.75004005,4.0587E+11,7.584470907,24.44309252,7.039726613,62.61212487,29.806,6776.480077,49.1299945,2.570586441
 , , , , , , , , , , , 
 , , , , , , , , , , , 
 , , , , , , , , , , , 
 , , , , , , , , , , , 
 , , , , , , , , , , , 
 , , , , , , , , , , , 
 , , , , , , , , , , , 
 , , , , , , , , , , , 
 , , , , , , , , , , , 
 , , , , , , , , , , , 
 , , , , , , , , , , , 
 , , , , , , , , , , , 
 , , , , , , , , , , , 
 , , , , , , , , , , , 
 , , , , , , , , , , , 
 , , , , , , , , , , , 
 , , , , , , , , , , , 
 , , , , , , , , , , , 
 , , , , , , , , , , , 
 , , , , , , , , , , , 
 , , , , , , , , , , , 
 , , , , , , , , , , , 
South Sudan,33.087096,4.581507461,14080606756,6.105962037,49.25038343,-6.687320942,44.10590594,12.975,1290.240553,16.87038305,6.643711518
 , , , , , , , , , , , 
 , , , , , , , , , , , 
 , , , , , , , , , , , 
 , , , , , , , , , , , 
 , , , , , , , , , , , 
 , , , , , , , , , , , 
 , , , , , , , , , , , 
 , , , , , , , , , , , 
 , , , , , , , , , , , 
 , , , , , , , , , , , 
 , , , , , , , , , , , 
 , , , , , , , , , , , 
 , , , , , , , , , , , 
 , , , , , , , , , , , 
 , , , , , , , , , , , 
 , , , , , , , , , , , 
 , , , , , , , , , , , 
 , , , , , , , , , , , 
 , , , , , , , , , , , 
 , , , , , , , , , , , 
 , , , , , , , , , , , 
 , , , , , , , , , , , 
Spain,77.364102,10.28480852,1.39751E+12,8.478084405,20.76138491,8.390576341,67.74490094,13.009,29350.16852,94.17508989,2.408319443
 , , , , , , , , , , , 
 , , , , , , , , , , , 
 , , , , , , , , , , , 
 , , , , , , , , , , , 
 , , , , , , , , , , , 
 , , , , , , , , , , , 
 , , , , , , , , , , , 
 , , , , , , , , , , , 
 , , , , , , , , , , , 
 , , , , , , , , , , , 
 , , , , , , , , , , , 
 , , , , , , , , , , , 
 , , , , , , , , , , , 
 , , , , , , , , , , , 
 , , , , , , , , , , , 
 , , , , , , , , , , , 
 , , , , , , , , , , , 
 , , , , , , , , , , , 
 , , , , , , , , , , , 
 , , , , , , , , , , , 
 , , , , , , , , , , , 
 , , , , , , , , , , , 
Sri Lanka,60.504324,10.80561523,74403578363,3.908927919,30.26766164,49.72110211,56.10902658,6.705,3354.383408,338.0734644,8.749250343
 , , , , , , , , , , , 
 , , , , , , , , , , , 
 , , , , , , , , , , , 
 , , , , , , , , , , , 
 , , , , , , , , , , , 
 , , , , , , , , , , , 
 , , , , , , , , , , , 
 , , , , , , , , , , , 
 , , , , , , , , , , , 
 , , , , , , , , , , , 
 , , , , , , , , , , , 
 , , , , , , , , , , , 
 , , , , , , , , , , , 
 , , , , , , , , , , , 
 , , , , , , , , , , , 
 , , , , , , , , , , , 
 , , , , , , , , , , , 
 , , , , , , , , , , , 
 , , , , , , , , , , , 
 , , , , , , , , , , , 
 , , , , , , , , , , , 
 , , , , , , , , , , , 
St. Kitts and Nevis,54.772212,11.4885664,961563259.3,4.959589005,20.85762505,2.667388427,68.0739481,0,20176.74758,183.2961538,1.310751381
 , , , , , , , , , , , 
 , , , , , , , , , , , 
 , , , , , , , , , , , 
 , , , , , , , , , , , 
 , , , , , , , , , , , 
 , , , , , , , , , , , 
 , , , , , , , , , , , 
 , , , , , , , , , , , 
 , , , , , , , , , , , 
 , , , , , , , , , , , 
 , , , , , , , , , , , 
 , , , , , , , , , , , 
 , , , , , , , , , , , 
 , , , , , , , , , , , 
 , , , , , , , , , , , 
 , , , , , , , , , , , 
 , , , , , , , , , , , 
 , , , , , , , , , , , 
 , , , , , , , , , , , 
 , , , , , , , , , , , 
 , , , , , , , , , , , 
 , , , , , , , , , , , 
St. Lucia,63.566652,12.66788769,2065027556,5.041286741,10.48501837,6.378146951,70.2510579,17.362,11481.49672,290.0919355,1.639292985
 , , , , , , , , , , , 
 , , , , , , , , , , , 
 , , , , , , , , , , , 
 , , , , , , , , , , , 
 , , , , , , , , , , , 
 , , , , , , , , , , , 
 , , , , , , , , , , , 
 , , , , , , , , , , , 
 , , , , , , , , , , , 
 , , , , , , , , , , , 
 , , , , , , , , , , , 
 , , , , , , , , , , , 
 , , , , , , , , , , , 
 , , , , , , , , , , , 
 , , , , , , , , , , , 
 , , , , , , , , , , , 
 , , , , , , , , , , , 
 , , , , , , , , , , , 
 , , , , , , , , , , , 
 , , , , , , , , , , , 
 , , , , , , , , , , , 
 , , , , , , , , , , , 
St. Martin (French part),0,0,774398807.1,0,0,0,0,0,24359.05782,635.82,0
 , , , , , , , , , , , 
 , , , , , , , , , , , 
 , , , , , , , , , , , 
 , , , , , , , , , , , 
 , , , , , , , , , , , 
 , , , , , , , , , , , 
 , , , , , , , , , , , 
 , , , , , , , , , , , 
 , , , , , , , , , , , 
 , , , , , , , , , , , 
 , , , , , , , , , , , 
 , , , , , , , , , , , 
 , , , , , , , , , , , 
 , , , , , , , , , , , 
 , , , , , , , , , , , 
 , , , , , , , , , , , 
 , , , , , , , , , , , 
 , , , , , , , , , , , 
 , , , , , , , , , , , 
 , , , , , , , , , , , 
 , , , , , , , , , , , 
 , , , , , , , , , , , 
St. Vincent and the Grenadines,57.016918,15.2270813,948558503.1,4.109020017,14.71356879,5.660097792,64.13329048,18.975,9125.317497,266.5333333,4.66737485
 , , , , , , , , , , , 
 , , , , , , , , , , , 
 , , , , , , , , , , , 
 , , , , , , , , , , , 
 , , , , , , , , , , , 
 , , , , , , , , , , , 
 , , , , , , , , , , , 
 , , , , , , , , , , , 
 , , , , , , , , , , , 
 , , , , , , , , , , , 
 , , , , , , , , , , , 
 , , , , , , , , , , , 
 , , , , , , , , , , , 
 , , , , , , , , , , , 
 , , , , , , , , , , , 
 , , , , , , , , , , , 
 , , , , , , , , , , , 
 , , , , , , , , , , , 
 , , , , , , , , , , , 
 , , , , , , , , , , , 
 , , , , , , , , , , , 
 , , , , , , , , , , , 
Sudan,45.639498,9.372645259,51662241775,4.979621026,4.871401124,138.8084602,6.448067658,18.73,1102.14654,20.95640279,5.031292051
 , , , , , , , , , , , 
 , , , , , , , , , , , 
 , , , , , , , , , , , 
 , , , , , , , , , , , 
 , , , , , , , , , , , 
 , , , , , , , , , , , 
 , , , , , , , , , , , 
 , , , , , , , , , , , 
 , , , , , , , , , , , 
 , , , , , , , , , , , 
 , , , , , , , , , , , 
 , , , , , , , , , , , 
 , , , , , , , , , , , 
 , , , , , , , , , , , 
 , , , , , , , , , , , 
 , , , , , , , , , , , 
 , , , , , , , , , , , 
 , , , , , , , , , , , 
 , , , , , , , , , , , 
 , , , , , , , , , , , 
 , , , , , , , , , , , 
 , , , , , , , , , , , 
Suriname,47.225936,14.11808572,3620655116,5.373235237,32.84919306,52.44602728,47.98291833,8.639,5858.28606,3.772677329,8.790105876
 , , , , , , , , , , , 
 , , , , , , , , , , , 
 , , , , , , , , , , , 
 , , , , , , , , , , , 
 , , , , , , , , , , , 
 , , , , , , , , , , , 
 , , , , , , , , , , , 
 , , , , , , , , , , , 
 , , , , , , , , , , , 
 , , , , , , , , , , , 
 , , , , , , , , , , , 
 , , , , , , , , , , , 
 , , , , , , , , , , , 
 , , , , , , , , , , , 
 , , , , , , , , , , , 
 , , , , , , , , , , , 
 , , , , , , , , , , , 
 , , , , , , , , , , , 
 , , , , , , , , , , , 
 , , , , , , , , , , , 
 , , , , , , , , , , , 
 , , , , , , , , , , , 
Sweden,81.993546,13.93679287,5.85939E+11,9.511860415,23.71595198,8.369290989,63.86536302,7.358,55873.22081,21.92419043,1.407024509
 , , , , , , , , , , , 
 , , , , , , , , , , , 
 , , , , , , , , , , , 
 , , , , , , , , , , , 
 , , , , , , , , , , , 
 , , , , , , , , , , , 
 , , , , , , , , , , , 
 , , , , , , , , , , , 
 , , , , , , , , , , , 
 , , , , , , , , , , , 
 , , , , , , , , , , , 
 , , , , , , , , , , , 
 , , , , , , , , , , , 
 , , , , , , , , , , , 
 , , , , , , , , , , , 
 , , , , , , , , , , , 
 , , , , , , , , , , , 
 , , , , , , , , , , , 
 , , , , , , , , , , , 
 , , , , , , , , , , , 
 , , , , , , , , , , , 
 , , , , , , , , , , , 
Switzerland,76.538432,15.4226314,8.07706E+11,10.31888635,24.19669934,2.835027986,72.38673,4.202,92101.46974,212.393251,0.612466698
 , , , , , , , , , , , 
 , , , , , , , , , , , 
 , , , , , , , , , , , 
 , , , , , , , , , , , 
 , , , , , , , , , , , 
 , , , , , , , , , , , 
 , , , , , , , , , , , 
 , , , , , , , , , , , 
 , , , , , , , , , , , 
 , , , , , , , , , , , 
 , , , , , , , , , , , 
 , , , , , , , , , , , 
 , , , , , , , , , , , 
 , , , , , , , , , , , 
 , , , , , , , , , , , 
 , , , , , , , , , , , 
 , , , , , , , , , , , 
 , , , , , , , , , , , 
 , , , , , , , , , , , 
 , , , , , , , , , , , 
 , , , , , , , , , , , 
 , , , , , , , , , , , 
Syrian Arab Republic,41.84539,18.46102238,89712721384,3.938598431,26.1885041,7.303428963,46.92167093,9.61,4054.766633,119.47969,26.88982121
 , , , , , , , , , , , 
 , , , , , , , , , , , 
 , , , , , , , , , , , 
 , , , , , , , , , , , 
 , , , , , , , , , , , 
 , , , , , , , , , , , 
 , , , , , , , , , , , 
 , , , , , , , , , , , 
 , , , , , , , , , , , 
 , , , , , , , , , , , 
 , , , , , , , , , , , 
 , , , , , , , , , , , 
 , , , , , , , , , , , 
 , , , , , , , , , , , 
 , , , , , , , , , , , 
 , , , , , , , , , , , 
 , , , , , , , , , , , 
 , , , , , , , , , , , 
 , , , , , , , , , , , 
 , , , , , , , , , , , 
 , , , , , , , , , , , 
 , , , , , , , , , , , 
Tajikistan,55.25536,18.74705124,10492123388,5.903331507,29.39925696,11.18745334,38.93617141,7.828,1054.189484,70.01125728,21.61053596
 , , , , , , , , , , , 
 , , , , , , , , , , , 
 , , , , , , , , , , , 
 , , , , , , , , , , , 
 , , , , , , , , , , , 
 , , , , , , , , , , , 
 , , , , , , , , , , , 
 , , , , , , , , , , , 
 , , , , , , , , , , , 
 , , , , , , , , , , , 
 , , , , , , , , , , , 
 , , , , , , , , , , , 
 , , , , , , , , , , , 
 , , , , , , , , , , , 
 , , , , , , , , , , , 
 , , , , , , , , , , , 
 , , , , , , , , , , , 
 , , , , , , , , , , , 
 , , , , , , , , , , , 
 , , , , , , , , , , , 
 , , , , , , , , , , , 
 , , , , , , , , , , , 
Tanzania,53.258976,14.33210945,75709289056,4.87060917,27.69857926,4.350272043,30.63729282,2.762,1155.906751,69.14150533,24.26903282
 , , , , , , , , , , , 
 , , , , , , , , , , , 
 , , , , , , , , , , , 
 , , , , , , , , , , , 
 , , , , , , , , , , , 
 , , , , , , , , , , , 
 , , , , , , , , , , , 
 , , , , , , , , , , , 
 , , , , , , , , , , , 
 , , , , , , , , , , , 
 , , , , , , , , , , , 
 , , , , , , , , , , , 
 , , , , , , , , , , , 
 , , , , , , , , , , , 
 , , , , , , , , , , , 
 , , , , , , , , , , , 
 , , , , , , , , , , , 
 , , , , , , , , , , , 
 , , , , , , , , , , , 
 , , , , , , , , , , , 
 , , , , , , , , , , , 
 , , , , , , , , , , , 
Thailand,76.561156,14.64164543,4.95341E+11,3.510772512,34.99478042,6.077412284,56.18307038,0.862,6908.802119,139.7276076,8.822149199
 , , , , , , , , , , , 
 , , , , , , , , , , , 
 , , , , , , , , , , , 
 , , , , , , , , , , , 
 , , , , , , , , , , , 
 , , , , , , , , , , , 
 , , , , , , , , , , , 
 , , , , , , , , , , , 
 , , , , , , , , , , , 
 , , , , , , , , , , , 
 , , , , , , , , , , , 
 , , , , , , , , , , , 
 , , , , , , , , , , , 
 , , , , , , , , , , , 
 , , , , , , , , , , , 
 , , , , , , , , , , , 
 , , , , , , , , , , , 
 , , , , , , , , , , , 
 , , , , , , , , , , , 
 , , , , , , , , , , , 
 , , , , , , , , , , , 
 , , , , , , , , , , , 
Timor-Leste,38.912656,7.538520915,3163324631,6.561944671,16.42246642,4.843521555,60.81786369,4.864,2358.409054,90.20147949,22.62999706
 , , , , , , , , , , , 
 , , , , , , , , , , , 
 , , , , , , , , , , , 
 , , , , , , , , , , , 
 , , , , , , , , , , , 
 , , , , , , , , , , , 
 , , , , , , , , , , , 
 , , , , , , , , , , , 
 , , , , , , , , , , , 
 , , , , , , , , , , , 
 , , , , , , , , , , , 
 , , , , , , , , , , , 
 , , , , , , , , , , , 
 , , , , , , , , , , , 
 , , , , , , , , , , , 
 , , , , , , , , , , , 
 , , , , , , , , , , , 
 , , , , , , , , , , , 
 , , , , , , , , , , , 
 , , , , , , , , , , , 
 , , , , , , , , , , , 
 , , , , , , , , , , , 
Togo,52.26852,14.47581959,8126439481,4.407228118,20.48936533,7.967573616,51.33625627,4.066,918.3767558,155.8143863,18.32254869
 , , , , , , , , , , , 
 , , , , , , , , , , , 
 , , , , , , , , , , , 
 , , , , , , , , , , , 
 , , , , , , , , , , , 
 , , , , , , , , , , , 
 , , , , , , , , , , , 
 , , , , , , , , , , , 
 , , , , , , , , , , , 
 , , , , , , , , , , , 
 , , , , , , , , , , , 
 , , , , , , , , , , , 
 , , , , , , , , , , , 
 , , , , , , , , , , , 
 , , , , , , , , , , , 
 , , , , , , , , , , , 
 , , , , , , , , , , , 
 , , , , , , , , , , , 
 , , , , , , , , , , , 
 , , , , , , , , , , , 
 , , , , , , , , , , , 
 , , , , , , , , , , , 
Tonga,61.417622,11.94029808,360296015.4,4.470442227,16.57944016,10.97136529,51.60066746,3.011,3371.727109,142.4773333,17.30338857
 , , , , , , , , , , , 
 , , , , , , , , , , , 
 , , , , , , , , , , , 
 , , , , , , , , , , , 
 , , , , , , , , , , , 
 , , , , , , , , , , , 
 , , , , , , , , , , , 
 , , , , , , , , , , , 
 , , , , , , , , , , , 
 , , , , , , , , , , , 
 , , , , , , , , , , , 
 , , , , , , , , , , , 
 , , , , , , , , , , , 
 , , , , , , , , , , , 
 , , , , , , , , , , , 
 , , , , , , , , , , , 
 , , , , , , , , , , , 
 , , , , , , , , , , , 
 , , , , , , , , , , , 
 , , , , , , , , , , , 
 , , , , , , , , , , , 
 , , , , , , , , , , , 
Trinidad and Tobago,61.247642,9.05965519,27899082337,5.175826311,47.78093388,5.135099225,50.50148837,3.982,18222.26033,298.4491228,0.832205197
 , , , , , , , , , , , 
 , , , , , , , , , , , 
 , , , , , , , , , , , 
 , , , , , , , , , , , 
 , , , , , , , , , , , 
 , , , , , , , , , , , 
 , , , , , , , , , , , 
 , , , , , , , , , , , 
 , , , , , , , , , , , 
 , , , , , , , , , , , 
 , , , , , , , , , , , 
 , , , , , , , , , , , 
 , , , , , , , , , , , 
 , , , , , , , , , , , 
 , , , , , , , , , , , 
 , , , , , , , , , , , 
 , , , , , , , , , , , 
 , , , , , , , , , , , 
 , , , , , , , , , , , 
 , , , , , , , , , , , 
 , , , , , , , , , , , 
 , , , , , , , , , , , 
Tunisia,66.25694,24.79393891,46664948952,5.650227478,22.97812133,8.306461244,60.32300366,16.124,3776.667779,75.52177129,10.08834288
 , , , , , , , , , , , 
 , , , , , , , , , , , 
 , , , , , , , , , , , 
 , , , , , , , , , , , 
 , , , , , , , , , , , 
 , , , , , , , , , , , 
 , , , , , , , , , , , 
 , , , , , , , , , , , 
 , , , , , , , , , , , 
 , , , , , , , , , , , 
 , , , , , , , , , , , 
 , , , , , , , , , , , 
 , , , , , , , , , , , 
 , , , , , , , , , , , 
 , , , , , , , , , , , 
 , , , , , , , , , , , 
 , , , , , , , , , , , 
 , , , , , , , , , , , 
 , , , , , , , , , , , 
 , , , , , , , , , , , 
 , , , , , , , , , , , 
 , , , , , , , , , , , 
 , , , , , , , , , , , 
 , , , , , , , , , , , 
 , , , , , , , , , , , 
 , , , , , , , , , , , 
 , , , , , , , , , , , 
 , , , , , , , , , , , 
 , , , , , , , , , , , 
 , , , , , , , , , , , 
 , , , , , , , , , , , 
 , , , , , , , , , , , 
 , , , , , , , , , , , 
 , , , , , , , , , , , 
 , , , , , , , , , , , 
 , , , , , , , , , , , 
 , , , , , , , , , , , 
 , , , , , , , , , , , 
 , , , , , , , , , , , 
 , , , , , , , , , , , 
 , , , , , , , , , , , 
 , , , , , , , , , , , 
 , , , , , , , , , , , 
 , , , , , , , , , , , 
Turkiye,72.296304,10.52772026,9.05988E+11,4.712369193,31.87328021,72.30883599,51.19712186,10.03,10616.06104,108.6665067,6.460464797
 , , , , , , , , , , ,
 , , , , , , , , , , , 
 , , , , , , , , , , , 
 , , , , , , , , , , , 
 , , , , , , , , , , , 
 , , , , , , , , , , , 
 , , , , , , , , , , , 
 , , , , , , , , , , , 
 , , , , , , , , , , , 
 , , , , , , , , , , , 
 , , , , , , , , , , , 
 , , , , , , , , , , , 
 , , , , , , , , , , , 
 , , , , , , , , , , , 
 , , , , , , , , , , , 
 , , , , , , , , , , , 
 , , , , , , , , , , , 
 , , , , , , , , , , , 
 , , , , , , , , , , , 
 , , , , , , , , , , , 
 , , , , , , , , , , , 
 , , , , , , , , , , , 
Turkmenistan,0,23.93471972,24021051251,4.591492449,49.42215421,0,35.81549508,5.019,3735.330489,13.17510756,13.91970837
 , , , , , , , , , , , 
 , , , , , , , , , , , 
 , , , , , , , , , , , 
 , , , , , , , , , , , 
 , , , , , , , , , , , 
 , , , , , , , , , , , 
 , , , , , , , , , , , 
 , , , , , , , , , , , 
 , , , , , , , , , , , 
 , , , , , , , , , , , 
 , , , , , , , , , , , 
 , , , , , , , , , , , 
 , , , , , , , , , , , 
 , , , , , , , , , , , 
 , , , , , , , , , , , 
 , , , , , , , , , , , 
 , , , , , , , , , , , 
 , , , , , , , , , , , 
 , , , , , , , , , , , 
 , , , , , , , , , , , 
 , , , , , , , , , , , 
 , , , , , , , , , , , 
Turks and Caicos Islands,0,10.7097187,1138808881,0,13.7293605,0,77.22862707,0,24917.59581,48.10842105,0.752157103
 , , , , , , , , , , , 
 , , , , , , , , , , , 
 , , , , , , , , , , , 
 , , , , , , , , , , , 
 , , , , , , , , , , , 
 , , , , , , , , , , , 
 , , , , , , , , , , , 
 , , , , , , , , , , , 
 , , , , , , , , , , , 
 , , , , , , , , , , , 
 , , , , , , , , , , , 
 , , , , , , , , , , , 
 , , , , , , , , , , , 
 , , , , , , , , , , , 
 , , , , , , , , , , , 
 , , , , , , , , , , , 
 , , , , , , , , , , , 
 , , , , , , , , , , , 
 , , , , , , , , , , , 
 , , , , , , , , , , , 
 , , , , , , , , , , , 
 , , , , , , , , , , , 
Tuvalu,0,0,60349391.1,14.72395356,7.941322023,0.500580743,0,0,5334.988605,377.0666667,19.76163912
 , , , , , , , , , , , 
 , , , , , , , , , , , 
 , , , , , , , , , , , 
 , , , , , , , , , , , 
 , , , , , , , , , , , 
 , , , , , , , , , , , 
 , , , , , , , , , , , 
 , , , , , , , , , , , 
 , , , , , , , , , , , 
 , , , , , , , , , , , 
 , , , , , , , , , , , 
 , , , , , , , , , , , 
 , , , , , , , , , , , 
 , , , , , , , , , , , 
 , , , , , , , , , , , 
 , , , , , , , , , , , 
 , , , , , , , , , , , 
 , , , , , , , , , , , 
 , , , , , , , , , , , 
 , , , , , , , , , , , 
 , , , , , , , , , , , 
 , , , , , , , , , , , 
Uganda,58.032602,8.482364655,45559202049,5.24188011,26.78253053,7.19578886,41.58519672,4.28,964.2243852,195.6099565,24.06093801
 , , , , , , , , , , , 
 , , , , , , , , , , , 
 , , , , , , , , , , , 
 , , , , , , , , , , , 
 , , , , , , , , , , , 
 , , , , , , , , , , , 
 , , , , , , , , , , , 
 , , , , , , , , , , , 
 , , , , , , , , , , , 
 , , , , , , , , , , , 
 , , , , , , , , , , , 
 , , , , , , , , , , , 
 , , , , , , , , , , , 
 , , , , , , , , , , , 
 , , , , , , , , , , , 
 , , , , , , , , , , , 
 , , , , , , , , , , , 
 , , , , , , , , , , , 
 , , , , , , , , , , , 
 , , , , , , , , , , , 
 , , , , , , , , , , , 
 , , , , , , , , , , , 
Ukraine,67.394152,13.71856733,1.60503E+11,6.689784208,19.2438569,20.18363666,60.77066045,8.650454545,4223.756296,62.96081518,8.222205698
 , , , , , , , , , , , 
 , , , , , , , , , , , 
 , , , , , , , , , , , 
 , , , , , , , , , , , 
 , , , , , , , , , , , 
 , , , , , , , , , , , 
 , , , , , , , , , , , 
 , , , , , , , , , , , 
 , , , , , , , , , , , 
 , , , , , , , , , , , 
 , , , , , , , , , , , 
 , , , , , , , , , , , 
 , , , , , , , , , , , 
 , , , , , , , , , , , 
 , , , , , , , , , , , 
 , , , , , , , , , , , 
 , , , , , , , , , , , 
 , , , , , , , , , , , 
 , , , , , , , , , , , 
 , , , , , , , , , , , 
 , , , , , , , , , , , 
 , , , , , , , , , , , 
United Arab Emirates,79.072322,6.928438187,5.07535E+11,3.347503826,50.28764151,4.827888596,48.59756102,2.754,53757.86325,95.70532165,1.114786155
 , , , , , , , , , , , 
 , , , , , , , , , , , 
 , , , , , , , , , , , 
 , , , , , , , , , , , 
 , , , , , , , , , , , 
 , , , , , , , , , , , 
 , , , , , , , , , , , 
 , , , , , , , , , , , 
 , , , , , , , , , , , 
 , , , , , , , , , , , 
 , , , , , , , , , , , 
 , , , , , , , , , , , 
 , , , , , , , , , , , 
 , , , , , , , , , , , 
 , , , , , , , , , , , 
 , , , , , , , , , , , 
 , , , , , , , , , , , 
 , , , , , , , , , , , 
 , , , , , , , , , , , 
 , , , , , , , , , , , 
 , , , , , , , , , , , 
 , , , , , , , , , , , 
United Kingdom,83.398906,12.80390662,3.07067E+12,9.33258696,17.86099923,7.922048831,70.95395944,3.571,45850.42612,274.9124051,0.709486609
 , , , , , , , , , , , 
 , , , , , , , , , , , 
 , , , , , , , , , , , 
 , , , , , , , , , , , 
 , , , , , , , , , , , 
 , , , , , , , , , , , 
 , , , , , , , , , , , 
 , , , , , , , , , , , 
 , , , , , , , , , , , 
 , , , , , , , , , , , 
 , , , , , , , , , , , 
 , , , , , , , , , , , 
 , , , , , , , , , , , 
 , , , , , , , , , , , 
 , , , , , , , , , , , 
 , , , , , , , , , , , 
 , , , , , , , , , , , 
 , , , , , , , , , , , 
 , , , , , , , , , , , 
 , , , , , , , , , , , 
 , , , , , , , , , , , 
 , , , , , , , , , , , 
United States,83.668618,14.40417966,2.54627E+13,15.57583427,19.74383479,8.002799821,75.64113524,3.611,76398.59174,34.16400544,1.060704983
 , , , , , , , , , , , 
 , , , , , , , , , , , 
 , , , , , , , , , , , 
 , , , , , , , , , , , 
 , , , , , , , , , , , 
 , , , , , , , , , , , 
 , , , , , , , , , , , 
 , , , , , , , , , , , 
 , , , , , , , , , , , 
 , , , , , , , , , , , 
 , , , , , , , , , , , 
 , , , , , , , , , , , 
 , , , , , , , , , , , 
 , , , , , , , , , , , 
 , , , , , , , , , , , 
 , , , , , , , , , , , 
 , , , , , , , , , , , 
 , , , , , , , , , , , 
 , , , , , , , , , , , 
 , , , , , , , , , , , 
 , , , , , , , , , , , 
 , , , , , , , , , , , 
Uruguay,60.960204,15.36615753,71177146197,8.530693463,17.58281213,9.104379831,63.17341244,7.841,20795.04235,19.42341391,7.271275646
 , , , , , , , , , , , 
 , , , , , , , , , , , 
 , , , , , , , , , , , 
 , , , , , , , , , , , 
 , , , , , , , , , , , 
 , , , , , , , , , , , 
 , , , , , , , , , , , 
 , , , , , , , , , , , 
 , , , , , , , , , , , 
 , , , , , , , , , , , 
 , , , , , , , , , , , 
 , , , , , , , , , , , 
 , , , , , , , , , , , 
 , , , , , , , , , , , 
 , , , , , , , , , , , 
 , , , , , , , , , , , 
 , , , , , , , , , , , 
 , , , , , , , , , , , 
 , , , , , , , , , , , 
 , , , , , , , , , , , 
 , , , , , , , , , , , 
 , , , , , , , , , , , 
Uzbekistan,65.602968,21.85101891,80391853885,5.090767567,31.0946843,11.4466437,38.1687951,6.006,2255.151155,80.02169728,23.46539478
 , , , , , , , , , , , 
 , , , , , , , , , , , 
 , , , , , , , , , , , 
 , , , , , , , , , , , 
 , , , , , , , , , , , 
 , , , , , , , , , , , 
 , , , , , , , , , , , 
 , , , , , , , , , , , 
 , , , , , , , , , , , 
 , , , , , , , , , , , 
 , , , , , , , , , , , 
 , , , , , , , , , , , 
 , , , , , , , , , , , 
 , , , , , , , , , , , 
 , , , , , , , , , , , 
 , , , , , , , , , , , 
 , , , , , , , , , , , 
 , , , , , , , , , , , 
 , , , , , , , , , , , 
 , , , , , , , , , , , 
 , , , , , , , , , , , 
 , , , , , , , , , , , 
Vanuatu,60.588982,22.47008354,983582864.6,3.499415318,9.251260982,2.511178263,61.8216155,2.089,3010.292173,26.80393765,21.81276837
 , , , , , , , , , , , 
 , , , , , , , , , , , 
 , , , , , , , , , , , 
 , , , , , , , , , , , 
 , , , , , , , , , , , 
 , , , , , , , , , , , 
 , , , , , , , , , , , 
 , , , , , , , , , , , 
 , , , , , , , , , , , 
 , , , , , , , , , , , 
 , , , , , , , , , , , 
 , , , , , , , , , , , 
 , , , , , , , , , , , 
 , , , , , , , , , , , 
 , , , , , , , , , , , 
 , , , , , , , , , , , 
 , , , , , , , , , , , 
 , , , , , , , , , , , 
 , , , , , , , , , , , 
 , , , , , , , , , , , 
 , , , , , , , , , , , 
 , , , , , , , , , , , 
"Venezuela, RB",31.532608,18.57977327,2.4523E+11,6.005379416,47.05470357,72.74028896,41.75802612,5.328,8664.839127,31.03086015,4.424233113
 , , , , , , , , , , , 
 , , , , , , , , , , , 
 , , , , , , , , , , , 
 , , , , , , , , , , , 
 , , , , , , , , , , , 
 , , , , , , , , , , , 
 , , , , , , , , , , , 
 , , , , , , , , , , , 
 , , , , , , , , , , , 
 , , , , , , , , , , , 
 , , , , , , , , , , , 
 , , , , , , , , , , , 
 , , , , , , , , , , , 
 , , , , , , , , , , , 
 , , , , , , , , , , , 
 , , , , , , , , , , , 
 , , , , , , , , , , , 
 , , , , , , , , , , , 
 , , , , , , , , , , , 
 , , , , , , , , , , , 
 , , , , , , , , , , , 
 , , , , , , , , , , , 
Vietnam,66.64131,15.44934464,4.08802E+11,4.416428612,38.25927361,3.1565075,41.33622368,1.923,4163.5143,296.9025352,11.87710793
 , , , , , , , , , , , 
 , , , , , , , , , , , 
 , , , , , , , , , , , 
 , , , , , , , , , , , 
 , , , , , , , , , , , 
 , , , , , , , , , , , 
 , , , , , , , , , , , 
 , , , , , , , , , , , 
 , , , , , , , , , , , 
 , , , , , , , , , , , 
 , , , , , , , , , , , 
 , , , , , , , , , , , 
 , , , , , , , , , , , 
 , , , , , , , , , , , 
 , , , , , , , , , , , 
 , , , , , , , , , , , 
 , , , , , , , , , , , 
 , , , , , , , , , , , 
 , , , , , , , , , , , 
 , , , , , , , , , , , 
 , , , , , , , , , , , 
 , , , , , , , , , , , 
Virgin Islands (U.S.),0,0,4004210526,0,0,0,0,12.382,37985.92703,301.18,0
 , , , , , , , , , , , 
 , , , , , , , , , , , 
 , , , , , , , , , , , 
 , , , , , , , , , , , 
 , , , , , , , , , , , 
 , , , , , , , , , , , 
 , , , , , , , , , , , 
 , , , , , , , , , , , 
 , , , , , , , , , , , 
 , , , , , , , , , , , 
 , , , , , , , , , , , 
 , , , , , , , , , , , 
 , , , , , , , , , , , 
 , , , , , , , , , , , 
 , , , , , , , , , , , 
 , , , , , , , , , , , 
 , , , , , , , , , , , 
 , , , , , , , , , , , 
 , , , , , , , , , , , 
 , , , , , , , , , , , 
 , , , , , , , , , , , 
 , , , , , , , , , , , 
West Bank and Gaza,57.71581,16.88926811,19111900000,0,19.10197022,2.534824936,59.43477929,25.724,3789.327966,837.8093023,8.387658652
 , , , , , , , , , , , 
 , , , , , , , , , , , 
 , , , , , , , , , , , 
 , , , , , , , , , , , 
 , , , , , , , , , , , 
 , , , , , , , , , , , 
 , , , , , , , , , , , 
 , , , , , , , , , , , 
 , , , , , , , , , , , 
 , , , , , , , , , , , 
 , , , , , , , , , , , 
 , , , , , , , , , , , 
 , , , , , , , , , , , 
 , , , , , , , , , , , 
 , , , , , , , , , , , 
 , , , , , , , , , , , 
 , , , , , , , , , , , 
 , , , , , , , , , , , 
 , , , , , , , , , , , 
 , , , , , , , , , , , 
 , , , , , , , , , , , 
 , , , , , , , , , , , 
"Yemen, Rep.",32.668556,19.97123178,24749915342,5.199994773,38.52936701,11.11398204,31.51291714,13.59,734.4926509,63.822971,12.94645461
 , , , , , , , , , , , 
 , , , , , , , , , , , 
 , , , , , , , , , , , 
 , , , , , , , , , , , 
 , , , , , , , , , , , 
 , , , , , , , , , , , 
 , , , , , , , , , , , 
 , , , , , , , , , , , 
 , , , , , , , , , , , 
 , , , , , , , , , , , 
 , , , , , , , , , , , 
 , , , , , , , , , , , 
 , , , , , , , , , , , 
 , , , , , , , , , , , 
 , , , , , , , , , , , 
 , , , , , , , , , , , 
 , , , , , , , , , , , 
 , , , , , , , , , , , 
 , , , , , , , , , , , 
 , , , , , , , , , , , 
 , , , , , , , , , , , 
 , , , , , , , , , , , 
Zambia,63.517218,10.44781399,29784454056,5.200251568,33.83345524,10.99320392,57.98837212,6.131,1487.907764,26.59767343,3.388657957
 , , , , , , , , , , ,
 , , , , , , , , , , , 
 , , , , , , , , , , , 
 , , , , , , , , , , , 
 , , , , , , , , , , , 
 , , , , , , , , , , , 
 , , , , , , , , , , , 
 , , , , , , , , , , , 
 , , , , , , , , , , , 
 , , , , , , , , , , , 
 , , , , , , , , , , , 
 , , , , , , , , , , , 
 , , , , , , , , , , , 
 , , , , , , , , , , , 
 , , , , , , , , , , , 
 , , , , , , , , , , , 
 , , , , , , , , , , , 
 , , , , , , , , , , , 
 , , , , , , , , , , , 
 , , , , , , , , , , , 
 , , , , , , , , , , , 
 , , , , , , , , , , , 
Zimbabwe,49.833418,22.83798472,20678055598,6.704906527,26.2049445,104.7051706,57.8249272,7.945,1266.996031,41.76614034,12.06954309